2030,1836917,[1146*5],,,
1750,1412842,[1146*5],,,
1310,446779,[1146*5],,,
1990,1795227,[1146*5],,,
2120,1933225,[1146*5],,,
2200,2000363,[1146*5],,,
2100,1909425,[1146*5],,,
1910,1685612,[1146*5],,,
2080,1885462,[1146*5],,,
2120,1933113,[1146*5],,,
2160,1954527,[1146*5],,,
2060,1871776,[1146*5],,,
2030,1830106,[1146*5],,,
1700,1365272,[1146*5],,,
2240,2044335,[1146*5],,,
2000,1816751,[1146*5],,,
2170,1960154,[1146*5],,,
1680,1294341,[1146*5],,,
1990,1798365,[1146*5],,,
2020,1824543,[1146*5],,,
2170,1969019,[1146*5],,,
2050,1848147,[1146*5],,,
2180,1977552,[1146*5],,,
1870,1617198,[1146*5],,,
1990,1796910,[1146*5],,,
2020,1831239,[1146*5],,,
1680,1293801,[1146*5],,,
1910,1679394,[1146*5],,,
1610,1600268,[1146*5],,,
2180,1993631,[1146*5],,,
2210,2002236,[1146*5],,,
1910,1682925,[1146*5],,,
1980,1787266,[1146*5],,,
2060,1859370,[1146*5],,,
1580,882506,[1146*5],,,
2170,1975687,[1146*5],,,
2200,2009431,[1146*5],,,
2060,1872590,[1146*5],,,
2250,2042056,[1146*5],,,
2100,1913712,[1146*5],,,
2050,1851204,[1146*5],,,
2080,1886683,[1146*5],,,
1990,1800625,[1146*5],,,
2050,1839558,[1146*5],,,
1570,847947,[1146*5],,,
1670,1249323,[1146*5],,,
2090,1898628,[1146*5],,,
1940,1756242,[1146*5],,,
1910,1692171,[1146*5],,,
2040,1857294,[1146*5],,,
1440,758192,[1146*5],,,
2240,2035361,[1146*5],,,
2160,1961552,[1146*5],,,
2000,1820793,[1146*5],,,
2020,1823334,[1146*5],,,
1440,719387,[1146*5],,,
1740,1403555,[1146*5],,,
1930,1739533,[1146*5],,,
1350,509060,[1146*5],,,
1770,1446634,[1146*5],,,
1560,1520931,[1146*5],,,
2180,1995612,[1146*5],,,
2200,2001461,[1146*5],,,
2080,1885102,[1146*5],,,
2000,1898596,[1146*5],,,
1870,1615474,[1146*5],,,
2100,1902416,[1146*5],,,
2050,1848922,[1146*5],,,
2240,2045302,[1146*5],,,
1310,443635,[1146*5],,,
2170,1964026,[1146*5],,,
1940,1754179,[1146*5],,,
1600,982279,[1146*5],,,
2140,1946892,[1146*5],,,
1350,505273,[1146*5],,,
1680,1287839,[1146*5],,,
1350,492652,[1146*5],,,
1870,1605445,[1146*5],,,
1910,1675218,[1146*5],,,
2060,1873313,[1146*5],,,
1390,636444,[1146*5],,,
1580,2041291,[1146*5],,,
2020,1828155,[1146*5],,,
1990,1871305,[1146*5],,,
1860,1597253,[1146*5],,,
1920,1721643,[1146*5],,,
2180,1987968,[1146*5],,,
1510,745142,[1146*5],,,
2020,1828918,[1146*5],,,
1630,1098397,[1146*5],,,
1790,1484631,[1146*5],,,
1800,1498739,[1146*5],,,
2050,1840026,[1146*5],,,
2240,2039973,[1146*5],,,
1680,1274516,[1146*5],,,
1730,1387146,[1146*5],,,
2160,1972397,[1146*5],,,
2190,1984014,[1146*5],,,
1550,806787,[1146*5],,,
2020,1823806,[1146*5],,,
1440,1390714,[1146*5],,,
1270,309817,[1146*5],,,
1960,1772783,[1146*5],,,
1620,1056761,[1146*5],,,
1310,437228,[1146*5],,,
1930,1738316,[1146*5],,,
1910,1680956,[1146*5],,,
2000,1812926,[1146*5],,,
1310,539126,[1146*5],,,
1640,1117991,[1146*5],,,
1950,1763315,[1146*5],,,
1690,1338336,[1146*5],,,
2080,1888882,[1146*5],,,
1270,286780,[1146*5],,,
1970,1778408,[1146*5],,,
1910,1686142,[1146*5],,,
1910,1691320,[1146*5],,,
2040,1856006,[1146*5],,,
1930,1742859,[1146*5],,,
2220,2015227,[1146*5],,,
2010,1805816,[1146*5],,,
2060,1875424,[1146*5],,,
2040,1851736,[1146*5],,,
2180,1993857,[1146*5],,,
1270,242251,[1146*5],,,
1910,1667050,[1146*5],,,
1420,698459,[1146*5],,,
2000,1816212,[1146*5],,,
1510,765217,[1146*5],,,
2030,1834053,[1146*5],,,
2140,1947586,[1146*5],,,
1940,1754098,[1146*5],,,
2170,1955906,[1146*5],,,
2070,1872435,[1146*5],,,
2220,2026670,[1146*5],,,
1950,1758751,[1146*5],,,
2210,2001601,[1146*5],,,
1660,1216548,[1146*5],,,
1650,1182870,[1146*5],,,
1630,1087822,[1146*5],,,
1310,444288,[1146*5],,,
1920,1725642,[1146*5],,,
1740,1400398,[1146*5],,,
1950,1765872,[1146*5],,,
1910,1704982,[1146*5],,,
1800,1506342,[1146*5],,,
1970,1784451,[1146*5],,,
1910,1700528,[1146*5],,,
1910,1680680,[1146*5],,,
1970,1776214,[1146*5],,,
2070,1873423,[1146*5],,,
2140,1947537,[1146*5],,,
2220,2014906,[1146*5],,,
1910,1692708,[1146*5],,,
1460,726172,[1146*5],,,
2150,1935351,[1146*5],,,
1510,739341,[1146*5],,,
1620,1033409,[1146*5],,,
2100,1911784,[1146*5],,,
2000,1815944,[1146*5],,,
1910,1699803,[1146*5],,,
2120,1922840,[1146*5],,,
1560,817712,[1146*5],,,
2240,2034771,[1146*5],,,
1630,1097815,[1146*5],,,
2040,1858566,[1146*5],,,
2240,2038872,[1146*5],,,
2150,1941768,[1146*5],,,
2100,1908872,[1146*5],,,
1460,722648,[1146*5],,,
2030,1832303,[1146*5],,,
1170,59624,[1146*5],,,
2140,1953238,[1146*5],,,
2220,2025452,[1146*5],,,
2150,1945435,[1146*5],,,
1600,962136,[1146*5],,,
1580,876122,[1146*5],,,
1990,1795782,[1146*5],,,
2020,1818750,[1146*5],,,
1780,1471395,[1146*5],,,
1880,1619578,[1146*5],,,
2160,1973176,[1146*5],,,
2130,1925269,[1146*5],,,
1600,970294,[1146*5],,,
1640,1110731,[1146*5],,,
1940,1748742,[1146*5],,,
2160,1957464,[1146*5],,,
2170,1961304,[1146*5],,,
1910,1696224,[1146*5],,,
1600,972102,[1146*5],,,
2090,1891725,[1146*5],,,
2110,1908894,[1146*5],,,
1770,1443537,[1146*5],,,
1960,1768712,[1146*5],,,
1600,980666,[1146*5],,,
1600,970257,[1146*5],,,
1620,1035861,[1146*5],,,
1910,1665314,[1146*5],,,
2250,2035410,[1146*5],,,
1980,1785936,[1146*5],,,
2190,1982131,[1146*5],,,
2250,2042558,[1146*5],,,
2240,2045382,[1146*5],,,
2020,1831818,[1146*5],,,
2050,1852583,[1146*5],,,
2020,1827340,[1146*5],,,
1350,1819150,[1146*5],,,
1620,1032906,[1146*5],,,
1970,1776059,[1146*5],,,
2020,1822560,[1146*5],,,
2050,1840854,[1146*5],,,
2070,1869583,[1146*5],,,
2240,2039501,[1146*5],,,
2150,1936950,[1146*5],,,
1980,1785190,[1146*5],,,
2180,1991201,[1146*5],,,
2240,2041396,[1146*5],,,
2020,1828080,[1146*5],,,
1580,902181,[1146*5],,,
2050,1846925,[1146*5],,,
1540,797200,[1146*5],,,
2140,1947289,[1146*5],,,
1890,1640143,[1146*5],,,
1650,1175372,[1146*5],,,
1760,1428272,[1146*5],,,
2060,1866792,[1146*5],,,
1980,1786846,[1146*5],,,
1690,1306230,[1146*5],,,
1970,1774490,[1146*5],,,
2250,2048104,[1146*5],,,
1390,636561,[1146*5],,,
1990,1797063,[1146*5],,,
2180,2039602,[1146*5],,,
1170,376937,[1146*5],,,
2150,1954020,[1146*5],,,
2240,2041374,[1146*5],,,
2140,1951088,[1146*5],,,
2160,1959043,[1146*5],,,
2150,1951673,[1146*5],,,
2060,1863804,[1146*5],,,
1420,698438,[1146*5],,,
1920,1724566,[1146*5],,,
1350,545453,[1146*5],,,
1530,787357,[1146*5],,,
2140,1937294,[1146*5],,,
2180,1982616,[1146*5],,,
1930,1730009,[1146*5],,,
1800,1503753,[1146*5],,,
2120,1927128,[1146*5],,,
2250,2043706,[1146*5],,,
1910,1664433,[1146*5],,,
2040,1839927,[1146*5],,,
2170,1968355,[1146*5],,,
2130,1926570,[1146*5],,,
2040,1854202,[1146*5],,,
1940,1754826,[1146*5],,,
1860,1597706,[1146*5],,,
1740,1402680,[1146*5],,,
2020,1824386,[1146*5],,,
1890,1637075,[1146*5],,,
1350,482182,[1146*5],,,
2080,1880396,[1146*5],,,
2170,1962460,[1146*5],,,
1870,1617929,[1146*5],,,
2020,1821314,[1146*5],,,
2000,1816640,[1146*5],,,
1970,1774108,[1146*5],,,
1870,1617462,[1146*5],,,
2170,1954916,[1146*5],,,
2150,1943170,[1146*5],,,
2190,1992310,[1146*5],,,
1640,1119318,[1146*5],,,
2160,1967368,[1146*5],,,
1390,628828,[1146*5],,,
2150,1952433,[1146*5],,,
2140,1937090,[1146*5],,,
1800,1499583,[1146*5],,,
2120,1921219,[1146*5],,,
2050,1848346,[1146*5],,,
2040,1855268,[1146*5],,,
1660,1206373,[1146*5],,,
1400,675986,[1146*5],,,
2030,1829810,[1146*5],,,
1910,1689844,[1146*5],,,
1590,932778,[1146*5],,,
1960,1770972,[1146*5],,,
1980,1789915,[1146*5],,,
2230,2020979,[1146*5],,,
2250,2042951,[1146*5],,,
1870,1611682,[1146*5],,,
2130,1918229,[1146*5],,,
1910,1693415,[1146*5],,,
2120,1931983,[1146*5],,,
2060,1859846,[1146*5],,,
1510,746359,[1146*5],,,
1910,1677375,[1146*5],,,
1870,1608434,[1146*5],,,
1970,1780523,[1146*5],,,
1440,708303,[1146*5],,,
1990,1800478,[1146*5],,,
1590,922164,[1146*5],,,
2100,1907966,[1146*5],,,
1390,608621,[1146*5],,,
2250,2032459,[1146*5],,,
1600,976006,[1146*5],,,
2050,1852792,[1146*5],,,
1510,761063,[1146*5],,,
2220,2016881,[1146*5],,,
2220,2028990,[1146*5],,,
2020,1819462,[1146*5],,,
2100,1904974,[1146*5],,,
1990,1798679,[1146*5],,,
2180,1977126,[1146*5],,,
2100,1902862,[1146*5],,,
2140,1953058,[1146*5],,,
1970,1781473,[1146*5],,,
2240,2033955,[1146*5],,,
2240,2036089,[1146*5],,,
2020,1837528,[1146*5],,,
2200,2004478,[1146*5],,,
2050,1838359,[1146*5],,,
1440,702219,[1146*5],,,
2200,1997361,[1146*5],,,
1610,1122682,[1146*5],,,
1780,1462714,[1146*5],,,
2100,1907244,[1146*5],,,
2210,2012258,[1146*5],,,
2100,1911423,[1146*5],,,
2140,1950516,[1146*5],,,
1770,1444940,[1146*5],,,
2240,2037755,[1146*5],,,
2000,1808473,[1146*5],,,
2140,1949425,[1146*5],,,
1580,900043,[1146*5],,,
2220,2014321,[1146*5],,,
2240,2043365,[1146*5],,,
1670,1234131,[1146*5],,,
2050,1839401,[1146*5],,,
1270,251902,[1146*5],,,
1900,1657269,[1146*5],,,
1820,1524971,[1146*5],,,
2200,2006923,[1146*5],,,
1390,634557,[1146*5],,,
2160,1958482,[1146*5],,,
2240,2038151,[1146*5],,,
1910,1674322,[1146*5],,,
1990,1797937,[1146*5],,,
1910,1701892,[1146*5],,,
1910,1704045,[1146*5],,,
1400,676408,[1146*5],,,
1580,893255,[1146*5],,,
2020,1820494,[1146*5],,,
1750,1408558,[1146*5],,,
2030,1818559,[1146*5],,,
2100,1903338,[1146*5],,,
2220,2013054,[1146*5],,,
1310,435202,[1146*5],,,
1510,746885,[1146*5],,,
2180,1988219,[1146*5],,,
1390,647299,[1146*5],,,
2240,2037117,[1146*5],,,
2060,1989179,[1146*5],,,
2170,1966857,[1146*5],,,
1960,1769700,[1146*5],,,
1590,932769,[1146*5],,,
2240,2041228,[1146*5],,,
1910,1691506,[1146*5],,,
2180,1981474,[1146*5],,,
1440,709612,[1146*5],,,
2140,1935894,[1146*5],,,
1910,1680617,[1146*5],,,
1680,1267258,[1146*5],,,
2220,2018205,[1146*5],,,
2220,2026111,[1146*5],,,
2050,1858667,[1146*5],,,
2180,1982516,[1146*5],,,
1650,1184984,[1146*5],,,
1900,1651527,[1146*5],,,
1910,1674905,[1146*5],,,
1900,1657975,[1146*5],,,
1510,749587,[1146*5],,,
2070,1868220,[1146*5],,,
2080,1878216,[1146*5],,,
1350,481645,[1146*5],,,
2190,1992522,[1146*5],,,
1910,1692183,[1146*5],,,
2070,1873950,[1146*5],,,
2050,1849063,[1146*5],,,
2220,2020305,[1146*5],,,
1550,804137,[1146*5],,,
2050,1839437,[1146*5],,,
2060,1864588,[1146*5],,,
1690,1320521,[1146*5],,,
1640,1125373,[1146*5],,,
2160,1961990,[1146*5],,,
1920,1719544,[1146*5],,,
1940,1751382,[1146*5],,,
1990,1798978,[1146*5],,,
2250,2032954,[1146*5],,,
2180,1992982,[1146*5],,,
1420,2296364,[1146*5],,,
2240,2047512,[1146*5],,,
1420,679023,[1146*5],,,
1510,1046276,[1146*5],,,
2060,1860202,[1146*5],,,
2200,2001094,[1146*5],,,
1910,1692220,[1146*5],,,
2080,1912209,[1146*5],,,
1690,1337263,[1146*5],,,
2090,1881157,[1146*5],,,
2160,1957866,[1146*5],,,
1950,1766376,[1146*5],,,
1910,1702558,[1146*5],,,
1920,1725933,[1146*5],,,
1730,1391689,[1146*5],,,
1350,477227,[1146*5],,,
1990,1793918,[1146*5],,,
1830,1551809,[1146*5],,,
1310,1533979,[1146*5],,,
1460,732114,[1146*5],,,
1640,1108781,[1146*5],,,
1590,942575,[1146*5],,,
1970,1774853,[1146*5],,,
1670,1240826,[1146*5],,,
1870,1609720,[1146*5],,,
2240,2064629,[1146*5],,,
2180,1989724,[1146*5],,,
1600,967114,[1146*5],,,
1620,1025383,[1146*5],,,
2230,2030797,[1146*5],,,
2220,2018588,[1146*5],,,
2070,1871673,[1146*5],,,
2200,2007933,[1146*5],,,
1680,1266800,[1146*5],,,
2180,1984821,[1146*5],,,
1510,738472,[1146*5],,,
1730,1385659,[1146*5],,,
1990,1799708,[1146*5],,,
1780,1465303,[1146*5],,,
2250,2039189,[1146*5],,,
2180,1989676,[1146*5],,,
1750,1542005,[1146*5],,,
1800,1498662,[1146*5],,,
2190,1991758,[1146*5],,,
2220,2026389,[1146*5],,,
1440,702137,[1146*5],,,
2090,1890371,[1146*5],,,
1760,1435684,[1146*5],,,
1800,1512066,[1146*5],,,
1650,1170011,[1146*5],,,
1270,341556,[1146*5],,,
2050,1854270,[1146*5],,,
2180,1987742,[1146*5],,,
1990,1800623,[1146*5],,,
2140,1949469,[1146*5],,,
1680,1301304,[1146*5],,,
2250,2038682,[1146*5],,,
1610,1016870,[1146*5],,,
1960,1766734,[1146*5],,,
1270,326409,[1146*5],,,
1660,1206917,[1146*5],,,
2180,1994541,[1146*5],,,
2050,1839650,[1146*5],,,
1640,1118952,[1146*5],,,
1610,1498065,[1146*5],,,
2150,1939892,[1146*5],,,
1650,1160014,[1146*5],,,
1510,758184,[1146*5],,,
2140,1952973,[1146*5],,,
2070,1877069,[1146*5],,,
1460,727817,[1146*5],,,
1930,1741330,[1146*5],,,
1930,1734372,[1146*5],,,
1910,1671123,[1146*5],,,
2140,1947803,[1146*5],,,
1950,1762065,[1146*5],,,
2240,2047114,[1146*5],,,
2240,2033900,[1146*5],,,
2240,2050389,[1146*5],,,
1910,1668389,[1146*5],,,
2020,1827776,[1146*5],,,
2200,1998880,[1146*5],,,
1390,655664,[1146*5],,,
1700,1351220,[1146*5],,,
2050,1844579,[1146*5],,,
1650,1182769,[1146*5],,,
1910,1684309,[1146*5],,,
2060,1861071,[1146*5],,,
1540,796825,[1146*5],,,
2140,1936819,[1146*5],,,
1390,632818,[1146*5],,,
2070,1876348,[1146*5],,,
2060,1870108,[1146*5],,,
2250,2041504,[1146*5],,,
2120,1919994,[1146*5],,,
2140,1952423,[1146*5],,,
2220,2027035,[1146*5],,,
1660,1208303,[1146*5],,,
1930,1734199,[1146*5],,,
1310,1454488,[1146*5],,,
2160,1968801,[1146*5],,,
2050,1846857,[1146*5],,,
1600,976987,[1146*5],,,
2050,1848388,[1146*5],,,
1910,1676896,[1146*5],,,
1610,983541,[1146*5],,,
1930,1741984,[1146*5],,,
2020,1822948,[1146*5],,,
1570,856134,[1146*5],,,
2040,1852667,[1146*5],,,
2020,1835030,[1146*5],,,
2170,1958612,[1146*5],,,
1870,1608953,[1146*5],,,
2140,1949834,[1146*5],,,
2050,1840975,[1146*5],,,
1850,1585299,[1146*5],,,
2220,2024878,[1146*5],,,
2220,2023985,[1146*5],,,
1550,808778,[1146*5],,,
1910,1703438,[1146*5],,,
2240,2033596,[1146*5],,,
2020,1833171,[1146*5],,,
1510,760556,[1146*5],,,
1990,1792380,[1146*5],,,
2240,2046172,[1146*5],,,
2240,2035125,[1146*5],,,
1810,1518451,[1146*5],,,
2110,1915938,[1146*5],,,
2060,1863260,[1146*5],,,
1570,836937,[1146*5],,,
1700,1341582,[1146*5],,,
2200,2007198,[1146*5],,,
2180,1980397,[1146*5],,,
1170,193736,[1146*5],,,
1910,1670149,[1146*5],,,
1990,1798377,[1146*5],,,
1310,404504,[1146*5],,,
2140,1947448,[1146*5],,,
2160,1956123,[1146*5],,,
2090,1881575,[1146*5],,,
2100,1911036,[1146*5],,,
1910,1688100,[1146*5],,,
2060,1859066,[1146*5],,,
1930,1742323,[1146*5],,,
2100,1909974,[1146*5],,,
2140,1950106,[1146*5],,,
1690,1330271,[1146*5],,,
1510,776280,[1146*5],,,
2180,1980183,[1146*5],,,
1970,1776031,[1146*5],,,
1910,1680403,[1146*5],,,
2080,1890933,[1146*5],,,
1620,1091677,[1146*5],,,
2190,1978896,[1146*5],,,
2030,1832668,[1146*5],,,
1390,649436,[1146*5],,,
2150,1950637,[1146*5],,,
2200,2010650,[1146*5],,,
2200,1999457,[1146*5],,,
2020,1836206,[1146*5],,,
1530,792735,[1146*5],,,
1400,662121,[1146*5],,,
2050,1844009,[1146*5],,,
1920,1711870,[1146*5],,,
1420,689440,[1146*5],,,
1950,1762526,[1146*5],,,
2220,2021345,[1146*5],,,
1910,1930686,[1146*5],,,
1730,1389583,[1146*5],,,
1390,583713,[1146*5],,,
1940,1749233,[1146*5],,,
1910,1701793,[1146*5],,,
2160,1966472,[1146*5],,,
1640,1128900,[1146*5],,,
2140,1940534,[1146*5],,,
1590,930888,[1146*5],,,
1350,528958,[1146*5],,,
2060,1874116,[1146*5],,,
1980,1789833,[1146*5],,,
2030,1831715,[1146*5],,,
1780,1467057,[1146*5],,,
1270,255480,[1146*5],,,
1690,1326460,[1146*5],,,
2120,1927115,[1146*5],,,
2040,1848268,[1146*5],,,
1660,1203849,[1146*5],,,
1420,684485,[1146*5],,,
1910,1679729,[1146*5],,,
1980,1785155,[1146*5],,,
2220,2026334,[1146*5],,,
2120,1918224,[1146*5],,,
1690,1338056,[1146*5],,,
2120,1919156,[1146*5],,,
1730,1389444,[1146*5],,,
2180,1981482,[1146*5],,,
2100,1915719,[1146*5],,,
1680,1275751,[1146*5],,,
2180,1989431,[1146*5],,,
1630,1098187,[1146*5],,,
1940,1753770,[1146*5],,,
2100,1899538,[1146*5],,,
1350,501472,[1146*5],,,
1800,1501869,[1146*5],,,
2050,1856858,[1146*5],,,
2210,1997440,[1146*5],,,
2090,1887183,[1146*5],,,
1670,1234179,[1146*5],,,
1850,1587714,[1146*5],,,
2200,2006367,[1146*5],,,
2140,1945199,[1146*5],,,
1910,1691499,[1146*5],,,
1970,1775917,[1146*5],,,
1600,1744438,[1146*5],,,
2190,1984741,[1146*5],,,
1310,447961,[1146*5],,,
2250,2042845,[1146*5],,,
2020,1837043,[1146*5],,,
2050,1851014,[1146*5],,,
1390,638175,[1146*5],,,
2250,2042537,[1146*5],,,
2160,1963913,[1146*5],,,
1610,1003865,[1146*5],,,
2020,1832767,[1146*5],,,
1920,1724328,[1146*5],,,
1440,700587,[1146*5],,,
1460,722115,[1146*5],,,
2220,2024642,[1146*5],,,
1910,1679064,[1146*5],,,
1600,963161,[1146*5],,,
2170,1965458,[1146*5],,,
2140,1949635,[1146*5],,,
1870,1612225,[1146*5],,,
1350,505529,[1146*5],,,
2020,1825309,[1146*5],,,
2070,1876565,[1146*5],,,
2080,1896707,[1146*5],,,
1310,420292,[1146*5],,,
2020,1817843,[1146*5],,,
1990,1796753,[1146*5],,,
1440,702288,[1146*5],,,
1310,404498,[1146*5],,,
2050,1838463,[1146*5],,,
1910,1682188,[1146*5],,,
1850,1580872,[1146*5],,,
2240,2038638,[1146*5],,,
2220,2019221,[1146*5],,,
2240,2048254,[1146*5],,,
1390,622227,[1146*5],,,
1400,664762,[1146*5],,,
1700,1349473,[1146*5],,,
2030,1822498,[1146*5],,,
2240,2043002,[1146*5],,,
1400,1975889,[1146*5],,,
2150,1944035,[1146*5],,,
1170,61822,[1146*5],,,
1950,1760527,[1146*5],,,
2040,1857936,[1146*5],,,
1870,1607189,[1146*5],,,
1660,1207640,[1146*5],,,
2160,1970681,[1146*5],,,
2200,2005221,[1146*5],,,
1460,733605,[1146*5],,,
1940,1754270,[1146*5],,,
2220,2022242,[1146*5],,,
2170,1958397,[1146*5],,,
2220,2019400,[1146*5],,,
2100,1911594,[1146*5],,,
2000,1801888,[1146*5],,,
2220,2019479,[1146*5],,,
1440,888326,[1146*5],,,
2210,2005622,[1146*5],,,
2150,1944869,[1146*5],,,
1170,156491,[1146*5],,,
1270,237300,[1146*5],,,
2180,1986830,[1146*5],,,
2100,1902025,[1146*5],,,
2240,2034486,[1146*5],,,
1910,1690025,[1146*5],,,
2130,1917783,[1146*5],,,
2120,1931241,[1146*5],,,
2170,1965996,[1146*5],,,
2220,2018574,[1146*5],,,
2110,1900096,[1146*5],,,
2030,1830412,[1146*5],,,
1870,1604737,[1146*5],,,
2060,1875911,[1146*5],,,
1580,897448,[1146*5],,,
2120,1926129,[1146*5],,,
1530,790359,[1146*5],,,
2230,2014275,[1146*5],,,
2090,1898807,[1146*5],,,
2020,1825752,[1146*5],,,
2020,1836380,[1146*5],,,
2040,1850746,[1146*5],,,
2140,1935081,[1146*5],,,
2120,1928083,[1146*5],,,
1940,1751138,[1146*5],,,
1680,1270750,[1146*5],,,
2060,1869389,[1146*5],,,
2100,1901032,[1146*5],,,
2240,2044000,[1146*5],,,
1270,230128,[1146*5],,,
2150,1953924,[1146*5],,,
2240,2043794,[1146*5],,,
2160,1966002,[1146*5],,,
2140,1952403,[1146*5],,,
2050,1849815,[1146*5],,,
1760,1437547,[1146*5],,,
2210,2009388,[1146*5],,,
1510,763812,[1146*5],,,
1510,756364,[1146*5],,,
2070,1869611,[1146*5],,,
2030,1819585,[1146*5],,,
2170,1955177,[1146*5],,,
1910,1685161,[1146*5],,,
2190,1983918,[1146*5],,,
2220,2016776,[1146*5],,,
2050,1840709,[1146*5],,,
1630,1086523,[1146*5],,,
2220,2015745,[1146*5],,,
1690,1311749,[1146*5],,,
1970,1780346,[1146*5],,,
1910,1688751,[1146*5],,,
2240,2049656,[1146*5],,,
2160,1958110,[1146*5],,,
1770,1443930,[1146*5],,,
2220,2022931,[1146*5],,,
1390,593518,[1146*5],,,
1310,611264,[1146*5],,,
1270,251786,[1146*5],,,
1570,845230,[1146*5],,,
2050,1838541,[1146*5],,,
2140,1938659,[1146*5],,,
2110,1911032,[1146*5],,,
1570,831696,[1146*5],,,
2220,2014085,[1146*5],,,
1930,1730283,[1146*5],,,
2080,1882606,[1146*5],,,
2060,1861446,[1146*5],,,
1910,1690458,[1146*5],,,
1550,807341,[1146*5],,,
1910,1676971,[1146*5],,,
2020,1824096,[1146*5],,,
2030,1836914,[1146*5],,,
2140,1942297,[1146*5],,,
2250,2033144,[1146*5],,,
2250,2031342,[1146*5],,,
1660,1223203,[1146*5],,,
1870,1604948,[1146*5],,,
2170,1969680,[1146*5],,,
1910,1691108,[1146*5],,,
1840,1565625,[1146*5],,,
2020,1833183,[1146*5],,,
1910,1699892,[1146*5],,,
2080,1893454,[1146*5],,,
1570,1429964,[1146*5],,,
1620,1475274,[1146*5],,,
1920,1718536,[1146*5],,,
1550,811005,[1146*5],,,
1580,860911,[1146*5],,,
2070,1868642,[1146*5],,,
2000,1819983,[1146*5],,,
1700,1345197,[1146*5],,,
2090,1882100,[1146*5],,,
2150,1949711,[1146*5],,,
1540,796382,[1146*5],,,
2240,2050219,[1146*5],,,
2060,1865429,[1146*5],,,
1350,498831,[1146*5],,,
2240,2043868,[1146*5],,,
2220,2025747,[1146*5],,,
2010,1805166,[1146*5],,,
2140,1936522,[1146*5],,,
1560,818233,[1146*5],,,
2130,1923399,[1146*5],,,
2140,1946519,[1146*5],,,
1400,670174,[1146*5],,,
1310,611117,[1146*5],,,
2170,1961395,[1146*5],,,
1920,1726803,[1146*5],,,
2240,2046580,[1146*5],,,
1350,478420,[1146*5],,,
1920,1714058,[1146*5],,,
1850,1573948,[1146*5],,,
1970,1777505,[1146*5],,,
1440,700400,[1146*5],,,
2110,1901588,[1146*5],,,
1910,1690464,[1146*5],,,
2050,1858177,[1146*5],,,
1730,1386912,[1146*5],,,
2080,1896213,[1146*5],,,
1690,1315886,[1146*5],,,
1880,1621402,[1146*5],,,
1930,1728701,[1146*5],,,
2110,1909132,[1146*5],,,
1910,1670383,[1146*5],,,
2060,1873240,[1146*5],,,
2080,1881428,[1146*5],,,
1920,1711899,[1146*5],,,
1680,1293387,[1146*5],,,
2070,1874859,[1146*5],,,
2120,1928996,[1146*5],,,
1460,729613,[1146*5],,,
2050,1858484,[1146*5],,,
2080,1890243,[1146*5],,,
2000,1816242,[1146*5],,,
1910,1700955,[1146*5],,,
2060,1870853,[1146*5],,,
2240,2050185,[1146*5],,,
2000,1802644,[1146*5],,,
2050,1838558,[1146*5],,,
1570,856238,[1146*5],,,
1930,1742167,[1146*5],,,
1680,1274922,[1146*5],,,
2160,1957092,[1146*5],,,
2160,1960391,[1146*5],,,
1920,1717901,[1146*5],,,
1920,1714476,[1146*5],,,
1930,1738073,[1146*5],,,
2180,1980769,[1146*5],,,
2000,1815010,[1146*5],,,
1170,137343,[1146*5],,,
2140,1937670,[1146*5],,,
2130,1917234,[1146*5],,,
2160,1974981,[1146*5],,,
1680,1263110,[1146*5],,,
2210,2001081,[1146*5],,,
2070,1870822,[1146*5],,,
1980,1785290,[1146*5],,,
2070,1860701,[1146*5],,,
1580,863101,[1146*5],,,
2100,1915411,[1146*5],,,
2020,1827039,[1146*5],,,
2050,1858451,[1146*5],,,
1910,1675327,[1146*5],,,
1910,1691722,[1146*5],,,
1910,1664390,[1146*5],,,
2160,1967680,[1146*5],,,
2200,1997934,[1146*5],,,
2220,2018251,[1146*5],,,
2020,1837526,[1146*5],,,
1970,1779421,[1146*5],,,
1420,689341,[1146*5],,,
2250,2032722,[1146*5],,,
1910,1686145,[1146*5],,,
1640,1115848,[1146*5],,,
1910,1701723,[1146*5],,,
1910,1676854,[1146*5],,,
2140,1939574,[1146*5],,,
2160,1977058,[1146*5],,,
2180,1992999,[1146*5],,,
1990,1794554,[1146*5],,,
1910,1694628,[1146*5],,,
1920,1714946,[1146*5],,,
2170,1956939,[1146*5],,,
1970,1779857,[1146*5],,,
2080,1881714,[1146*5],,,
2080,1897084,[1146*5],,,
2240,2036300,[1146*5],,,
2180,1984035,[1146*5],,,
2000,1816147,[1146*5],,,
2150,1948101,[1146*5],,,
2250,2050116,[1146*5],,,
2220,2028932,[1146*5],,,
1270,317987,[1146*5],,,
1570,832361,[1146*5],,,
2240,2040771,[1146*5],,,
2090,1892549,[1146*5],,,
2040,1852767,[1146*5],,,
2090,1888234,[1146*5],,,
2100,1912366,[1146*5],,,
1660,1217148,[1146*5],,,
1920,1709603,[1146*5],,,
2160,1970833,[1146*5],,,
1950,1765403,[1146*5],,,
2020,1836242,[1146*5],,,
1390,654477,[1146*5],,,
1970,1776712,[1146*5],,,
1270,326443,[1146*5],,,
2140,1948505,[1146*5],,,
1890,1631609,[1146*5],,,
2130,1922171,[1146*5],,,
1910,1665419,[1146*5],,,
1980,1785919,[1146*5],,,
2050,1840136,[1146*5],,,
2220,2018694,[1146*5],,,
1910,1690079,[1146*5],,,
2130,1932276,[1146*5],,,
2210,2000311,[1146*5],,,
2170,1955330,[1146*5],,,
1530,792508,[1146*5],,,
2080,1895929,[1146*5],,,
1810,1514930,[1146*5],,,
1910,1683585,[1146*5],,,
2050,1845800,[1146*5],,,
2240,2032275,[1146*5],,,
2250,2039775,[1146*5],,,
1960,1771098,[1146*5],,,
2180,1981414,[1146*5],,,
2000,1816611,[1146*5],,,
2020,1824556,[1146*5],,,
1690,1313731,[1146*5],,,
1530,786487,[1146*5],,,
2220,2026723,[1146*5],,,
2140,1950725,[1146*5],,,
1910,1700647,[1146*5],,,
1730,1387581,[1146*5],,,
2160,1956919,[1146*5],,,
2170,1965007,[1146*5],,,
1910,1688267,[1146*5],,,
2060,1861945,[1146*5],,,
1570,843149,[1146*5],,,
2060,1865621,[1146*5],,,
1960,1770550,[1146*5],,,
2160,1968482,[1146*5],,,
2100,1914439,[1146*5],,,
2160,1966991,[1146*5],,,
1790,1476362,[1146*5],,,
1610,1449729,[1146*5],,,
2100,1912389,[1146*5],,,
2020,1834415,[1146*5],,,
1940,1753067,[1146*5],,,
1640,1123348,[1146*5],,,
1560,814401,[1146*5],,,
1890,1637436,[1146*5],,,
2150,1940957,[1146*5],,,
2060,1869342,[1146*5],,,
2140,1935621,[1146*5],,,
2170,1965394,[1146*5],,,
2200,2002609,[1146*5],,,
2020,1819574,[1146*5],,,
1640,1116537,[1146*5],,,
1900,1742972,[1146*5],,,
1350,521817,[1146*5],,,
2100,1910352,[1146*5],,,
2130,1926867,[1146*5],,,
2130,1920944,[1146*5],,,
1170,48118,[1146*5],,,
2170,1964355,[1146*5],,,
2180,1982116,[1146*5],,,
2240,2037740,[1146*5],,,
1640,1136711,[1146*5],,,
2050,1852331,[1146*5],,,
1920,1707361,[1146*5],,,
2220,2024576,[1146*5],,,
2220,2023368,[1146*5],,,
2160,1958052,[1146*5],,,
2190,1979244,[1146*5],,,
2040,1851060,[1146*5],,,
1700,1341791,[1146*5],,,
1930,1739455,[1146*5],,,
1790,1479060,[1146*5],,,
1970,1780310,[1146*5],,,
2140,1949264,[1146*5],,,
1640,1128441,[1146*5],,,
2050,1843012,[1146*5],,,
2100,1914844,[1146*5],,,
1610,1008407,[1146*5],,,
2100,1903903,[1146*5],,,
1530,786836,[1146*5],,,
2180,1982928,[1146*5],,,
2000,1819917,[1146*5],,,
2190,1979713,[1146*5],,,
2050,1839765,[1146*5],,,
1420,698059,[1146*5],,,
1580,865899,[1146*5],,,
2120,1927360,[1146*5],,,
2180,1990281,[1146*5],,,
2180,1986801,[1146*5],,,
2180,1993532,[1146*5],,,
1970,1776796,[1146*5],,,
1980,1788539,[1146*5],,,
1930,1727116,[1146*5],,,
1950,1766610,[1146*5],,,
1900,1659804,[1146*5],,,
2170,1956459,[1146*5],,,
2020,1832306,[1146*5],,,
2080,1888670,[1146*5],,,
2220,2026475,[1146*5],,,
2240,2040909,[1146*5],,,
1630,1100494,[1146*5],,,
1990,1794276,[1146*5],,,
2140,1947739,[1146*5],,,
2100,1910517,[1146*5],,,
1940,1748403,[1146*5],,,
2170,1971266,[1146*5],,,
2230,2030950,[1146*5],,,
2190,1985225,[1146*5],,,
1690,1333511,[1146*5],,,
2020,1834165,[1146*5],,,
2120,1918157,[1146*5],,,
1910,1678301,[1146*5],,,
2170,1956019,[1146*5],,,
2100,1913962,[1146*5],,,
2150,1937645,[1146*5],,,
2150,1935568,[1146*5],,,
2170,1976824,[1146*5],,,
1660,1213167,[1146*5],,,
1580,900686,[1146*5],,,
1400,658722,[1146*5],,,
1910,1667277,[1146*5],,,
1910,1691007,[1146*5],,,
2220,2020365,[1146*5],,,
2150,1943060,[1146*5],,,
2220,2015899,[1146*5],,,
2050,1848221,[1146*5],,,
2050,1847465,[1146*5],,,
2060,1866560,[1146*5],,,
1910,1681497,[1146*5],,,
1420,678900,[1146*5],,,
1590,926130,[1146*5],,,
1950,1766407,[1146*5],,,
2000,1807908,[1146*5],,,
2050,1843355,[1146*5],,,
2240,2032438,[1146*5],,,
1960,1772072,[1146*5],,,
2170,1972989,[1146*5],,,
1600,974697,[1146*5],,,
2050,1839175,[1146*5],,,
1770,1455727,[1146*5],,,
2160,1968854,[1146*5],,,
2210,2006171,[1146*5],,,
1170,141130,[1146*5],,,
1170,116461,[1146*5],,,
2200,2010909,[1146*5],,,
2150,1945418,[1146*5],,,
2100,1904267,[1146*5],,,
1980,1790596,[1146*5],,,
1690,1319184,[1146*5],,,
2070,1863538,[1146*5],,,
1930,1734550,[1146*5],,,
2100,1910268,[1146*5],,,
2050,1844113,[1146*5],,,
2040,1839759,[1146*5],,,
2010,1813582,[1146*5],,,
1680,1289136,[1146*5],,,
1920,1717871,[1146*5],,,
2110,1900999,[1146*5],,,
1600,951357,[1146*5],,,
1510,745915,[1146*5],,,
1910,1690208,[1146*5],,,
2150,1953237,[1146*5],,,
2200,2007618,[1146*5],,,
1510,751054,[1146*5],,,
2100,1915689,[1146*5],,,
1990,1799525,[1146*5],,,
1840,1566009,[1146*5],,,
2070,1876537,[1146*5],,,
2170,1957227,[1146*5],,,
2160,1969723,[1146*5],,,
1660,1203438,[1146*5],,,
1780,1471554,[1146*5],,,
1950,1762016,[1146*5],,,
1420,695993,[1146*5],,,
1600,955191,[1146*5],,,
2060,1866909,[1146*5],,,
1590,927425,[1146*5],,,
1170,1662919,[1146*5],,,
1510,751283,[1146*5],,,
2050,1848078,[1146*5],,,
2030,1832967,[1146*5],,,
1440,709135,[1146*5],,,
1920,1713224,[1146*5],,,
1980,1783016,[1146*5],,,
2000,1802344,[1146*5],,,
1800,1490145,[1146*5],,,
2230,2012931,[1146*5],,,
2120,1927314,[1146*5],,,
1550,803729,[1146*5],,,
2030,1829557,[1146*5],,,
2060,1861815,[1146*5],,,
1440,707738,[1146*5],,,
1950,1759830,[1146*5],,,
1770,1448232,[1146*5],,,
2040,1838240,[1146*5],,,
2110,1916250,[1146*5],,,
1940,1749987,[1146*5],,,
1550,810691,[1146*5],,,
1920,1723514,[1146*5],,,
1600,967352,[1146*5],,,
2030,1829846,[1146*5],,,
1910,1677844,[1146*5],,,
2220,2016579,[1146*5],,,
1390,650824,[1146*5],,,
1590,925587,[1146*5],,,
1910,1685489,[1146*5],,,
2220,2023450,[1146*5],,,
2230,2018559,[1146*5],,,
2180,1994629,[1146*5],,,
1800,1491892,[1146*5],,,
1620,1054917,[1146*5],,,
2150,1944352,[1146*5],,,
2130,1924576,[1146*5],,,
1350,473382,[1146*5],,,
2240,2035000,[1146*5],,,
1940,1749556,[1146*5],,,
2140,1937902,[1146*5],,,
2030,1829853,[1146*5],,,
2240,2037669,[1146*5],,,
1880,1620329,[1146*5],,,
1840,1557820,[1146*5],,,
1680,1284318,[1146*5],,,
1270,315767,[1146*5],,,
1420,686984,[1146*5],,,
2050,1844997,[1146*5],,,
1790,1479533,[1146*5],,,
2140,1969955,[1146*5],,,
1350,493218,[1146*5],,,
1510,767571,[1146*5],,,
2020,1836282,[1146*5],,,
2170,1968684,[1146*5],,,
2160,1961570,[1146*5],,,
2200,2009607,[1146*5],,,
2020,1819561,[1146*5],,,
2200,2004700,[1146*5],,,
1270,242668,[1146*5],,,
2050,1838692,[1146*5],,,
2140,1939209,[1146*5],,,
2080,1880255,[1146*5],,,
2250,2041810,[1146*5],,,
2120,1918105,[1146*5],,,
2180,1980197,[1146*5],,,
1910,1702084,[1146*5],,,
2140,1939097,[1146*5],,,
2200,2006174,[1146*5],,,
1780,1460399,[1146*5],,,
1270,210410,[1146*5],,,
1670,1240848,[1146*5],,,
2140,1941833,[1146*5],,,
2050,1855976,[1146*5],,,
1900,1644726,[1146*5],,,
1850,1581422,[1146*5],,,
1510,1772356,[1146*5],,,
2050,1839377,[1146*5],,,
2180,1982440,[1146*5],,,
2140,1942219,[1146*5],,,
1570,829805,[1146*5],,,
1960,1771833,[1146*5],,,
1270,244947,[1146*5],,,
2240,2037725,[1146*5],,,
2050,1858487,[1146*5],,,
1440,700092,[1146*5],,,
2020,1817946,[1146*5],,,
1800,1500592,[1146*5],,,
1440,713328,[1146*5],,,
1950,1764587,[1146*5],,,
1890,1636873,[1146*5],,,
1870,1611460,[1146*5],,,
2140,1947826,[1146*5],,,
2200,2005641,[1146*5],,,
2130,1919739,[1146*5],,,
1640,1753580,[1146*5],,,
2140,1941286,[1146*5],,,
1310,426449,[1146*5],,,
1910,1681005,[1146*5],,,
2060,1859294,[1146*5],,,
1640,1118785,[1146*5],,,
2060,1863374,[1146*5],,,
1680,1274152,[1146*5],,,
1860,1598510,[1146*5],,,
1910,1668393,[1146*5],,,
1760,1432094,[1146*5],,,
2130,1931311,[1146*5],,,
2080,1881699,[1146*5],,,
2240,2032991,[1146*5],,,
1910,1695005,[1146*5],,,
2040,1854645,[1146*5],,,
2060,1863335,[1146*5],,,
2150,1953702,[1146*5],,,
2030,1820623,[1146*5],,,
1510,777226,[1146*5],,,
1970,1776628,[1146*5],,,
2180,1979954,[1146*5],,,
1920,1724751,[1146*5],,,
2240,2036186,[1146*5],,,
1510,743279,[1146*5],,,
2060,1871763,[1146*5],,,
2170,1956670,[1146*5],,,
1400,674478,[1146*5],,,
2210,2005409,[1146*5],,,
2190,1993221,[1146*5],,,
1930,1732184,[1146*5],,,
2240,2047825,[1146*5],,,
1610,987534,[1146*5],,,
1950,1761598,[1146*5],,,
1170,712300,[1146*5],,,
2060,1862081,[1146*5],,,
1670,1250905,[1146*5],,,
1460,734082,[1146*5],,,
1820,1531307,[1146*5],,,
1620,1589944,[1146*5],,,
1990,1800947,[1146*5],,,
2180,1981246,[1146*5],,,
2140,1936561,[1146*5],,,
2100,1904849,[1146*5],,,
2020,1837331,[1146*5],,,
1780,1457622,[1146*5],,,
2040,1840664,[1146*5],,,
1270,203350,[1146*5],,,
1910,1686775,[1146*5],,,
1910,1693151,[1146*5],,,
1570,848273,[1146*5],,,
1920,1715801,[1146*5],,,
2080,1881126,[1146*5],,,
2210,2001098,[1146*5],,,
1420,696969,[1146*5],,,
1800,1491145,[1146*5],,,
2100,1903594,[1146*5],,,
2220,2022662,[1146*5],,,
1860,1595704,[1146*5],,,
1550,1827129,[1146*5],,,
1560,812858,[1146*5],,,
1910,1677555,[1146*5],,,
2100,1913022,[1146*5],,,
2220,2024614,[1146*5],,,
2220,2025573,[1146*5],,,
1550,812322,[1146*5],,,
1920,1710112,[1146*5],,,
1440,703610,[1146*5],,,
1800,1501588,[1146*5],,,
1700,1362543,[1146*5],,,
2100,1907665,[1146*5],,,
2190,1995268,[1146*5],,,
2060,1874488,[1146*5],,,
1670,1248699,[1146*5],,,
2250,2032660,[1146*5],,,
2050,1839099,[1146*5],,,
1550,808605,[1146*5],,,
1590,936724,[1146*5],,,
2180,1979855,[1146*5],,,
2050,1856442,[1146*5],,,
1840,1559357,[1146*5],,,
1900,1644885,[1146*5],,,
2050,1856795,[1146*5],,,
2230,2022728,[1146*5],,,
1910,1672291,[1146*5],,,
1530,791779,[1146*5],,,
2220,2019886,[1146*5],,,
2120,1926312,[1146*5],,,
1930,1745768,[1146*5],,,
1530,2002170,[1146*5],,,
1760,1431689,[1146*5],,,
2180,1978825,[1146*5],,,
1310,423424,[1146*5],,,
2070,1870109,[1146*5],,,
2140,1946818,[1146*5],,,
1600,969622,[1146*5],,,
1640,1118246,[1146*5],,,
1980,1791477,[1146*5],,,
2120,1931626,[1146*5],,,
1950,1762709,[1146*5],,,
2240,2036880,[1146*5],,,
2070,1867814,[1146*5],,,
2090,1880477,[1146*5],,,
2050,1845670,[1146*5],,,
1900,1660540,[1146*5],,,
2020,1833057,[1146*5],,,
1690,1330408,[1146*5],,,
1910,1695377,[1146*5],,,
2220,2020138,[1146*5],,,
1570,837416,[1146*5],,,
1930,1745621,[1146*5],,,
1850,1574661,[1146*5],,,
2040,1855389,[1146*5],,,
1990,1799895,[1146*5],,,
2010,1804927,[1146*5],,,
1440,706162,[1146*5],,,
1350,488627,[1146*5],,,
1610,1379003,[1146*5],,,
1690,1328270,[1146*5],,,
1870,1608396,[1146*5],,,
1420,1634839,[1146*5],,,
2230,2025748,[1146*5],,,
2130,1917638,[1146*5],,,
2140,1938640,[1146*5],,,
1820,1525109,[1146*5],,,
2140,1938493,[1146*5],,,
2240,2041028,[1146*5],,,
2150,2104157,[1146*5],,,
2180,1992734,[1146*5],,,
2000,1814356,[1146*5],,,
1460,730875,[1146*5],,,
1540,799168,[1146*5],,,
2140,1938237,[1146*5],,,
1440,715759,[1146*5],,,
2220,2016777,[1146*5],,,
1390,653808,[1146*5],,,
2250,2033173,[1146*5],,,
2180,1980322,[1146*5],,,
2240,2033949,[1146*5],,,
2130,1922604,[1146*5],,,
2170,1963674,[1146*5],,,
2020,1821541,[1146*5],,,
1910,1674990,[1146*5],,,
2220,2019158,[1146*5],,,
2180,1992988,[1146*5],,,
1930,1733486,[1146*5],,,
1810,1516719,[1146*5],,,
2070,1869723,[1146*5],,,
1400,658208,[1146*5],,,
1910,1677255,[1146*5],,,
1990,1798862,[1146*5],,,
1310,425749,[1146*5],,,
1960,1768854,[1146*5],,,
1650,1169458,[1146*5],,,
2080,1884397,[1146*5],,,
1770,1454604,[1146*5],,,
2030,1827922,[1146*5],,,
2050,1845151,[1146*5],,,
2050,1851787,[1146*5],,,
1950,1763185,[1146*5],,,
1540,802452,[1146*5],,,
1910,1672352,[1146*5],,,
2040,1856951,[1146*5],,,
1550,810642,[1146*5],,,
1680,1263326,[1146*5],,,
1350,502032,[1146*5],,,
1980,1791329,[1146*5],,,
1960,1769711,[1146*5],,,
2220,2017598,[1146*5],,,
1460,725875,[1146*5],,,
1930,1746256,[1146*5],,,
2050,1858288,[1146*5],,,
2030,1824710,[1146*5],,,
2020,1831422,[1146*5],,,
1910,1675733,[1146*5],,,
2130,1919672,[1146*5],,,
2150,1952670,[1146*5],,,
1530,779569,[1146*5],,,
2170,1964436,[1146*5],,,
2120,1931740,[1146*5],,,
2220,2025055,[1146*5],,,
2200,2006949,[1146*5],,,
2160,1974675,[1146*5],,,
1960,1772081,[1146*5],,,
1920,1708230,[1146*5],,,
1170,20759,[1146*5],,,
1390,553488,[1146*5],,,
2020,1837298,[1146*5],,,
1570,836493,[1146*5],,,
1700,1343097,[1146*5],,,
2060,1863663,[1146*5],,,
1270,353005,[1146*5],,,
1760,1437554,[1146*5],,,
1910,1671353,[1146*5],,,
2240,2050051,[1146*5],,,
2220,2024817,[1146*5],,,
1310,451999,[1146*5],,,
2220,2017374,[1146*5],,,
1910,1679250,[1146*5],,,
2200,2008960,[1146*5],,,
1910,1669959,[1146*5],,,
2160,1968521,[1146*5],,,
2020,1825640,[1146*5],,,
1540,796456,[1146*5],,,
2160,1954114,[1146*5],,,
2210,2005416,[1146*5],,,
1840,1561890,[1146*5],,,
2180,1981137,[1146*5],,,
1760,1427871,[1146*5],,,
2240,2034068,[1146*5],,,
2060,1874779,[1146*5],,,
1270,383387,[1146*5],,,
1910,1694028,[1146*5],,,
1930,1738877,[1146*5],,,
1990,1798419,[1146*5],,,
1400,662926,[1146*5],,,
1600,967454,[1146*5],,,
1630,1081799,[1146*5],,,
1610,1003342,[1146*5],,,
2110,1901361,[1146*5],,,
1740,1395249,[1146*5],,,
2180,1980518,[1146*5],,,
1440,700562,[1146*5],,,
1620,1065590,[1146*5],,,
1910,1691088,[1146*5],,,
1580,884207,[1146*5],,,
1860,1592806,[1146*5],,,
2240,2042025,[1146*5],,,
2040,1847392,[1146*5],,,
2190,1990106,[1146*5],,,
1630,1076657,[1146*5],,,
2180,1978131,[1146*5],,,
2180,1981710,[1146*5],,,
2120,1920117,[1146*5],,,
1310,551036,[1146*5],,,
2070,1866160,[1146*5],,,
2060,1867035,[1146*5],,,
1900,1652516,[1146*5],,,
1910,1678334,[1146*5],,,
2050,1848951,[1146*5],,,
2110,1908984,[1146*5],,,
1630,1070678,[1146*5],,,
1660,1766862,[1146*5],,,
2110,1899290,[1146*5],,,
2060,1860503,[1146*5],,,
1920,1722717,[1146*5],,,
2240,2046393,[1146*5],,,
1950,1761868,[1146*5],,,
2140,1951363,[1146*5],,,
2080,1887229,[1146*5],,,
1950,1758859,[1146*5],,,
1920,1710613,[1146*5],,,
1650,1171829,[1146*5],,,
1910,1694137,[1146*5],,,
2230,2026057,[1146*5],,,
2120,1931041,[1146*5],,,
1950,1759535,[1146*5],,,
2120,1924014,[1146*5],,,
1910,1679748,[1146*5],,,
1420,682678,[1146*5],,,
2150,1941313,[1146*5],,,
1910,1669272,[1146*5],,,
1350,525752,[1146*5],,,
1910,1669757,[1146*5],,,
1550,806543,[1146*5],,,
2170,1965016,[1146*5],,,
2110,1908211,[1146*5],,,
1580,902507,[1146*5],,,
1920,1711770,[1146*5],,,
1630,1078219,[1146*5],,,
1810,1513796,[1146*5],,,
1930,1742047,[1146*5],,,
1560,813798,[1146*5],,,
2050,1840461,[1146*5],,,
1990,1799985,[1146*5],,,
2100,1906349,[1146*5],,,
1850,1583672,[1146*5],,,
1910,1702121,[1146*5],,,
1640,1105865,[1146*5],,,
1390,647146,[1146*5],,,
1990,1852088,[1146*5],,,
2220,2022517,[1146*5],,,
1770,1439670,[1146*5],,,
1570,830605,[1146*5],,,
2110,1905317,[1146*5],,,
2050,2041284,[1146*5],,,
2220,2026442,[1146*5],,,
1910,1668907,[1146*5],,,
1640,1136987,[1146*5],,,
1550,807904,[1146*5],,,
1600,954691,[1146*5],,,
2080,1893650,[1146*5],,,
1860,1610218,[1146*5],,,
2150,1937926,[1146*5],,,
1740,1395505,[1146*5],,,
1610,1019371,[1146*5],,,
1460,735344,[1146*5],,,
1640,1119188,[1146*5],,,
1550,806974,[1146*5],,,
2080,1888613,[1146*5],,,
2000,1808041,[1146*5],,,
1510,740862,[1146*5],,,
1350,481129,[1146*5],,,
1590,938135,[1146*5],,,
2040,1854697,[1146*5],,,
2020,1836497,[1146*5],,,
2020,1830660,[1146*5],,,
1620,1033108,[1146*5],,,
2200,2010736,[1146*5],,,
1910,1687417,[1146*5],,,
2160,1967047,[1146*5],,,
2040,1849269,[1146*5],,,
1400,675219,[1146*5],,,
1610,1600220,[1146*5],,,
1630,1100366,[1146*5],,,
1460,734505,[1146*5],,,
1550,812032,[1146*5],,,
2130,1920183,[1146*5],,,
2220,2028620,[1146*5],,,
2140,1939890,[1146*5],,,
1920,1712978,[1146*5],,,
1570,847121,[1146*5],,,
1560,820858,[1146*5],,,
1930,1743283,[1146*5],,,
1790,1474037,[1146*5],,,
1270,204176,[1146*5],,,
2200,1999290,[1146*5],,,
1650,1170193,[1146*5],,,
1800,1494082,[1146*5],,,
2190,1977254,[1146*5],,,
1670,1247489,[1146*5],,,
2250,2032046,[1146*5],,,
1270,279659,[1146*5],,,
2200,2001694,[1146*5],,,
1910,1688039,[1146*5],,,
1920,1722319,[1146*5],,,
2180,1991809,[1146*5],,,
1950,1765973,[1146*5],,,
2030,1825664,[1146*5],,,
1930,1738564,[1146*5],,,
1440,701616,[1146*5],,,
2080,1902239,[1146*5],,,
1530,781243,[1146*5],,,
1600,981638,[1146*5],,,
2220,2023776,[1146*5],,,
2200,2001560,[1146*5],,,
2100,1900569,[1146*5],,,
1270,293535,[1146*5],,,
2200,2004409,[1146*5],,,
1390,644504,[1146*5],,,
1950,1765183,[1146*5],,,
1970,1777257,[1146*5],,,
1910,1674267,[1146*5],,,
2200,2008113,[1146*5],,,
1910,1695398,[1146*5],,,
1910,1848010,[1146*5],,,
1590,917389,[1146*5],,,
2200,2003880,[1146*5],,,
2240,2050066,[1146*5],,,
2100,1927421,[1146*5],,,
1570,826624,[1146*5],,,
2160,1972162,[1146*5],,,
2050,1847492,[1146*5],,,
2070,1876611,[1146*5],,,
1310,460459,[1146*5],,,
2030,1829948,[1146*5],,,
1990,1792205,[1146*5],,,
1880,1623226,[1146*5],,,
1570,828024,[1146*5],,,
1940,1752298,[1146*5],,,
1770,1449287,[1146*5],,,
2190,1978509,[1146*5],,,
1390,654354,[1146*5],,,
1720,1384088,[1146*5],,,
2240,2033746,[1146*5],,,
1910,1672133,[1146*5],,,
2030,1831071,[1146*5],,,
1980,1784523,[1146*5],,,
1990,1794040,[1146*5],,,
2140,1939088,[1146*5],,,
1880,1626080,[1146*5],,,
2060,1864860,[1146*5],,,
2060,1861626,[1146*5],,,
1910,1676514,[1146*5],,,
1910,1666967,[1146*5],,,
1960,1766811,[1146*5],,,
2140,1948481,[1146*5],,,
2230,2028191,[1146*5],,,
1510,751937,[1146*5],,,
2000,1816447,[1146*5],,,
1900,1659697,[1146*5],,,
1510,759472,[1146*5],,,
1660,1195541,[1146*5],,,
1640,1137306,[1146*5],,,
1610,987237,[1146*5],,,
1910,1695348,[1146*5],,,
2170,1963349,[1146*5],,,
1620,1048318,[1146*5],,,
1740,1536207,[1146*5],,,
2220,2014799,[1146*5],,,
1630,2157213,[1146*5],,,
1930,1743610,[1146*5],,,
2020,1835044,[1146*5],,,
2170,1954624,[1146*5],,,
2030,1834847,[1146*5],,,
2250,2038768,[1146*5],,,
2160,1971347,[1146*5],,,
2120,1925028,[1146*5],,,
2050,1850069,[1146*5],,,
1740,1404956,[1146*5],,,
2090,1886773,[1146*5],,,
2180,1993558,[1146*5],,,
2170,1971306,[1146*5],,,
1960,1769892,[1146*5],,,
1660,1196451,[1146*5],,,
1740,1915709,[1146*5],,,
2120,1918472,[1146*5],,,
1310,403822,[1146*5],,,
1950,1759774,[1146*5],,,
2250,2031497,[1146*5],,,
2190,1985731,[1146*5],,,
2060,1874457,[1146*5],,,
1870,1615657,[1146*5],,,
1770,1438395,[1146*5],,,
1990,1803432,[1146*5],,,
1810,2054720,[1146*5],,,
2140,1946653,[1146*5],,,
2140,1944778,[1146*5],,,
2000,1807334,[1146*5],,,
1780,1473667,[1146*5],,,
1840,1560099,[1146*5],,,
2120,1922667,[1146*5],,,
1310,428963,[1146*5],,,
2020,1825733,[1146*5],,,
1950,1762844,[1146*5],,,
2040,1846113,[1146*5],,,
2230,2021035,[1146*5],,,
2140,1946236,[1146*5],,,
1910,1678423,[1146*5],,,
1170,70397,[1146*5],,,
2000,1810118,[1146*5],,,
2100,1909047,[1146*5],,,
1680,1270632,[1146*5],,,
1610,1007106,[1146*5],,,
1630,1101232,[1146*5],,,
1730,1391139,[1146*5],,,
2050,1843903,[1146*5],,,
2220,2014027,[1146*5],,,
1690,1319194,[1146*5],,,
2080,1879133,[1146*5],,,
1910,1676777,[1146*5],,,
1640,1110067,[1146*5],,,
1620,1029229,[1146*5],,,
1570,839892,[1146*5],,,
2050,1849954,[1146*5],,,
1950,1766411,[1146*5],,,
2230,2015479,[1146*5],,,
2140,1942335,[1146*5],,,
1590,934161,[1146*5],,,
1690,1326705,[1146*5],,,
1640,1111254,[1146*5],,,
1550,808679,[1146*5],,,
2250,2031236,[1146*5],,,
1390,656991,[1146*5],,,
2110,1908837,[1146*5],,,
1970,1781933,[1146*5],,,
1980,1785634,[1146*5],,,
2240,2049931,[1146*5],,,
1980,1783977,[1146*5],,,
2100,1913813,[1146*5],,,
1770,1450794,[1146*5],,,
1560,814282,[1146*5],,,
2060,1860873,[1146*5],,,
1990,1794383,[1146*5],,,
1730,1392643,[1146*5],,,
2070,1860215,[1146*5],,,
1350,465986,[1146*5],,,
1700,1364953,[1146*5],,,
2150,1950192,[1146*5],,,
2140,1935938,[1146*5],,,
1700,1362274,[1146*5],,,
1910,1703163,[1146*5],,,
2180,1986479,[1146*5],,,
1940,1750394,[1146*5],,,
2050,1848848,[1146*5],,,
2240,2031277,[1146*5],,,
2160,1968012,[1146*5],,,
1920,1723216,[1146*5],,,
2210,2003728,[1146*5],,,
1870,1605126,[1146*5],,,
2120,1922794,[1146*5],,,
2200,2008630,[1146*5],,,
2220,2030226,[1146*5],,,
2230,2012906,[1146*5],,,
1560,824161,[1146*5],,,
1970,1774242,[1146*5],,,
2220,2015362,[1146*5],,,
1650,1184848,[1146*5],,,
1310,455240,[1146*5],,,
2160,1970417,[1146*5],,,
2170,1971097,[1146*5],,,
2220,2022985,[1146*5],,,
1790,1475592,[1146*5],,,
2080,1890195,[1146*5],,,
2080,1894963,[1146*5],,,
1540,798582,[1146*5],,,
1750,1414989,[1146*5],,,
2240,2042550,[1146*5],,,
1900,1657550,[1146*5],,,
1910,1675767,[1146*5],,,
1610,985134,[1146*5],,,
1970,1776933,[1146*5],,,
1670,1228452,[1146*5],,,
1590,905050,[1146*5],,,
2160,1969157,[1146*5],,,
2040,1845229,[1146*5],,,
2200,1997474,[1146*5],,,
2180,1980953,[1146*5],,,
1640,1139081,[1146*5],,,
2220,2022625,[1146*5],,,
2240,2032400,[1146*5],,,
1650,1147754,[1146*5],,,
1910,1682353,[1146*5],,,
1970,1775609,[1146*5],,,
1720,1379394,[1146*5],,,
2020,1825419,[1146*5],,,
1510,755288,[1146*5],,,
2230,2013508,[1146*5],,,
1390,653314,[1146*5],,,
1910,1670961,[1146*5],,,
2080,1894076,[1146*5],,,
1780,1458737,[1146*5],,,
2170,1964729,[1146*5],,,
1560,816354,[1146*5],,,
2110,1903669,[1146*5],,,
1670,1232636,[1146*5],,,
2010,1803953,[1146*5],,,
2220,2014253,[1146*5],,,
1960,1772415,[1146*5],,,
1950,1758894,[1146*5],,,
1630,1080398,[1146*5],,,
1620,1036769,[1146*5],,,
2120,1933694,[1146*5],,,
1680,2073295,[1146*5],,,
2240,2035023,[1146*5],,,
2230,2023393,[1146*5],,,
2050,1839319,[1146*5],,,
1440,714451,[1146*5],,,
2020,1837132,[1146*5],,,
1510,758503,[1146*5],,,
2200,2002521,[1146*5],,,
1910,1689350,[1146*5],,,
2130,1930774,[1146*5],,,
2160,1958128,[1146*5],,,
1910,1669841,[1146*5],,,
2180,1978911,[1146*5],,,
1610,990195,[1146*5],,,
1620,1475436,[1146*5],,,
2190,1984652,[1146*5],,,
1510,750934,[1146*5],,,
2250,2039822,[1146*5],,,
1900,1648001,[1146*5],,,
2250,2044282,[1146*5],,,
1740,1782192,[1146*5],,,
1610,1600267,[1146*5],,,
1310,417330,[1146*5],,,
2140,1950329,[1146*5],,,
2180,1991307,[1146*5],,,
2020,1837547,[1146*5],,,
2240,2046735,[1146*5],,,
1570,842517,[1146*5],,,
2160,1967854,[1146*5],,,
1770,1448110,[1146*5],,,
2060,1870449,[1146*5],,,
1910,1671183,[1146*5],,,
1530,795479,[1146*5],,,
1700,1352863,[1146*5],,,
2190,1982905,[1146*5],,,
2240,2035605,[1146*5],,,
1990,1796062,[1146*5],,,
1390,579997,[1146*5],,,
2050,1854785,[1146*5],,,
1910,1682771,[1146*5],,,
1440,711717,[1146*5],,,
1400,1759599,[1146*5],,,
2090,1890677,[1146*5],,,
2100,1915489,[1146*5],,,
2040,1855302,[1146*5],,,
2140,1946023,[1146*5],,,
2170,1976350,[1146*5],,,
1640,1107595,[1146*5],,,
1640,1125089,[1146*5],,,
2080,1891382,[1146*5],,,
2210,2000343,[1146*5],,,
2240,2045300,[1146*5],,,
2250,2049445,[1146*5],,,
1950,1762499,[1146*5],,,
2180,1980214,[1146*5],,,
1750,1413218,[1146*5],,,
2150,1934770,[1146*5],,,
2240,2048122,[1146*5],,,
2250,2035567,[1146*5],,,
1960,1770038,[1146*5],,,
2220,2014904,[1146*5],,,
2100,1914546,[1146*5],,,
1620,1052403,[1146*5],,,
2130,1931958,[1146*5],,,
2240,2033088,[1146*5],,,
1820,1534369,[1146*5],,,
2160,1960096,[1146*5],,,
1510,744882,[1146*5],,,
2220,2022157,[1146*5],,,
1580,860604,[1146*5],,,
1910,1683439,[1146*5],,,
2180,1990662,[1146*5],,,
1620,1036088,[1146*5],,,
1830,1553448,[1146*5],,,
2090,1910499,[1146*5],,,
2220,2024148,[1146*5],,,
2160,1967136,[1146*5],,,
2180,1989385,[1146*5],,,
1570,839591,[1146*5],,,
1740,1399763,[1146*5],,,
1980,1785823,[1146*5],,,
2240,2037819,[1146*5],,,
2000,1828124,[1146*5],,,
1880,1618569,[1146*5],,,
1930,1744737,[1146*5],,,
2240,2046662,[1146*5],,,
2220,2019188,[1146*5],,,
2160,1960125,[1146*5],,,
2200,2000064,[1146*5],,,
2160,1956630,[1146*5],,,
2020,1819156,[1146*5],,,
2180,1986203,[1146*5],,,
1680,1411470,[1146*5],,,
1390,587213,[1146*5],,,
1400,669117,[1146*5],,,
1970,1776517,[1146*5],,,
2000,1802062,[1146*5],,,
2030,1829212,[1146*5],,,
1680,1728713,[1146*5],,,
1710,1366301,[1146*5],,,
1820,1523708,[1146*5],,,
2080,1885134,[1146*5],,,
1540,803161,[1146*5],,,
1960,1770034,[1146*5],,,
2020,1818640,[1146*5],,,
2250,2048902,[1146*5],,,
2200,1997576,[1146*5],,,
2170,2103062,[1146*5],,,
2050,1840347,[1146*5],,,
2220,2028241,[1146*5],,,
1770,1439133,[1146*5],,,
2080,1880165,[1146*5],,,
1170,33068,[1146*5],,,
1530,788507,[1146*5],,,
2180,1993887,[1146*5],,,
1560,813185,[1146*5],,,
1950,1764750,[1146*5],,,
1270,225126,[1146*5],,,
1910,1696577,[1146*5],,,
1560,826058,[1146*5],,,
2160,1967441,[1146*5],,,
1310,1898444,[1146*5],,,
1620,1044041,[1146*5],,,
1860,1599763,[1146*5],,,
1420,680719,[1146*5],,,
1610,1006426,[1146*5],,,
2030,1830776,[1146*5],,,
2060,1863777,[1146*5],,,
2200,2000093,[1146*5],,,
2140,1936554,[1146*5],,,
2250,2041983,[1146*5],,,
1910,1675539,[1146*5],,,
2190,1985907,[1146*5],,,
1990,1800163,[1146*5],,,
1690,1336837,[1146*5],,,
1600,976213,[1146*5],,,
1350,509200,[1146*5],,,
1580,892844,[1146*5],,,
1760,1426736,[1146*5],,,
2050,1848973,[1146*5],,,
2090,1893008,[1146*5],,,
1170,90949,[1146*5],,,
1700,1343503,[1146*5],,,
1530,793910,[1146*5],,,
2040,1854113,[1146*5],,,
1830,1554365,[1146*5],,,
1980,1790041,[1146*5],,,
2180,1980190,[1146*5],,,
1700,1341338,[1146*5],,,
1580,883745,[1146*5],,,
2060,1860332,[1146*5],,,
2000,1816912,[1146*5],,,
1310,435541,[1146*5],,,
1980,1785014,[1146*5],,,
2240,2045684,[1146*5],,,
2050,1849335,[1146*5],,,
2130,1925854,[1146*5],,,
2050,1842010,[1146*5],,,
2140,1969867,[1146*5],,,
1940,1749494,[1146*5],,,
1460,723455,[1146*5],,,
2020,1825763,[1146*5],,,
2020,1836451,[1146*5],,,
1910,1681968,[1146*5],,,
2200,2002523,[1146*5],,,
1650,1184593,[1146*5],,,
2180,1989100,[1146*5],,,
2090,1886669,[1146*5],,,
1620,1034437,[1146*5],,,
2120,1922983,[1146*5],,,
1460,728049,[1146*5],,,
1780,1470025,[1146*5],,,
2050,1844393,[1146*5],,,
2020,1832595,[1146*5],,,
2000,1809121,[1146*5],,,
1890,1641011,[1146*5],,,
2060,1860771,[1146*5],,,
2150,1944032,[1146*5],,,
2190,1979892,[1146*5],,,
2080,1880834,[1146*5],,,
2020,1825655,[1146*5],,,
1830,1549992,[1146*5],,,
2050,1839066,[1146*5],,,
2200,1999319,[1146*5],,,
2030,1832005,[1146*5],,,
1910,1678814,[1146*5],,,
1910,1705255,[1146*5],,,
1780,1458376,[1146*5],,,
2100,1906907,[1146*5],,,
1420,698839,[1146*5],,,
1170,57229,[1146*5],,,
1990,2107484,[1146*5],,,
1600,963548,[1146*5],,,
2020,1835152,[1146*5],,,
2080,1887918,[1146*5],,,
1270,234956,[1146*5],,,
1390,595147,[1146*5],,,
2000,1823923,[1146*5],,,
1930,1729681,[1146*5],,,
1350,495723,[1146*5],,,
2170,1967987,[1146*5],,,
1690,1330486,[1146*5],,,
2180,1981491,[1146*5],,,
2120,1919365,[1146*5],,,
2220,2014469,[1146*5],,,
1980,1788198,[1146*5],,,
2080,1878675,[1146*5],,,
1870,1612064,[1146*5],,,
2200,1997764,[1146*5],,,
1910,1684125,[1146*5],,,
2190,1995498,[1146*5],,,
1270,342804,[1146*5],,,
1910,1693418,[1146*5],,,
2220,2013339,[1146*5],,,
2160,1964924,[1146*5],,,
1910,1695640,[1146*5],,,
1750,1420345,[1146*5],,,
2180,1994417,[1146*5],,,
2140,1940895,[1146*5],,,
1960,1768276,[1146*5],,,
2090,1887579,[1146*5],,,
1980,1786173,[1146*5],,,
1580,867602,[1146*5],,,
1950,1762906,[1146*5],,,
2050,1851727,[1146*5],,,
1570,858493,[1146*5],,,
1980,1785587,[1146*5],,,
1420,694544,[1146*5],,,
2180,1981526,[1146*5],,,
2160,1976029,[1146*5],,,
1920,1713743,[1146*5],,,
1920,1716122,[1146*5],,,
2170,1965383,[1146*5],,,
1510,740893,[1146*5],,,
1660,1192602,[1146*5],,,
2160,1973039,[1146*5],,,
2180,1979887,[1146*5],,,
2010,1809433,[1146*5],,,
2050,1840072,[1146*5],,,
1750,2302718,[1146*5],,,
2050,1847569,[1146*5],,,
2250,2042212,[1146*5],,,
1920,1719226,[1146*5],,,
2160,1967109,[1146*5],,,
1880,1626988,[1146*5],,,
1690,1305688,[1146*5],,,
2120,1931393,[1146*5],,,
2050,1848348,[1146*5],,,
1910,1694456,[1146*5],,,
2050,1858572,[1146*5],,,
1660,1204765,[1146*5],,,
2240,2045792,[1146*5],,,
1620,1047495,[1146*5],,,
1910,1684016,[1146*5],,,
2180,1993772,[1146*5],,,
1790,1479132,[1146*5],,,
2020,1831826,[1146*5],,,
2160,1957486,[1146*5],,,
1930,1738506,[1146*5],,,
1580,896761,[1146*5],,,
1620,1027702,[1146*5],,,
1540,802123,[1146*5],,,
2180,1983981,[1146*5],,,
1960,1769560,[1146*5],,,
1910,1701950,[1146*5],,,
2240,2045829,[1146*5],,,
2050,1843922,[1146*5],,,
2000,1807073,[1146*5],,,
1400,664475,[1146*5],,,
2100,1908192,[1146*5],,,
1650,1145182,[1146*5],,,
2040,1856578,[1146*5],,,
2050,1841382,[1146*5],,,
2100,1914742,[1146*5],,,
1800,1494474,[1146*5],,,
1900,1660372,[1146*5],,,
1610,1791257,[1146*5],,,
1930,1735066,[1146*5],,,
1310,452114,[1146*5],,,
1170,29838,[1146*5],,,
1790,1475721,[1146*5],,,
1930,1737231,[1146*5],,,
1990,1796965,[1146*5],,,
1910,1684901,[1146*5],,,
2050,1841735,[1146*5],,,
1910,1702982,[1146*5],,,
1390,654343,[1146*5],,,
2080,1878505,[1146*5],,,
1970,1777719,[1146*5],,,
2240,2045113,[1146*5],,,
2220,2027199,[1146*5],,,
2180,1991761,[1146*5],,,
2160,1954286,[1146*5],,,
2030,1830392,[1146*5],,,
2060,1868907,[1146*5],,,
2020,1826440,[1146*5],,,
2160,1963228,[1146*5],,,
1900,1644728,[1146*5],,,
2180,1979680,[1146*5],,,
2050,1838916,[1146*5],,,
2250,2031235,[1146*5],,,
2170,1977114,[1146*5],,,
2160,1968753,[1146*5],,,
2080,1886422,[1146*5],,,
2140,1943358,[1146*5],,,
1580,871502,[1146*5],,,
2020,1821646,[1146*5],,,
2240,2037161,[1146*5],,,
2200,2011013,[1146*5],,,
1980,1787278,[1146*5],,,
1660,1338222,[1146*5],,,
1990,1793288,[1146*5],,,
1870,1615593,[1146*5],,,
1910,1690689,[1146*5],,,
1700,1958056,[1146*5],,,
1390,652409,[1146*5],,,
2130,1923348,[1146*5],,,
2240,2041681,[1146*5],,,
2050,1853508,[1146*5],,,
1390,651024,[1146*5],,,
2160,1968855,[1146*5],,,
1910,1699955,[1146*5],,,
1620,1066068,[1146*5],,,
2090,1894935,[1146*5],,,
1170,28358,[1146*5],,,
1910,1681111,[1146*5],,,
1610,988594,[1146*5],,,
1970,1778773,[1146*5],,,
2240,2045690,[1146*5],,,
2150,1938277,[1146*5],,,
1870,1608186,[1146*5],,,
1910,1691203,[1146*5],,,
2170,1956210,[1146*5],,,
1930,1745554,[1146*5],,,
2240,2046679,[1146*5],,,
2240,2036805,[1146*5],,,
1910,1675158,[1146*5],,,
2020,1820612,[1146*5],,,
1980,1783629,[1146*5],,,
2160,1960070,[1146*5],,,
2020,1826151,[1146*5],,,
1910,1697892,[1146*5],,,
1620,1045257,[1146*5],,,
2100,1907670,[1146*5],,,
1940,1756757,[1146*5],,,
2240,2046229,[1146*5],,,
1390,610865,[1146*5],,,
1620,1049757,[1146*5],,,
2040,1844633,[1146*5],,,
1940,1755747,[1146*5],,,
2150,1940733,[1146*5],,,
2140,1951916,[1146*5],,,
1910,1696619,[1146*5],,,
2060,1876531,[1146*5],,,
2190,1980202,[1146*5],,,
1610,2142971,[1146*5],,,
1940,1748525,[1146*5],,,
2040,1838561,[1146*5],,,
2020,1827433,[1146*5],,,
1670,1244103,[1146*5],,,
1680,1638699,[1146*5],,,
2100,1914287,[1146*5],,,
2250,2032122,[1146*5],,,
2100,1910340,[1146*5],,,
1910,1689377,[1146*5],,,
1440,705871,[1146*5],,,
2180,1985115,[1146*5],,,
1650,1157153,[1146*5],,,
1930,1743167,[1146*5],,,
2110,1899179,[1146*5],,,
1930,1731905,[1146*5],,,
2160,1955625,[1146*5],,,
1900,1664142,[1146*5],,,
1560,818761,[1146*5],,,
2170,1959956,[1146*5],,,
2020,1831007,[1146*5],,,
1680,1298336,[1146*5],,,
2250,2032108,[1146*5],,,
1890,1639388,[1146*5],,,
1610,989938,[1146*5],,,
1920,1723774,[1146*5],,,
2180,1983907,[1146*5],,,
2080,1892844,[1146*5],,,
2170,1971443,[1146*5],,,
2240,2047904,[1146*5],,,
2040,1854489,[1146*5],,,
1880,1629637,[1146*5],,,
2050,1838925,[1146*5],,,
1980,1787018,[1146*5],,,
1940,1753456,[1146*5],,,
1400,675419,[1146*5],,,
1760,1431978,[1146*5],,,
1510,775130,[1146*5],,,
2140,1951576,[1146*5],,,
2050,1838798,[1146*5],,,
2170,1976461,[1146*5],,,
2100,1903836,[1146*5],,,
1970,1777597,[1146*5],,,
2140,1948785,[1146*5],,,
2050,1852911,[1146*5],,,
1170,189201,[1146*5],,,
2020,1834557,[1146*5],,,
1170,64100,[1146*5],,,
2140,1949030,[1146*5],,,
1810,1511948,[1146*5],,,
1680,1292282,[1146*5],,,
2180,1977882,[1146*5],,,
1960,1771746,[1146*5],,,
1690,1337478,[1146*5],,,
2190,1979182,[1146*5],,,
2240,2048014,[1146*5],,,
1420,688052,[1146*5],,,
1590,910279,[1146*5],,,
2140,1937659,[1146*5],,,
2210,2005685,[1146*5],,,
2160,1955761,[1146*5],,,
2180,1982449,[1146*5],,,
2130,1921419,[1146*5],,,
1700,1362601,[1146*5],,,
1530,783433,[1146*5],,,
2200,2004639,[1146*5],,,
1170,167496,[1146*5],,,
2100,1902448,[1146*5],,,
2080,1881652,[1146*5],,,
2140,1949931,[1146*5],,,
2090,1888497,[1146*5],,,
2220,2026431,[1146*5],,,
2140,1969987,[1146*5],,,
2120,1931437,[1146*5],,,
2240,2044601,[1146*5],,,
1930,1739669,[1146*5],,,
2000,1822369,[1146*5],,,
1580,878282,[1146*5],,,
2020,1827510,[1146*5],,,
2160,1967314,[1146*5],,,
2200,2006578,[1146*5],,,
2190,1991332,[1146*5],,,
1590,906785,[1146*5],,,
1610,1015290,[1146*5],,,
1690,1318167,[1146*5],,,
1310,1866023,[1146*5],,,
2180,1993013,[1146*5],,,
1640,1108418,[1146*5],,,
1990,1803466,[1146*5],,,
1670,1257601,[1146*5],,,
1570,833939,[1146*5],,,
1570,834589,[1146*5],,,
1510,763686,[1146*5],,,
1910,1678338,[1146*5],,,
1270,1741080,[1146*5],,,
1590,906848,[1146*5],,,
2000,1801664,[1146*5],,,
2040,1854726,[1146*5],,,
2170,1963017,[1146*5],,,
2060,1869040,[1146*5],,,
1920,1715792,[1146*5],,,
2210,1996316,[1146*5],,,
1650,1155422,[1146*5],,,
2090,1880880,[1146*5],,,
2080,1892403,[1146*5],,,
2090,1894071,[1146*5],,,
1700,1364285,[1146*5],,,
1640,1123111,[1146*5],,,
2050,1841558,[1146*5],,,
1800,1490972,[1146*5],,,
1640,1133173,[1146*5],,,
2100,1901479,[1146*5],,,
1270,405253,[1146*5],,,
2040,1846106,[1146*5],,,
1390,641790,[1146*5],,,
2250,2031967,[1146*5],,,
1990,1799081,[1146*5],,,
1780,1479465,[1146*5],,,
1540,798866,[1146*5],,,
2190,1977679,[1146*5],,,
1980,1790117,[1146*5],,,
2170,1954934,[1146*5],,,
2040,1857483,[1146*5],,,
1610,1016051,[1146*5],,,
2220,2027461,[1146*5],,,
1780,1472727,[1146*5],,,
2120,1919651,[1146*5],,,
1980,1788118,[1146*5],,,
1910,1665164,[1146*5],,,
1770,1451707,[1146*5],,,
2150,1952222,[1146*5],,,
1970,1780842,[1146*5],,,
2090,1878599,[1146*5],,,
1630,1099477,[1146*5],,,
1170,115852,[1146*5],,,
1350,476118,[1146*5],,,
2170,1971884,[1146*5],,,
1940,1749654,[1146*5],,,
1690,1320582,[1146*5],,,
1800,1499246,[1146*5],,,
1860,1595933,[1146*5],,,
1170,146505,[1146*5],,,
2200,2007169,[1146*5],,,
2240,2045372,[1146*5],,,
1700,1346877,[1146*5],,,
2020,1835003,[1146*5],,,
1570,1383908,[1146*5],,,
2140,1951991,[1146*5],,,
1680,1270386,[1146*5],,,
2120,2018551,[1146*5],,,
2240,2039330,[1146*5],,,
1690,1315692,[1146*5],,,
1580,860439,[1146*5],,,
1800,1630904,[1146*5],,,
2220,2017151,[1146*5],,,
1980,1789780,[1146*5],,,
1570,827568,[1146*5],,,
1950,1766059,[1146*5],,,
2060,1861042,[1146*5],,,
2240,2041285,[1146*5],,,
2100,1906520,[1146*5],,,
1920,1722012,[1146*5],,,
2220,2018461,[1146*5],,,
2160,1974556,[1146*5],,,
2110,1916846,[1146*5],,,
1790,1479815,[1146*5],,,
1580,883275,[1146*5],,,
2050,1844461,[1146*5],,,
2240,2041745,[1146*5],,,
2040,1854208,[1146*5],,,
1790,1479160,[1146*5],,,
1890,1632916,[1146*5],,,
2200,2007318,[1146*5],,,
2100,1912906,[1146*5],,,
2030,2024948,[1146*5],,,
2130,1928664,[1146*5],,,
1760,1423022,[1146*5],,,
1910,1686533,[1146*5],,,
1420,680601,[1146*5],,,
1510,777545,[1146*5],,,
1170,118271,[1146*5],,,
1540,801858,[1146*5],,,
2240,2035289,[1146*5],,,
2200,1996585,[1146*5],,,
1420,693710,[1146*5],,,
1530,786116,[1146*5],,,
2180,1986074,[1146*5],,,
2250,2042487,[1146*5],,,
2130,1922400,[1146*5],,,
2060,1866107,[1146*5],,,
2180,1977375,[1146*5],,,
1670,1241758,[1146*5],,,
2080,1880704,[1146*5],,,
2040,1839696,[1146*5],,,
2160,1973952,[1146*5],,,
1570,827844,[1146*5],,,
2050,1844785,[1146*5],,,
1680,1279052,[1146*5],,,
1910,1697717,[1146*5],,,
1170,155728,[1146*5],,,
2210,2002035,[1146*5],,,
2100,1906851,[1146*5],,,
2180,1988397,[1146*5],,,
1910,1678363,[1146*5],,,
1440,718194,[1146*5],,,
2150,1950965,[1146*5],,,
1680,1290417,[1146*5],,,
1600,973456,[1146*5],,,
2040,1855384,[1146*5],,,
1910,1683944,[1146*5],,,
1170,464194,[1146*5],,,
1900,1663420,[1146*5],,,
2140,1952557,[1146*5],,,
1560,819973,[1146*5],,,
1990,1795204,[1146*5],,,
2240,2046179,[1146*5],,,
2160,1971723,[1146*5],,,
1460,734424,[1146*5],,,
2240,2035931,[1146*5],,,
1550,810675,[1146*5],,,
2230,2016816,[1146*5],,,
2210,1996314,[1146*5],,,
1770,1440955,[1146*5],,,
2100,1915779,[1146*5],,,
2000,1810621,[1146*5],,,
1270,240062,[1146*5],,,
1660,1204533,[1146*5],,,
1910,1665801,[1146*5],,,
2120,1919374,[1146*5],,,
2240,2036821,[1146*5],,,
2220,2026345,[1146*5],,,
2230,2023988,[1146*5],,,
2250,2034728,[1146*5],,,
1840,1565298,[1146*5],,,
2050,1856975,[1146*5],,,
2080,1887745,[1146*5],,,
1910,1694380,[1146*5],,,
1910,1698669,[1146*5],,,
2180,1981324,[1146*5],,,
1810,1509599,[1146*5],,,
2110,1905292,[1146*5],,,
1860,1589336,[1146*5],,,
1840,1569761,[1146*5],,,
1990,1798927,[1146*5],,,
1570,835617,[1146*5],,,
2200,2006939,[1146*5],,,
1170,174010,[1146*5],,,
1530,780943,[1146*5],,,
2070,1874909,[1146*5],,,
2050,1838482,[1146*5],,,
1930,1729491,[1146*5],,,
1390,653211,[1146*5],,,
1950,1764324,[1146*5],,,
2190,1982329,[1146*5],,,
1920,1712392,[1146*5],,,
1930,1742280,[1146*5],,,
2020,1836585,[1146*5],,,
1720,1384133,[1146*5],,,
2240,2037744,[1146*5],,,
1560,814346,[1146*5],,,
1700,1349464,[1146*5],,,
2240,2034974,[1146*5],,,
2150,1937552,[1146*5],,,
1910,1697441,[1146*5],,,
2080,1885994,[1146*5],,,
1820,1531613,[1146*5],,,
2160,1957683,[1146*5],,,
2100,1902407,[1146*5],,,
1680,1290416,[1146*5],,,
1650,1184051,[1146*5],,,
1840,1559063,[1146*5],,,
2050,1844917,[1146*5],,,
1930,1737971,[1146*5],,,
1620,1029492,[1146*5],,,
2240,2041567,[1146*5],,,
1640,1132517,[1146*5],,,
2060,1874081,[1146*5],,,
2210,2005057,[1146*5],,,
1420,688175,[1146*5],,,
1960,1771205,[1146*5],,,
2040,1850446,[1146*5],,,
2220,2025585,[1146*5],,,
1970,1774560,[1146*5],,,
2080,1885518,[1146*5],,,
2220,2018268,[1146*5],,,
1930,1741365,[1146*5],,,
1970,1780853,[1146*5],,,
1930,1736982,[1146*5],,,
1350,539002,[1146*5],,,
1560,1523783,[1146*5],,,
2080,1897546,[1146*5],,,
2180,1992354,[1146*5],,,
2150,1952267,[1146*5],,,
1920,1724003,[1146*5],,,
2140,1950784,[1146*5],,,
1890,1632957,[1146*5],,,
2070,1859013,[1146*5],,,
1630,1072223,[1146*5],,,
1690,1332025,[1146*5],,,
2020,1824294,[1146*5],,,
1610,986673,[1146*5],,,
1650,1148003,[1146*5],,,
2030,1829806,[1146*5],,,
2140,1949720,[1146*5],,,
2030,1838093,[1146*5],,,
2110,1900879,[1146*5],,,
2180,1988876,[1146*5],,,
1990,1794538,[1146*5],,,
2200,2010121,[1146*5],,,
1170,76248,[1146*5],,,
2240,2035765,[1146*5],,,
1900,1651836,[1146*5],,,
2010,1811351,[1146*5],,,
1440,712483,[1146*5],,,
1510,739729,[1146*5],,,
1420,1374785,[1146*5],,,
2230,2020628,[1146*5],,,
2100,1901386,[1146*5],,,
1780,1459127,[1146*5],,,
1910,1687871,[1146*5],,,
1890,1635844,[1146*5],,,
1920,1708994,[1146*5],,,
1920,1719194,[1146*5],,,
2080,1880013,[1146*5],,,
2040,1842120,[1146*5],,,
1980,1788555,[1146*5],,,
1440,713196,[1146*5],,,
1570,846517,[1146*5],,,
1650,1173406,[1146*5],,,
1390,678963,[1146*5],,,
1460,721122,[1146*5],,,
1920,1709878,[1146*5],,,
1890,1636962,[1146*5],,,
2080,1881030,[1146*5],,,
1550,810997,[1146*5],,,
1790,1479370,[1146*5],,,
2040,1840953,[1146*5],,,
2130,1918173,[1146*5],,,
2160,1961073,[1146*5],,,
1930,1745389,[1146*5],,,
1930,1727960,[1146*5],,,
1910,1703072,[1146*5],,,
1910,1673544,[1146*5],,,
2190,1987774,[1146*5],,,
2060,1860775,[1146*5],,,
2030,1829623,[1146*5],,,
1630,1089355,[1146*5],,,
2180,1982071,[1146*5],,,
1690,1304878,[1146*5],,,
1170,2291449,[1146*5],,,
1910,1672347,[1146*5],,,
1170,18923,[1146*5],,,
2060,1870007,[1146*5],,,
2050,1856175,[1146*5],,,
1550,811852,[1146*5],,,
1930,1732442,[1146*5],,,
2250,2042696,[1146*5],,,
1590,939868,[1146*5],,,
1590,922637,[1146*5],,,
1870,1616022,[1146*5],,,
1420,696837,[1146*5],,,
2110,1900975,[1146*5],,,
1750,1421759,[1146*5],,,
1400,1597640,[1146*5],,,
2200,1996625,[1146*5],,,
1900,1650890,[1146*5],,,
2220,2030858,[1146*5],,,
1420,683597,[1146*5],,,
2140,1944865,[1146*5],,,
2180,1990613,[1146*5],,,
2140,1951161,[1146*5],,,
1950,1763858,[1146*5],,,
1570,856649,[1146*5],,,
2040,1853367,[1146*5],,,
1750,1408748,[1146*5],,,
2080,1892774,[1146*5],,,
1910,1696828,[1146*5],,,
1910,1671281,[1146*5],,,
1900,1645592,[1146*5],,,
2020,1834508,[1146*5],,,
1700,1346769,[1146*5],,,
2250,2043470,[1146*5],,,
2100,1904486,[1146*5],,,
1910,1674316,[1146*5],,,
1930,1740784,[1146*5],,,
1610,1753208,[1146*5],,,
1930,1730994,[1146*5],,,
1990,1796795,[1146*5],,,
2050,2043714,[1146*5],,,
1790,1481116,[1146*5],,,
2020,1820443,[1146*5],,,
1600,1492589,[1146*5],,,
2250,2046781,[1146*5],,,
1570,856319,[1146*5],,,
1640,1108758,[1146*5],,,
2020,1818038,[1146*5],,,
1910,1673075,[1146*5],,,
1610,1008384,[1146*5],,,
1600,952978,[1146*5],,,
1930,1743008,[1146*5],,,
2120,1934192,[1146*5],,,
2100,1911793,[1146*5],,,
1930,1732416,[1146*5],,,
2030,1832550,[1146*5],,,
2220,2027305,[1146*5],,,
1910,1687626,[1146*5],,,
2220,2020854,[1146*5],,,
1860,1592515,[1146*5],,,
1170,15323,[1146*5],,,
2170,1976188,[1146*5],,,
2020,1828524,[1146*5],,,
1960,1772429,[1146*5],,,
1960,1768340,[1146*5],,,
1980,1783543,[1146*5],,,
1310,405262,[1146*5],,,
2220,2026896,[1146*5],,,
2100,1902972,[1146*5],,,
1310,412954,[1146*5],,,
2100,1905597,[1146*5],,,
2070,1876178,[1146*5],,,
1670,1224954,[1146*5],,,
2060,1860337,[1146*5],,,
1940,1753943,[1146*5],,,
1560,823478,[1146*5],,,
1850,1581235,[1146*5],,,
1930,1745243,[1146*5],,,
2050,1851189,[1146*5],,,
1970,1782188,[1146*5],,,
1620,1035990,[1146*5],,,
1920,1710514,[1146*5],,,
2220,2015645,[1146*5],,,
1920,1710368,[1146*5],,,
2030,1821043,[1146*5],,,
1700,1346705,[1146*5],,,
1960,1766952,[1146*5],,,
2210,2003887,[1146*5],,,
2020,1822753,[1146*5],,,
1640,1121652,[1146*5],,,
2040,1851142,[1146*5],,,
2120,1924409,[1146*5],,,
1650,1144896,[1146*5],,,
2050,1850324,[1146*5],,,
1790,1489884,[1146*5],,,
1700,1360578,[1146*5],,,
2020,1823666,[1146*5],,,
2110,1899477,[1146*5],,,
1420,691897,[1146*5],,,
1750,1415971,[1146*5],,,
2160,1968177,[1146*5],,,
2240,2049513,[1146*5],,,
2230,2021552,[1146*5],,,
2160,1955607,[1146*5],,,
1700,1365360,[1146*5],,,
1570,852117,[1146*5],,,
2190,1984568,[1146*5],,,
1900,1653916,[1146*5],,,
1760,1437031,[1146*5],,,
1810,1509992,[1146*5],,,
1910,1694222,[1146*5],,,
2100,1904840,[1146*5],,,
2240,2037462,[1146*5],,,
2240,2047215,[1146*5],,,
1630,1090710,[1146*5],,,
1610,1600266,[1146*5],,,
1550,807549,[1146*5],,,
2230,2026025,[1146*5],,,
1950,1761519,[1146*5],,,
2060,1864817,[1146*5],,,
1350,463606,[1146*5],,,
1910,1703627,[1146*5],,,
2090,1889545,[1146*5],,,
1640,1137457,[1146*5],,,
1400,658923,[1146*5],,,
2100,1908095,[1146*5],,,
2250,2042921,[1146*5],,,
2110,1899851,[1146*5],,,
2040,1855045,[1146*5],,,
1910,1703576,[1146*5],,,
2220,2024456,[1146*5],,,
1940,1753907,[1146*5],,,
1590,920078,[1146*5],,,
1510,760621,[1146*5],,,
1620,1022870,[1146*5],,,
2020,1818420,[1146*5],,,
1910,1669279,[1146*5],,,
1690,2024043,[1146*5],,,
2040,1853052,[1146*5],,,
2100,1905565,[1146*5],,,
1530,793840,[1146*5],,,
2200,2011665,[1146*5],,,
1350,463688,[1146*5],,,
1890,1630893,[1146*5],,,
2120,1928057,[1146*5],,,
2040,1855890,[1146*5],,,
2100,1907335,[1146*5],,,
1630,1099280,[1146*5],,,
1550,806475,[1146*5],,,
2040,1857632,[1146*5],,,
2080,1880458,[1146*5],,,
1590,907812,[1146*5],,,
1600,974477,[1146*5],,,
2100,1904884,[1146*5],,,
1990,1798753,[1146*5],,,
2230,2014506,[1146*5],,,
1770,1449087,[1146*5],,,
2140,1938799,[1146*5],,,
2050,1841336,[1146*5],,,
2230,2025575,[1146*5],,,
1730,1386828,[1146*5],,,
2170,1960536,[1146*5],,,
1900,1643704,[1146*5],,,
2090,1894726,[1146*5],,,
2160,1974190,[1146*5],,,
2080,1886696,[1146*5],,,
1930,1737390,[1146*5],,,
1920,1724345,[1146*5],,,
2120,1917884,[1146*5],,,
2220,2025508,[1146*5],,,
1690,1314839,[1146*5],,,
1990,1800727,[1146*5],,,
2240,2042727,[1146*5],,,
2050,1843329,[1146*5],,,
1830,1544828,[1146*5],,,
1860,1593836,[1146*5],,,
2110,1911745,[1146*5],,,
2000,1828708,[1146*5],,,
1400,657904,[1146*5],,,
1990,1799563,[1146*5],,,
1750,2285392,[1146*5],,,
1910,1677273,[1146*5],,,
2210,2005363,[1146*5],,,
1910,1664754,[1146*5],,,
1980,1788891,[1146*5],,,
2020,1825149,[1146*5],,,
2160,1969467,[1146*5],,,
2050,1843440,[1146*5],,,
2100,1899904,[1146*5],,,
1530,792482,[1146*5],,,
2020,1828197,[1146*5],,,
1310,443879,[1146*5],,,
2220,2015843,[1146*5],,,
2140,1946951,[1146*5],,,
1640,1141872,[1146*5],,,
1910,1703952,[1146*5],,,
1910,1666406,[1146*5],,,
1920,1720209,[1146*5],,,
1830,1554106,[1146*5],,,
1610,991299,[1146*5],,,
1870,1605181,[1146*5],,,
2140,1938636,[1146*5],,,
2030,1819753,[1146*5],,,
2220,2023364,[1146*5],,,
2140,1945912,[1146*5],,,
2180,1981331,[1146*5],,,
1530,2004326,[1146*5],,,
1700,1342622,[1146*5],,,
1560,815174,[1146*5],,,
2040,1855569,[1146*5],,,
1930,1743331,[1146*5],,,
1910,1692361,[1146*5],,,
1980,1787780,[1146*5],,,
2030,1835034,[1146*5],,,
2070,2125543,[1146*5],,,
2020,1828315,[1146*5],,,
1270,281283,[1146*5],,,
1580,900173,[1146*5],,,
1910,1688332,[1146*5],,,
2080,1897299,[1146*5],,,
1660,1193098,[1146*5],,,
2160,1972326,[1146*5],,,
2030,1828941,[1146*5],,,
2190,1986918,[1146*5],,,
2200,2008580,[1146*5],,,
1910,1695060,[1146*5],,,
2160,1969773,[1146*5],,,
1860,1592494,[1146*5],,,
2060,1875592,[1146*5],,,
1350,468372,[1146*5],,,
2240,2047774,[1146*5],,,
1350,520655,[1146*5],,,
2240,2036115,[1146*5],,,
2070,1866338,[1146*5],,,
1600,963317,[1146*5],,,
2050,1848036,[1146*5],,,
2170,1955537,[1146*5],,,
1920,1720613,[1146*5],,,
2220,2020682,[1146*5],,,
2060,1859153,[1146*5],,,
2110,1899161,[1146*5],,,
2180,1988939,[1146*5],,,
2050,1843650,[1146*5],,,
1530,794987,[1146*5],,,
2060,1872013,[1146*5],,,
1930,1732009,[1146*5],,,
2040,1856768,[1146*5],,,
1910,1668719,[1146*5],,,
1990,1799680,[1146*5],,,
2240,2037510,[1146*5],,,
2100,1905525,[1146*5],,,
1550,805414,[1146*5],,,
1890,1638719,[1146*5],,,
2050,1848699,[1146*5],,,
2240,2035045,[1146*5],,,
1790,1475803,[1146*5],,,
1930,1743841,[1146*5],,,
2080,1885080,[1146*5],,,
2180,1991249,[1146*5],,,
1540,801281,[1146*5],,,
2160,1970996,[1146*5],,,
1630,1093899,[1146*5],,,
2220,2016275,[1146*5],,,
1890,1634806,[1146*5],,,
1440,1406772,[1146*5],,,
1890,1634721,[1146*5],,,
2050,1849444,[1146*5],,,
2190,1991359,[1146*5],,,
1310,447134,[1146*5],,,
1560,815624,[1146*5],,,
1580,860012,[1146*5],,,
2030,1819909,[1146*5],,,
2200,2008986,[1146*5],,,
1660,1195575,[1146*5],,,
1820,1527257,[1146*5],,,
2060,1871093,[1146*5],,,
1900,1649962,[1146*5],,,
2060,1874902,[1146*5],,,
1390,631694,[1146*5],,,
1730,1393517,[1146*5],,,
1420,1117245,[1146*5],,,
2060,1860641,[1146*5],,,
2140,1945487,[1146*5],,,
1170,685797,[1146*5],,,
2250,2049644,[1146*5],,,
2050,1840469,[1146*5],,,
1730,1391145,[1146*5],,,
1930,1729613,[1146*5],,,
2240,2042618,[1146*5],,,
1530,2003840,[1146*5],,,
2170,1954247,[1146*5],,,
1780,1457157,[1146*5],,,
2240,2044798,[1146*5],,,
2060,1875926,[1146*5],,,
1530,793284,[1146*5],,,
1550,810640,[1146*5],,,
1610,1011582,[1146*5],,,
2220,2028662,[1146*5],,,
1640,1108970,[1146*5],,,
1590,937405,[1146*5],,,
1990,1797683,[1146*5],,,
1990,1796288,[1146*5],,,
1420,684185,[1146*5],,,
1310,436390,[1146*5],,,
1270,235478,[1146*5],,,
1890,1630483,[1146*5],,,
1930,1740681,[1146*5],,,
1700,2323865,[1146*5],,,
1990,1797867,[1146*5],,,
2140,1946740,[1146*5],,,
1910,1688792,[1146*5],,,
2220,2014478,[1146*5],,,
2060,1875149,[1146*5],,,
1720,1376585,[1146*5],,,
1170,15309,[1146*5],,,
1750,1414574,[1146*5],,,
2070,1874451,[1146*5],,,
1690,1320695,[1146*5],,,
1900,1656980,[1146*5],,,
2250,2042189,[1146*5],,,
2000,1806942,[1146*5],,,
2180,1980476,[1146*5],,,
2170,1967194,[1146*5],,,
1640,1128458,[1146*5],,,
1930,1737256,[1146*5],,,
2220,2030646,[1146*5],,,
2220,2024225,[1146*5],,,
1310,446588,[1146*5],,,
2160,1961506,[1146*5],,,
2160,1973450,[1146*5],,,
2200,2007477,[1146*5],,,
2080,1892418,[1146*5],,,
2130,1922571,[1146*5],,,
2170,1955269,[1146*5],,,
1610,996392,[1146*5],,,
1950,1765266,[1146*5],,,
2100,1906880,[1146*5],,,
1630,1101033,[1146*5],,,
2250,2038526,[1146*5],,,
2120,1922553,[1146*5],,,
2170,1973284,[1146*5],,,
1670,1255350,[1146*5],,,
2000,1801762,[1146*5],,,
1510,741675,[1146*5],,,
1630,1099687,[1146*5],,,
1720,1381612,[1146*5],,,
2070,1877105,[1146*5],,,
1310,450300,[1146*5],,,
1170,160122,[1146*5],,,
2230,2016696,[1146*5],,,
1660,1194785,[1146*5],,,
2180,1978605,[1146*5],,,
2160,1957983,[1146*5],,,
1650,1147803,[1146*5],,,
2050,1858330,[1146*5],,,
2050,1854064,[1146*5],,,
2020,1832318,[1146*5],,,
1750,1421383,[1146*5],,,
2140,1953960,[1146*5],,,
2250,2044276,[1146*5],,,
2210,2004131,[1146*5],,,
2000,1821118,[1146*5],,,
2230,2016413,[1146*5],,,
1270,393949,[1146*5],,,
1440,704911,[1146*5],,,
1440,720256,[1146*5],,,
1990,1799059,[1146*5],,,
2220,2016084,[1146*5],,,
2180,1992987,[1146*5],,,
2000,1811986,[1146*5],,,
1310,1866392,[1146*5],,,
2140,1946166,[1146*5],,,
1610,987971,[1146*5],,,
1950,1757804,[1146*5],,,
2200,1998921,[1146*5],,,
1990,1793822,[1146*5],,,
1740,1396106,[1146*5],,,
2120,1921660,[1146*5],,,
1820,1529530,[1146*5],,,
2240,2047506,[1146*5],,,
1780,1467360,[1146*5],,,
2020,1823679,[1146*5],,,
2220,2026317,[1146*5],,,
2060,1864674,[1146*5],,,
1940,1749432,[1146*5],,,
2020,1818772,[1146*5],,,
2080,1893700,[1146*5],,,
1690,1311894,[1146*5],,,
1790,1474536,[1146*5],,,
1600,977090,[1146*5],,,
1910,1689777,[1146*5],,,
1590,910338,[1146*5],,,
1270,717954,[1146*5],,,
2220,2028629,[1146*5],,,
2080,1881039,[1146*5],,,
2100,1906587,[1146*5],,,
2230,2021667,[1146*5],,,
1440,718798,[1146*5],,,
1880,1625203,[1146*5],,,
1910,1691569,[1146*5],,,
2240,2035593,[1146*5],,,
1990,1794282,[1146*5],,,
2120,1930754,[1146*5],,,
2160,1975624,[1146*5],,,
1560,826138,[1146*5],,,
2080,1882817,[1146*5],,,
2050,1846162,[1146*5],,,
2220,2019627,[1146*5],,,
1910,1672813,[1146*5],,,
2100,1909621,[1146*5],,,
2240,2036626,[1146*5],,,
1850,1587095,[1146*5],,,
1750,1414159,[1146*5],,,
2120,1932207,[1146*5],,,
2020,1823938,[1146*5],,,
1990,1798464,[1146*5],,,
1460,1499961,[1146*5],,,
1930,1732654,[1146*5],,,
1610,996255,[1146*5],,,
1390,650653,[1146*5],,,
2240,2040766,[1146*5],,,
1950,1758275,[1146*5],,,
2080,1888880,[1146*5],,,
1670,1261314,[1146*5],,,
1910,1690808,[1146*5],,,
2100,1901238,[1146*5],,,
2150,1936098,[1146*5],,,
2170,1975830,[1146*5],,,
1920,1708423,[1146*5],,,
2050,1845707,[1146*5],,,
2210,2002072,[1146*5],,,
1670,1241215,[1146*5],,,
2000,1826822,[1146*5],,,
1620,1027136,[1146*5],,,
1660,2118493,[1146*5],,,
1910,1677988,[1146*5],,,
2030,1834642,[1146*5],,,
1650,1145775,[1146*5],,,
2030,1828465,[1146*5],,,
2210,1997117,[1146*5],,,
1570,851646,[1146*5],,,
1930,1736870,[1146*5],,,
1600,982908,[1146*5],,,
2000,1814563,[1146*5],,,
1550,804894,[1146*5],,,
1940,1747246,[1146*5],,,
2200,2038709,[1146*5],,,
1590,917738,[1146*5],,,
1910,1691905,[1146*5],,,
2100,1901243,[1146*5],,,
1740,1403026,[1146*5],,,
2230,2030628,[1146*5],,,
2220,2023409,[1146*5],,,
2240,2049364,[1146*5],,,
1910,1691738,[1146*5],,,
2000,1804679,[1146*5],,,
2020,1823035,[1146*5],,,
2050,1847576,[1146*5],,,
1270,221668,[1146*5],,,
1510,774270,[1146*5],,,
1580,882831,[1146*5],,,
2160,1958447,[1146*5],,,
2250,2039491,[1146*5],,,
2140,1949926,[1146*5],,,
1610,999603,[1146*5],,,
2220,2024089,[1146*5],,,
2220,2024320,[1146*5],,,
1900,1664062,[1146*5],,,
1570,857599,[1146*5],,,
1620,1047801,[1146*5],,,
2080,1893531,[1146*5],,,
2120,1919226,[1146*5],,,
2080,1897480,[1146*5],,,
2000,1829950,[1146*5],,,
1960,1768021,[1146*5],,,
1750,1413096,[1146*5],,,
1970,1774217,[1146*5],,,
2160,1958393,[1146*5],,,
1700,1769759,[1146*5],,,
1990,1799507,[1146*5],,,
1420,691501,[1146*5],,,
2020,1823311,[1146*5],,,
2020,1818092,[1146*5],,,
2220,2014733,[1146*5],,,
2170,1972498,[1146*5],,,
1640,1112207,[1146*5],,,
1920,1717004,[1146*5],,,
2170,1955131,[1146*5],,,
2070,1859039,[1146*5],,,
1700,1365152,[1146*5],,,
2060,1874778,[1146*5],,,
1640,1108689,[1146*5],,,
1950,1759230,[1146*5],,,
2170,1960432,[1146*5],,,
1910,1704829,[1146*5],,,
2170,1965676,[1146*5],,,
2170,1960137,[1146*5],,,
1510,764777,[1146*5],,,
2110,1899465,[1146*5],,,
2140,1951022,[1146*5],,,
2060,1876764,[1146*5],,,
2210,1996061,[1146*5],,,
1660,1215338,[1146*5],,,
1670,1232282,[1146*5],,,
2240,2044512,[1146*5],,,
1170,1411536,[1146*5],,,
1910,1701221,[1146*5],,,
1390,561078,[1146*5],,,
2060,1860636,[1146*5],,,
2060,1875732,[1146*5],,,
2020,1824945,[1146*5],,,
2180,1982430,[1146*5],,,
2050,1851071,[1146*5],,,
2020,1829444,[1146*5],,,
2060,1865792,[1146*5],,,
2180,1993931,[1146*5],,,
2030,1836657,[1146*5],,,
1270,210915,[1146*5],,,
2090,1885027,[1146*5],,,
1270,212715,[1146*5],,,
1570,828253,[1146*5],,,
2170,1975379,[1146*5],,,
2080,1881455,[1146*5],,,
2170,1962476,[1146*5],,,
1560,816810,[1146*5],,,
1920,1722649,[1146*5],,,
1620,1035776,[1146*5],,,
1930,1745630,[1146*5],,,
2020,1826327,[1146*5],,,
2140,1947765,[1146*5],,,
2080,1886867,[1146*5],,,
1390,634383,[1146*5],,,
2000,1806730,[1146*5],,,
1700,1346780,[1146*5],,,
2170,1968637,[1146*5],,,
1570,841351,[1146*5],,,
1540,802889,[1146*5],,,
1940,1750201,[1146*5],,,
1910,1679246,[1146*5],,,
2220,2020731,[1146*5],,,
1630,1085343,[1146*5],,,
2010,1807910,[1146*5],,,
2060,1864083,[1146*5],,,
2180,1998523,[1146*5],,,
2160,1970740,[1146*5],,,
1720,1377373,[1146*5],,,
2020,1824354,[1146*5],,,
2120,1920895,[1146*5],,,
1600,949469,[1146*5],,,
1620,1054319,[1146*5],,,
2170,1975668,[1146*5],,,
2060,1873770,[1146*5],,,
2020,1837204,[1146*5],,,
2030,1830519,[1146*5],,,
2080,1888957,[1146*5],,,
2090,1887578,[1146*5],,,
2220,2023543,[1146*5],,,
1460,735639,[1146*5],,,
1590,919681,[1146*5],,,
1890,1639778,[1146*5],,,
2100,1907189,[1146*5],,,
1400,674347,[1146*5],,,
2180,1986825,[1146*5],,,
2030,1818182,[1146*5],,,
1910,1689389,[1146*5],,,
2050,1857176,[1146*5],,,
1700,1939705,[1146*5],,,
1350,512740,[1146*5],,,
1970,1774674,[1146*5],,,
2020,1824259,[1146*5],,,
2220,2024231,[1146*5],,,
2140,1936815,[1146*5],,,
1600,978220,[1146*5],,,
2030,1818621,[1146*5],,,
2240,2040365,[1146*5],,,
2040,1848727,[1146*5],,,
1920,1706844,[1146*5],,,
1910,1674626,[1146*5],,,
1420,688865,[1146*5],,,
1880,1630053,[1146*5],,,
1170,20661,[1146*5],,,
1810,1509968,[1146*5],,,
2220,2014533,[1146*5],,,
2140,1939852,[1146*5],,,
1270,305365,[1146*5],,,
1600,957938,[1146*5],,,
2180,1991047,[1146*5],,,
2180,1993568,[1146*5],,,
2120,1932262,[1146*5],,,
1440,1398909,[1146*5],,,
1930,1733445,[1146*5],,,
1400,980651,[1146*5],,,
1910,1665891,[1146*5],,,
2070,1869377,[1146*5],,,
1740,2286062,[1146*5],,,
1750,1411088,[1146*5],,,
1700,1396920,[1146*5],,,
1420,686858,[1146*5],,,
2220,2026548,[1146*5],,,
2080,1880213,[1146*5],,,
1910,1700309,[1146*5],,,
2120,1921203,[1146*5],,,
1420,693054,[1146*5],,,
1920,1710020,[1146*5],,,
1980,1784623,[1146*5],,,
2020,1827324,[1146*5],,,
2240,2044634,[1146*5],,,
1910,1698841,[1146*5],,,
2160,1974908,[1146*5],,,
1690,1316573,[1146*5],,,
2160,1970804,[1146*5],,,
2210,2009693,[1146*5],,,
1600,976494,[1146*5],,,
1920,1709876,[1146*5],,,
2150,1945088,[1146*5],,,
1920,1707864,[1146*5],,,
1980,1783062,[1146*5],,,
2100,1912248,[1146*5],,,
1930,1740335,[1146*5],,,
1990,1801255,[1146*5],,,
1690,1322085,[1146*5],,,
1930,1740823,[1146*5],,,
1310,398093,[1146*5],,,
2090,1895012,[1146*5],,,
1970,1775345,[1146*5],,,
1460,724877,[1146*5],,,
1740,1397499,[1146*5],,,
2180,1984577,[1146*5],,,
1920,1710288,[1146*5],,,
1990,1801484,[1146*5],,,
1610,989031,[1146*5],,,
1910,1679150,[1146*5],,,
1390,573691,[1146*5],,,
2180,1984134,[1146*5],,,
2170,1974802,[1146*5],,,
2020,1829226,[1146*5],,,
2250,2043779,[1146*5],,,
2050,1857300,[1146*5],,,
2100,1904007,[1146*5],,,
2140,1937994,[1146*5],,,
1940,1746760,[1146*5],,,
2020,1837751,[1146*5],,,
1550,810745,[1146*5],,,
2120,1930913,[1146*5],,,
2100,1906902,[1146*5],,,
2030,1830486,[1146*5],,,
1680,1276212,[1146*5],,,
1400,674904,[1146*5],,,
1660,1512604,[1146*5],,,
2050,1846540,[1146*5],,,
1390,633144,[1146*5],,,
1910,1674877,[1146*5],,,
2020,1831473,[1146*5],,,
2120,1926519,[1146*5],,,
2180,1982482,[1146*5],,,
2000,1820841,[1146*5],,,
1960,1769068,[1146*5],,,
1510,774736,[1146*5],,,
1920,1715708,[1146*5],,,
1690,1315669,[1146*5],,,
1400,1563479,[1146*5],,,
2170,1961403,[1146*5],,,
2020,1830574,[1146*5],,,
1660,1338385,[1146*5],,,
1570,846537,[1146*5],,,
2150,1942357,[1146*5],,,
1870,1612311,[1146*5],,,
2100,1901460,[1146*5],,,
1760,1437965,[1146*5],,,
2090,1895024,[1146*5],,,
1940,1753743,[1146*5],,,
1460,729573,[1146*5],,,
2220,2025183,[1146*5],,,
1640,1140516,[1146*5],,,
1690,1329313,[1146*5],,,
1910,1668762,[1146*5],,,
1850,1573262,[1146*5],,,
1950,1765128,[1146*5],,,
2200,2001757,[1146*5],,,
1910,1702581,[1146*5],,,
2180,1986343,[1146*5],,,
1670,1411565,[1146*5],,,
2080,1883391,[1146*5],,,
2240,2041871,[1146*5],,,
2100,1915244,[1146*5],,,
1910,1678752,[1146*5],,,
1640,1114570,[1146*5],,,
2160,1967652,[1146*5],,,
2100,1904291,[1146*5],,,
2070,1874691,[1146*5],,,
1980,1789596,[1146*5],,,
2240,2051214,[1146*5],,,
2080,1878765,[1146*5],,,
1310,404402,[1146*5],,,
2130,1920347,[1146*5],,,
2020,1825673,[1146*5],,,
2120,1921142,[1146*5],,,
2210,2003684,[1146*5],,,
2050,1848151,[1146*5],,,
1530,785587,[1146*5],,,
1930,1737378,[1146*5],,,
2020,1824872,[1146*5],,,
1270,276137,[1146*5],,,
1970,1781540,[1146*5],,,
2140,1952497,[1146*5],,,
1850,1580577,[1146*5],,,
2240,2032320,[1146*5],,,
1600,972072,[1146*5],,,
2150,1934860,[1146*5],,,
2180,1991460,[1146*5],,,
1680,1282444,[1146*5],,,
1640,1115062,[1146*5],,,
2140,1949686,[1146*5],,,
2080,1896815,[1146*5],,,
1890,1642605,[1146*5],,,
2000,1807985,[1146*5],,,
1910,1678535,[1146*5],,,
1170,90313,[1146*5],,,
2220,2025841,[1146*5],,,
2020,1818254,[1146*5],,,
1510,759091,[1146*5],,,
2170,1972751,[1146*5],,,
1870,1611989,[1146*5],,,
2080,1889883,[1146*5],,,
2150,1940045,[1146*5],,,
1630,1982462,[1146*5],,,
2140,1948892,[1146*5],,,
1880,1622432,[1146*5],,,
2070,1867337,[1146*5],,,
1990,1795657,[1146*5],,,
1940,1754717,[1146*5],,,
1910,1682051,[1146*5],,,
1710,1372691,[1146*5],,,
2040,1839657,[1146*5],,,
1870,1616066,[1146*5],,,
2240,2034319,[1146*5],,,
2200,2009893,[1146*5],,,
1920,1721709,[1146*5],,,
2150,1935542,[1146*5],,,
1990,1794227,[1146*5],,,
1860,1590457,[1146*5],,,
2170,1955852,[1146*5],,,
1990,1799523,[1146*5],,,
1910,1679416,[1146*5],,,
2210,2012289,[1146*5],,,
1990,1801442,[1146*5],,,
2180,1990641,[1146*5],,,
2220,2024514,[1146*5],,,
2080,1890531,[1146*5],,,
2240,2064660,[1146*5],,,
2050,1853543,[1146*5],,,
1920,1716715,[1146*5],,,
1930,1736664,[1146*5],,,
2050,1855547,[1146*5],,,
1910,1674580,[1146*5],,,
1460,733488,[1146*5],,,
2050,1848026,[1146*5],,,
1860,1589407,[1146*5],,,
1730,1386836,[1146*5],,,
1270,329349,[1146*5],,,
2120,1928033,[1146*5],,,
1910,1670482,[1146*5],,,
1950,1764935,[1146*5],,,
2030,1837538,[1146*5],,,
2180,1986946,[1146*5],,,
2240,2050678,[1146*5],,,
2010,1812973,[1146*5],,,
1700,1347522,[1146*5],,,
1350,532921,[1146*5],,,
2020,1836614,[1146*5],,,
2020,1828547,[1146*5],,,
1920,1720269,[1146*5],,,
2130,1934118,[1146*5],,,
1570,833543,[1146*5],,,
1890,1637271,[1146*5],,,
1680,1287286,[1146*5],,,
1560,1521716,[1146*5],,,
1510,737773,[1146*5],,,
2140,1937003,[1146*5],,,
2080,1890253,[1146*5],,,
2060,2057327,[1146*5],,,
2240,2044286,[1146*5],,,
2160,1963408,[1146*5],,,
1390,651656,[1146*5],,,
2170,1974310,[1146*5],,,
2160,1963821,[1146*5],,,
2070,1868536,[1146*5],,,
2240,2043153,[1146*5],,,
1570,835124,[1146*5],,,
2120,1928098,[1146*5],,,
2070,1868577,[1146*5],,,
2160,1975923,[1146*5],,,
1730,1388830,[1146*5],,,
2240,2043637,[1146*5],,,
1900,1659962,[1146*5],,,
1390,650842,[1146*5],,,
2090,1898241,[1146*5],,,
2020,1835202,[1146*5],,,
2220,2026406,[1146*5],,,
2020,1825071,[1146*5],,,
1930,1730836,[1146*5],,,
2050,1845496,[1146*5],,,
2240,2037839,[1146*5],,,
2130,1928391,[1146*5],,,
1440,706981,[1146*5],,,
1510,773942,[1146*5],,,
1510,751749,[1146*5],,,
2140,1951969,[1146*5],,,
1650,1157269,[1146*5],,,
2020,1832535,[1146*5],,,
2220,2015158,[1146*5],,,
2180,1984581,[1146*5],,,
1910,1700866,[1146*5],,,
2150,1951733,[1146*5],,,
2120,1926901,[1146*5],,,
2170,1961229,[1146*5],,,
2240,2034002,[1146*5],,,
1310,424591,[1146*5],,,
1940,1751412,[1146*5],,,
2100,1910745,[1146*5],,,
1390,638828,[1146*5],,,
2120,1923107,[1146*5],,,
1660,1377412,[1146*5],,,
1440,713107,[1146*5],,,
2240,2044371,[1146*5],,,
1950,1762024,[1146*5],,,
2120,1933157,[1146*5],,,
1850,1583185,[1146*5],,,
2150,1952955,[1146*5],,,
2000,1803245,[1146*5],,,
2020,1828471,[1146*5],,,
2020,1834572,[1146*5],,,
1980,1798212,[1146*5],,,
2180,1991287,[1146*5],,,
2100,1904171,[1146*5],,,
1910,1681983,[1146*5],,,
