1980,1787836,[1146*5],,,
2020,1839015,[1146*5],,,
2150,1948555,[1146*5],,,
1910,1692154,[1146*5],,,
1910,1689674,[1146*5],,,
1640,1113944,[1146*5],,,
1510,742380,[1146*5],,,
1920,1725896,[1146*5],,,
1850,1574050,[1146*5],,,
1650,1145622,[1146*5],,,
1590,922164,[1146*5],,,
1940,1752188,[1146*5],,,
1590,912243,[1146*5],,,
1950,1763700,[1146*5],,,
1910,1665994,[1146*5],,,
1440,711717,[1146*5],,,
1530,783200,[1146*5],,,
1650,1794425,[1146*5],,,
2000,1807024,[1146*5],,,
1270,323763,[1146*5],,,
1640,1132517,[1146*5],,,
1510,738000,[1146*5],,,
1400,673170,[1146*5],,,
1440,699304,[1146*5],,,
1920,1725989,[1146*5],,,
1860,1589730,[1146*5],,,
1900,1659050,[1146*5],,,
1960,1767339,[1146*5],,,
1170,192144,[1146*5],,,
1670,1239701,[1146*5],,,
1910,1678334,[1146*5],,,
1170,118271,[1146*5],,,
1620,1025435,[1146*5],,,
1910,1701221,[1146*5],,,
1390,561078,[1146*5],,,
1350,498282,[1146*5],,,
1880,1623312,[1146*5],,,
1660,1219332,[1146*5],,,
1910,1697553,[1146*15],,,
1920,1718349,[1146*5],,,
1940,1755941,[1146*5],,,
1910,1681968,[1146*5],,,
1740,1402632,[1146*5],,,
1880,1622432,[1146*5],,,
1600,977393,[1146*5],,,
1600,967114,[1146*5],,,
1900,1662647,[1146*5],,,
1910,1696835,[1146*5],,,
2030,1819790,[1146*5],,,
2130,1928664,[1146*5],,,
2020,1818140,[1146*5],,,
1550,804376,[1146*5],,,
1510,737423,[1146*5],,,
1930,1745810,[1146*5],,,
1870,1611917,[1146*5],,,
1170,179176,[1146*5],,,
1640,1118785,[1146*5],,,
2210,2011311,[1146*5],,,
2250,2038727,[1146*5],,,
2170,1967464,[1146*5],,,
1600,982908,[1146*5],,,
2120,1920895,[1146*5],,,
1400,673597,[1146*5],,,
1400,672949,[1146*5],,,
1270,393949,[1146*5],,,
1530,794322,[1146*5],,,
1510,777545,[1146*5],,,
1610,995288,[1146*5],,,
1920,1716639,[1146*5],,,
1630,1091514,[1146*5],,,
1870,1608186,[1146*5],,,
2250,2031567,[1146*5],,,
1950,1765852,[1146*5],,,
1910,1701392,[1146*5],,,
1420,689341,[1146*5],,,
1740,1404191,[1146*5],,,
1570,845823,[1146*5],,,
1780,1466937,[1146*5],,,
1940,1750399,[1146*5],,,
1580,873533,[1146*5],,,
1840,1571118,[1146*5],,,
1930,1732345,[1146*5],,,
1600,956723,[1146*5],,,
1930,1730134,[1146*5],,,
2000,1820273,[1146*5],,,
2000,1812123,[1146*5],,,
1830,1541656,[1146*5],,,
1910,1693418,[1146*5],,,
2130,1918229,[1146*5],,,
1920,1723034,[1146*5],,,
1510,737820,[1146*5],,,
1830,1554106,[1146*5],,,
1460,725923,[1146*5],,,
1630,1098046,[1146*5],,,
1910,1680956,[1146*5],,,
1590,932898,[1146*5],,,
1910,1690506,[1146*5],,,
1620,1052690,[1146*5],,,
1620,1038279,[1146*5],,,
1920,1714058,[1146*5],,,
2180,1991447,[1146*5],,,
1890,1630483,[1146*5],,,
1880,1629637,[1146*5],,,
1910,1671168,[1146*5],,,
1670,1230342,[1146*5],,,
2150,1943490,[1146*5],,,
2060,1861042,[1146*5],,,
1620,1033664,[1146*5],,,
1560,818761,[1146*5],,,
1900,1661291,[1146*5],,,
1620,1034173,[1146*5],,,
1940,1747246,[1146*5],,,
2060,1873129,[1146*5],,,
2220,2017047,[1146*5],,,
2090,1890493,[1146*5],,,
1940,1755311,[1146*5],,,
2080,1892069,[1146*5],,,
2250,2040045,[1146*5],,,
2240,2043081,[1146*5],,,
1550,811865,[1146*5],,,
1950,1759946,[1146*5],,,
1910,1687986,[1146*5],,,
1970,1781088,[1146*5],,,
1720,1384210,[1146*5],,,
1610,995773,[1146*5],,,
1970,1775934,[1146*5],,,
1690,1328564,[1146*5],,,
2110,1904861,[1146*5],,,
2050,1858651,[1146*5],,,
2180,1994417,[1146*5],,,
2000,1813191,[1146*5],,,
1390,638953,[1146*5],,,
1940,1757396,[1146*5],,,
1870,1608721,[1146*5],,,
1910,1695398,[1146*5],,,
1660,1200065,[1146*5],,,
1600,957779,[1146*5],,,
2190,1984533,[1146*5],,,
1950,1762930,[1146*5],,,
1830,1554031,[1146*5],,,
1910,1676896,[1146*5],,,
1620,1027747,[1146*5],,,
1820,1529418,[1146*5],,,
1390,654343,[1146*5],,,
1970,1779683,[1146*5],,,
1350,482352,[1146*5],,,
1920,1713789,[1146*5],,,
1400,681497,[1146*5],,,
2000,1823720,[1146*5],,,
2050,1854785,[1146*5],,,
2190,1984674,[1146*5],,,
2120,1925792,[1146*5],,,
1640,1121652,[1146*5],,,
1910,1696828,[1146*5],,,
1950,1759988,[1146*5],,,
1970,1779889,[1146*5],,,
1630,1988393,[1146*5],,,
1900,1644728,[1146*5],,,
1760,1437547,[1146*5],,,
1620,1043749,[1146*5],,,
1910,1671123,[1146*5],,,
1910,1678534,[1146*5],,,
1930,1745630,[1146*5],,,
2020,1818842,[1146*5],,,
2080,1902192,[1146*5],,,
2140,1947537,[1146*5],,,
1960,1769831,[1146*5],,,
1930,1740870,[1146*5],,,
2070,1876178,[1146*5],,,
1930,1745635,[1146*5],,,
1910,1704036,[1146*5],,,
1460,732623,[1146*5],,,
1560,823478,[1146*5],,,
2080,1889740,[1146*5],,,
1980,1789377,[1146*5],,,
2080,1881988,[1146*5],,,
2020,1826420,[1146*5],,,
1400,670703,[1146*5],,,
1910,1672152,[1146*5],,,
1920,1710906,[1146*5],,,
1960,1771161,[1146*5],,,
1530,785934,[1146*5],,,
1900,1655037,[1146*5],,,
1910,1704155,[1146*5],,,
1350,503914,[1146*5],,,
1440,719661,[1146*5],,,
1510,760621,[1146*5],,,
1910,1691108,[1146*5],,,
1620,1033409,[1146*5],,,
1510,739670,[1146*5],,,
1680,1292282,[1146*5],,,
2170,1961304,[1146*5],,,
1550,811852,[1146*5],,,
1460,727569,[1146*5],,,
1460,723667,[1146*5],,,
1900,1663966,[1146*5],,,
1780,1462693,[1146*5],,,
1420,685930,[1146*5],,,
1580,1510821,[1146*15],,,
1510,765217,[1146*5],,,
1740,1782192,[1146*5],,,
1780,1462878,[1146*5],,,
1270,251902,[1146*5],,,
1550,1862721,[1146*5],,,
1170,702670,[1146*5],,,
1660,1215338,[1146*5],,,
1840,1571229,[1146*5],,,
1910,1673341,[1146*5],,,
1390,641790,[1146*5],,,
1940,1753316,[1146*5],,,
1580,867274,[1146*5],,,
1460,728022,[1146*5],,,
1600,970282,[1146*5],,,
1890,1632916,[1146*5],,,
1990,1793288,[1146*5],,,
1950,1759993,[1146*5],,,
1890,1638246,[1146*5],,,
1590,923044,[1146*5],,,
1920,1710552,[1146*5],,,
1620,1039010,[1146*5],,,
2240,2038172,[1146*5],,,
2080,1882551,[1146*5],,,
1530,794061,[1146*5],,,
1950,1765394,[1146*5],,,
1900,1652607,[1146*5],,,
2110,1910540,[1146*5],,,
1910,1692898,[1146*5],,,
2110,1899851,[1146*5],,,
2180,1994568,[1146*5],,,
2140,1940448,[1146*5],,,
1790,1475989,[1146*5],,,
1660,1195575,[1146*5],,,
1900,1656603,[1146*5],,,
1620,1029492,[1146*5],,,
1910,1686142,[1146*5],,,
2180,1993992,[1146*5],,,
1990,1796243,[1146*5],,,
1980,1785688,[1146*5],,,
1930,1730119,[1146*5],,,
1940,1755607,[1146*5],,,
1910,1695044,[1146*5],,,
1870,1616724,[1146*5],,,
1530,787007,[1146*5],,,
1630,1090678,[1146*5],,,
1420,681908,[1146*5],,,
1950,1762649,[1146*5],,,
1760,1426736,[1146*5],,,
1970,1778934,[1146*5],,,
1900,1660753,[1146*5],,,
1910,1701426,[1146*5],,,
1400,658791,[1146*5],,,
1570,844467,[1146*5],,,
1910,1700644,[1146*5],,,
1850,1586101,[1146*5],,,
1910,1687265,[1146*5],,,
2000,1808269,[1146*5],,,
1900,1648769,[1146*5],,,
1720,1376585,[1146*5],,,
1420,684185,[1146*5],,,
1910,1704334,[1146*5],,,
1390,639579,[1146*5],,,
1860,1596812,[1146*5],,,
2050,1843440,[1146*5],,,
1510,756364,[1146*5],,,
1460,735630,[1146*5],,,
1420,683597,[1146*5],,,
1400,980651,[1146*5],,,
1840,1557388,[1146*5],,,
2170,1956427,[1146*5],,,
2020,1819202,[1146*5],,,
1270,254069,[1146*5],,,
1910,1670961,[1146*5],,,
1620,1049340,[1146*5],,,
1930,1728267,[1146*5],,,
1940,1752093,[1146*5],,,
1610,992027,[1146*5],,,
1660,1213167,[1146*5],,,
1920,1710124,[1146*5],,,
1510,739188,[1146*5],,,
1400,677117,[1146*5],,,
1310,439718,[1146*5],,,
1660,1217937,[1146*5],,,
2060,1875482,[1146*5],,,
1920,1718005,[1146*5],,,
1940,1756372,[1146*5],,,
1620,1047801,[1146*5],,,
1850,1573490,[1146*5],,,
1950,1766043,[1146*5],,,
1930,1743599,[1146*5],,,
1420,697000,[1146*5],,,
1930,1740335,[1146*5],,,
2210,2002816,[1146*5],,,
1620,1049804,[1146*5],,,
1460,734310,[1146*5],,,
1590,940540,[1146*5],,,
1390,650824,[1146*5],,,
1920,1709120,[1146*5],,,
1840,1566382,[1146*5],,,
1590,939101,[1146*5],,,
2000,1820243,[1146*5],,,
1990,1797237,[1146*5],,,
1610,992323,[1146*5],,,
1970,1778144,[1146*5],,,
1910,1665695,[1146*5],,,
1900,1663420,[1146*5],,,
1940,1751319,[1146*5],,,
1510,736498,[1146*5],,,
1940,1753823,[1146*5],,,
1510,769912,[1146*5],,,
1950,1759344,[1146*5],,,
2050,1844461,[1146*5],,,
1420,697083,[1146*5],,,
1910,1700561,[1146*5],,,
1590,922637,[1146*5],,,
1600,974697,[1146*5],,,
1590,1872561,[1146*5],,,
1510,769774,[1146*5],,,
1390,634383,[1146*5],,,
1910,1687179,[1146*5],,,
1460,735639,[1146*5],,,
1770,1445542,[1146*5],,,
1680,1411470,[1146*5],,,
1510,762870,[1146*5],,,
1630,1081138,[1146*5],,,
1850,1575442,[1146*5],,,
1900,1659740,[1146*5],,,
1440,1390714,[1146*5],,,
1720,1381612,[1146*5],,,
1630,1097947,[1146*5],,,
1610,995698,[1146*5],,,
1930,1732863,[1146*5],,,
1510,740548,[1146*5],,,
2170,1976861,[1146*5],,,
2140,1948892,[1146*5],,,
1930,1738506,[1146*5],,,
1950,1765805,[1146*5],,,
1900,1650122,[1146*5],,,
1170,96505,[1146*5],,,
1910,1679250,[1146*5],,,
2020,1822069,[1146*5],,,
2160,1967066,[1146*5],,,
2220,2016741,[1146*5],,,
1580,880231,[1146*5],,,
1620,1024090,[1146*5],,,
1950,1764324,[1146*5],,,
1390,644917,[1146*5],,,
1610,1017215,[1146*5],,,
1540,800494,[1146*5],,,
1960,1771098,[1146*5],,,
1930,1727343,[1146*5],,,
1940,1751799,[1146*5],,,
1570,843718,[1146*5],,,
1620,1037100,[1146*5],,,
2170,1964436,[1146*5],,,
1630,1094031,[1146*5],,,
1590,907305,[1146*5],,,
1940,1753468,[1146*5],,,
1910,1666378,[1146*5],,,
1980,1788630,[1146*5],,,
2240,2049513,[1146*5],,,
2090,1885027,[1146*5],,,
1700,1346439,[1146*5],,,
2230,2023514,[1146*5],,,
2180,1993558,[1146*5],,,
1540,798477,[1146*5],,,
1510,760936,[1146*5],,,
2020,1830061,[1146*5],,,
1990,1798927,[1146*5],,,
1910,1689054,[1146*5],,,
2080,1879062,[1146*5],,,
2030,1836992,[1146*5],,,
1910,1680680,[1146*5],,,
1970,1776670,[1146*5],,,
1820,1533052,[1146*5],,,
1390,638120,[1146*5],,,
1930,1730019,[1146*5],,,
1670,1255350,[1146*5],,,
1930,1728754,[1146*5],,,
1510,1032084,[1146*5],,,
1940,1747832,[1146*5],,,
1580,896761,[1146*5],,,
1600,982279,[1146*5],,,
1580,875773,[1146*5],,,
1510,754484,[1146*5],,,
1970,1777771,[1146*5],,,
1910,1676247,[1146*5],,,
1270,329349,[1146*5],,,
1630,1090710,[1146*5],,,
1550,803729,[1146*5],,,
1460,729573,[1146*5],,,
1170,46553,[1146*5],,,
1870,1611460,[1146*5],,,
1570,833939,[1146*5],,,
1750,1414989,[1146*5],,,
1560,1521716,[1146*5],,,
1920,1719437,[1146*5],,,
1930,1733435,[1146*5],,,
1890,1634140,[1146*5],,,
1400,677466,[1146*5],,,
1910,1687308,[1146*5],,,
2020,1820177,[1146*5],,,
2060,1869530,[1146*5],,,
1900,1657296,[1146*5],,,
1420,688175,[1146*5],,,
1600,974603,[1146*5],,,
1270,230092,[1146*5],,,
1510,755115,[1146*5],,,
1600,971189,[1146*5],,,
1560,820858,[1146*5],,,
1170,54799,[1146*5],,,
1930,1735614,[1146*5],,,
1930,1743283,[1146*5],,,
1390,610865,[1146*5],,,
2220,2021400,[1146*5],,,
1970,1780753,[1146*5],,,
1170,15309,[1146*5],,,
1930,1738427,[1146*5],,,
1530,784626,[1146*5],,,
1270,210410,[1146*5],,,
1670,1290741,[1146*5],,,
1400,667161,[1146*5],,,
1910,1691905,[1146*5],,,
1970,1780965,[1146*5],,,
1740,1406722,[1146*5],,,
2060,1872410,[1146*5],,,
1600,948234,[1146*5],,,
1910,1681819,[1146*5],,,
1900,1652596,[1146*5],,,
1960,1771369,[1146*5],,,
1820,1534369,[1146*5],,,
1620,1050517,[1146*5],,,
1570,856649,[1146*5],,,
1560,813185,[1146*5],,,
1580,897421,[1146*5],,,
1170,66591,[1146*5],,,
2170,1973284,[1146*5],,,
1610,1003342,[1146*5],,,
2220,2028370,[1146*5],,,
1400,658948,[1146*5],,,
1690,1316573,[1146*5],,,
1970,1778577,[1146*5],,,
1930,1737959,[1146*5],,,
1510,739522,[1146*5],,,
1690,1314513,[1146*5],,,
2200,2006338,[1146*5],,,
1980,1784157,[1146*5],,,
1460,728627,[1146*5],,,
1870,1615474,[1146*5],,,
1930,1740823,[1146*5],,,
1910,1703627,[1146*5],,,
1540,803161,[1146*5],,,
1910,1686533,[1146*5],,,
1920,1710112,[1146*5],,,
1680,1282444,[1146*5],,,
1910,1664871,[1146*5],,,
1600,947869,[1146*5],,,
1760,1435684,[1146*5],,,
1940,1746760,[1146*5],,,
1630,1071791,[1146*5],,,
1910,1664848,[1146*5],,,
1860,1601038,[1146*5],,,
1910,1673075,[1146*5],,,
1880,1628795,[1146*5],,,
1820,1532945,[1146*5],,,
1930,1729701,[1146*5],,,
1580,885398,[1146*5],,,
1940,1752216,[1146*5],,,
1920,1720174,[1146*5],,,
1850,1585463,[1146*5],,,
1700,1640874,[1146*5],,,
1910,1694222,[1146*5],,,
1680,1270386,[1146*5],,,
1690,1318167,[1146*5],,,
1920,1717355,[1146*5],,,
1660,1217148,[1146*5],,,
1910,1666406,[1146*5],,,
1960,1768340,[1146*5],,,
1940,1748745,[1146*5],,,
2000,1805387,[1146*5],,,
2120,1929699,[1146*5],,,
1620,1050864,[1146*5],,,
1910,1703345,[1146*5],,,
1930,1735740,[1146*5],,,
1910,1699357,[1146*5],,,
2080,1888207,[1146*5],,,
2140,1949445,[1146*5],,,
1930,1744290,[1146*5],,,
1600,967352,[1146*5],,,
1640,1108689,[1146*5],,,
1570,827991,[1146*5],,,
1910,1688332,[1146*5],,,
1940,1752540,[1146*5],,,
1440,714451,[1146*5],,,
1680,1293801,[1146*5],,,
1700,1342620,[1146*5],,,
1910,1695060,[1146*5],,,
1930,1740803,[1146*5],,,
1560,814198,[1146*5],,,
1540,800513,[1146*5],,,
1270,372699,[1146*5],,,
1580,868823,[1146*5],,,
1570,842753,[1146*5],,,
1750,1415600,[1146*5],,,
1540,2062259,[1146*5],,,
1530,794700,[1146*5],,,
1460,729631,[1146*5],,,
2060,1876898,[1146*5],,,
1590,922795,[1146*5],,,
1770,1445617,[1146*5],,,
2000,1814210,[1146*5],,,
2090,1892823,[1146*5],,,
1920,1722477,[1146*5],,,
1670,1234179,[1146*5],,,
1800,1504197,[1146*5],,,
1910,1670482,[1146*5],,,
1620,1026770,[1146*5],,,
1590,913939,[1146*5],,,
1630,1090072,[1146*5],,,
1900,1654503,[1146*5],,,
1930,1741365,[1146*5],,,
1610,990550,[1146*5],,,
1910,1672291,[1146*5],,,
1890,1641011,[1146*5],,,
1350,468372,[1146*5],,,
1580,871983,[1146*5],,,
1540,797443,[1146*5],,,
1840,1556622,[1146*5],,,
1170,41950,[1146*5],,,
2000,1816037,[1146*5],,,
2190,1979892,[1146*5],,,
1620,1044041,[1146*5],,,
1770,1440955,[1146*5],,,
1920,1719011,[1146*5],,,
2170,1973391,[1146*5],,,
1390,650653,[1146*5],,,
1910,1684125,[1146*5],,,
1970,1777276,[1146*5],,,
2150,1945396,[1146*5],,,
2250,2047057,[1146*5],,,
1970,1776247,[1146*5],,,
2170,1963712,[1146*5],,,
1860,1587792,[1146*5],,,
1970,1774939,[1146*5],,,
1390,650712,[1146*5],,,
1650,1185305,[1146*5],,,
2040,1853092,[1146*5],,,
2060,1877117,[1146*5],,,
1920,1710457,[1146*5],,,
1920,1714342,[1146*5],,,
1610,984070,[1146*5],,,
1900,1652261,[1146*5],,,
1680,1289136,[1146*5],,,
1270,309817,[1146*5],,,
2150,1949239,[1146*5],,,
2100,1915979,[1146*5],,,
1740,1407091,[1146*5],,,
1390,651656,[1146*5],,,
1930,1732145,[1146*5],,,
1350,537624,[1146*5],,,
1390,588780,[1146*5],,,
1510,762912,[1146*5],,,
1910,1700034,[1146*5],,,
2160,1961542,[1146*5],,,
2060,1864674,[1146*5],,,
2140,1940895,[1146*5],,,
1570,833254,[1146*5],,,
1930,1742859,[1146*5],,,
1950,1764792,[1146*5],,,
1930,1732912,[1146*5],,,
1460,724877,[1146*5],,,
1630,1375233,[1146*5],,,
1920,1709465,[1146*5],,,
2160,1967018,[1146*5],,,
1440,702654,[1146*5],,,
1570,828253,[1146*5],,,
1640,1118656,[1146*5],,,
1910,1674316,[1146*5],,,
1590,917738,[1146*5],,,
1930,1740887,[1146*5],,,
1610,985134,[1146*5],,,
1960,1769291,[1146*5],,,
1910,1678840,[1146*5],,,
1750,1564421,[1146*5],,,
1970,1779183,[1146*5],,,
1910,1690132,[1146*5],,,
1930,1729930,[1146*5],,,
1660,1203915,[1146*5],,,
1510,744982,[1146*5],,,
1970,1949966,[1146*5],,,
1610,990195,[1146*5],,,
1730,1391678,[1146*5],,,
1930,1730994,[1146*5],,,
2210,2004330,[1146*5],,,
1750,1409097,[1146*5],,,
1600,949295,[1146*5],,,
1750,1407638,[1146*5],,,
1650,1147803,[1146*5],,,
1620,1025586,[1146*5],,,
1920,1724898,[1146*5],,,
1650,1146798,[1146*5],,,
1960,1769935,[1146*5],,,
1600,949087,[1146*5],,,
1970,1974811,[1146*5],,,
1930,1729227,[1146*5],,,
1910,1677555,[1146*5],,,
1960,1773175,[1146*5],,,
1970,1779478,[1146*5],,,
1950,1766059,[1146*5],,,
1910,1678535,[1146*5],,,
1600,979354,[1146*5],,,
2250,2050437,[1146*5],,,
1930,1731820,[1146*5],,,
1170,115852,[1146*5],,,
1570,842517,[1146*5],,,
1950,1762024,[1146*5],,,
2140,1953651,[1146*5],,,
2160,1972062,[1146*5],,,
2250,2033187,[1146*5],,,
1620,1036900,[1146*5],,,
1790,1479160,[1146*5],,,
1540,796572,[1146*5],,,
2000,1803694,[1146*5],,,
2190,1977817,[1146*5],,,
1170,1733455,[1146*5],,,
1930,1733505,[1146*5],,,
1970,1781044,[1146*5],,,
1850,1580683,[1146*5],,,
1750,1415194,[1146*5],,,
1890,1638633,[1146*5],,,
1960,1768067,[1146*5],,,
1920,1708150,[1146*5],,,
1610,996713,[1146*5],,,
2060,1874211,[1146*5],,,
1940,1747556,[1146*5],,,
1930,1729821,[1146*5],,,
1920,1720697,[1146*5],,,
1560,820298,[1146*5],,,
1550,807549,[1146*5],,,
1790,1483236,[1146*5],,,
1590,1633990,[1146*5],,,
1920,1719801,[1146*5],,,
1790,1479627,[1146*5],,,
1420,682169,[1146*5],,,
1900,1649962,[1146*5],,,
1510,761434,[1146*5],,,
1780,1470994,[1146*5],,,
1510,764547,[1146*5],,,
1550,804875,[1146*5],,,
1670,1228452,[1146*5],,,
2050,1838896,[1146*5],,,
1400,661224,[1146*5],,,
1960,1769801,[1146*5],,,
1680,2073295,[1146*5],,,
2000,1803531,[1146*5],,,
2120,1924898,[1146*5],,,
2020,1822753,[1146*5],,,
1790,1481116,[1146*5],,,
1660,1218176,[1146*5],,,
1600,976420,[1146*5],,,
1400,660187,[1146*5],,,
1740,1402990,[1146*5],,,
1570,859170,[1146*5],,,
1640,1108970,[1146*5],,,
1910,1695621,[1146*5],,,
1860,1589820,[1146*5],,,
1820,1527947,[1146*5],,,
1650,1170690,[1146*5],,,
1800,1501588,[1146*5],,,
1850,1581225,[1146*5],,,
1310,455353,[1146*5],,,
2220,2015705,[1146*5],,,
1700,1362274,[1146*5],,,
1650,1172821,[1146*5],,,
1510,1380008,[1146*5],,,
1170,155728,[1146*5],,,
1510,746885,[1146*5],,,
1620,1615877,[1146*5],,,
2140,1937682,[1146*5],,,
2000,1803692,[1146*5],,,
1920,1707996,[1146*5],,,
1930,1731905,[1146*5],,,
1390,1652053,[1146*5],,,
1170,14547,[1146*5],,,
1800,1490972,[1146*5],,,
1570,846517,[1146*5],,,
1650,1183720,[1146*5],,,
1780,1463187,[1146*5],,,
2080,1888957,[1146*5],,,
1990,1800468,[1146*5],,,
1670,1258994,[1146*5],,,
2070,1867153,[1146*5],,,
1600,977014,[1146*5],,,
1920,1707479,[1146*5],,,
1970,1779857,[1146*5],,,
1720,1377979,[1146*5],,,
1950,1765885,[1146*5],,,
1830,1541258,[1146*5],,,
1510,775130,[1146*5],,,
1940,1749972,[1146*5],,,
1910,1704045,[1146*5],,,
1920,1713492,[1146*5],,,
1950,1762005,[1146*5],,,
1780,1458376,[1146*5],,,
1510,777360,[1146*5],,,
2160,1956971,[1146*5],,,
1970,1782073,[1146*5],,,
1960,1772614,[1146*5],,,
1930,1732507,[1146*5],,,
1960,1770038,[1146*5],,,
1920,1726078,[1146*5],,,
1930,1739062,[1146*5],,,
1930,1744964,[1146*5],,,
1510,761625,[1146*5],,,
1740,1399763,[1146*5],,,
1890,1638621,[1146*5],,,
1910,1665164,[1146*5],,,
1920,1711692,[1146*5],,,
1620,1053789,[1146*5],,,
1910,1678301,[1146*5],,,
1170,82221,[1146*5],,,
1610,1006426,[1146*5],,,
1640,1124943,[1146*5],,,
1830,1551809,[1146*5],,,
1550,806433,[1146*5],,,
1920,1724566,[1146*5],,,
1930,1730271,[1146*5],,,
1910,1678404,[1146*5],,,
2020,1836270,[1146*5],,,
1800,1506197,[1146*5],,,
1930,1742180,[1146*5],,,
1890,1635844,[1146*5],,,
1620,1052814,[1146*5],,,
1900,1651749,[1146*5],,,
2240,2040228,[1146*5],,,
1510,764881,[1146*5],,,
1910,1701827,[1146*5],,,
1610,991299,[1146*5],,,
1830,1544810,[1146*5],,,
1900,1660397,[1146*5],,,
1920,1714476,[1146*5],,,
2230,2018175,[1146*5],,,
2050,1855512,[1146*5],,,
1650,1185660,[1146*5],,,
1170,297533,[1146*5],,,
1920,1712058,[1146*5],,,
2060,1875149,[1146*5],,,
1970,1781758,[1146*5],,,
2130,1917552,[1146*5],,,
2090,1910499,[1146*5],,,
2190,1991628,[1146*5],,,
2100,1903409,[1146*5],,,
2230,2013870,[1146*5],,,
2220,2014733,[1146*5],,,
2070,1876927,[1146*5],,,
1880,1628292,[1146*5],,,
1570,848447,[1146*5],,,
1640,1139081,[1146*5],,,
1600,980628,[1146*5],,,
1170,59065,[1146*5],,,
1910,1697553,[1146*30],,,
1610,989031,[1146*5],,,
1700,1365360,[1146*5],,,
1970,1774334,[1146*5],,,
1600,973456,[1146*5],,,
1920,1712046,[1146*5],,,
1390,637855,[1146*5],,,
1960,1767096,[1146*5],,,
1680,1276212,[1146*5],,,
1940,1748525,[1146*5],,,
1920,1711554,[1146*5],,,
2000,1807434,[1146*5],,,
2230,2019140,[1146*5],,,
1310,444036,[1146*5],,,
1930,1727600,[1146*5],,,
1650,1190371,[1146*5],,,
1580,865098,[1146*5],,,
1550,803302,[1146*5],,,
1820,1522950,[1146*5],,,
1920,1710368,[1146*5],,,
1950,1759535,[1146*5],,,
1920,1724748,[1146*5],,,
1510,759061,[1146*5],,,
1970,1778478,[1146*5],,,
1840,1569308,[1146*5],,,
1350,465986,[1146*5],,,
2090,1888967,[1146*5],,,
1950,1759559,[1146*5],,,
2210,2008653,[1146*5],,,
1730,1389583,[1146*5],,,
2180,1985269,[1146*5],,,
1930,1736375,[1146*5],,,
1510,737756,[1146*5],,,
1950,1760941,[1146*5],,,
1530,792949,[1146*5],,,
1920,1714194,[1146*5],,,
1850,1577732,[1146*5],,,
1590,939665,[1146*5],,,
1650,1145775,[1146*5],,,
2120,1930794,[1146*5],,,
1560,1523783,[1146*5],,,
1420,682027,[1146*5],,,
1830,1553288,[1146*5],,,
1990,1799136,[1146*5],,,
2160,1956911,[1146*5],,,
1620,1035776,[1146*5],,,
1820,1523708,[1146*5],,,
1460,723275,[1146*5],,,
1700,1350473,[1146*5],,,
1730,1393517,[1146*5],,,
2120,1921199,[1146*5],,,
1900,1660372,[1146*5],,,
1510,758669,[1146*5],,,
1960,1769779,[1146*5],,,
1860,1597559,[1146*5],,,
1920,1724003,[1146*5],,,
2100,1908531,[1146*5],,,
2030,1830486,[1146*5],,,
1650,1184848,[1146*5],,,
1920,1721765,[1146*5],,,
1530,783433,[1146*5],,,
2160,1968430,[1146*5],,,
1890,1638081,[1146*5],,,
1610,1011669,[1146*5],,,
2200,2011296,[1146*5],,,
1910,1675802,[1146*5],,,
1510,756967,[1146*5],,,
1960,1769342,[1146*5],,,
1530,793910,[1146*5],,,
1860,1592320,[1146*5],,,
1930,1737975,[1146*5],,,
1970,1775609,[1146*5],,,
1530,788535,[1146*5],,,
1170,1672529,[1146*5],,,
1930,1731003,[1146*5],,,
1700,1362543,[1146*5],,,
1920,1712742,[1146*5],,,
1620,2111584,[1146*5],,,
2020,1818038,[1146*5],,,
1930,1730555,[1146*5],,,
1930,1743841,[1146*5],,,
1540,799358,[1146*5],,,
2080,1889541,[1146*5],,,
1610,1012936,[1146*5],,,
1610,1005109,[1146*5],,,
1620,1048615,[1146*5],,,
1610,989938,[1146*5],,,
1400,664475,[1146*5],,,
1600,961287,[1146*5],,,
1910,1675539,[1146*60],,,
1930,1739575,[1146*5],,,
2020,1819327,[1146*5],,,
1940,1756756,[1146*5],,,
1910,1672166,[1146*5],,,
1680,1270989,[1146*5],,,
1270,322195,[1146*5],,,
1930,1734550,[1146*5],,,
1620,1475436,[1146*5],,,
2160,1967136,[1146*5],,,
2020,1817907,[1146*5],,,
1570,827844,[1146*5],,,
1910,1665968,[1146*5],,,
1400,668573,[1146*5],,,
1930,1735669,[1146*5],,,
1270,717954,[1146*5],,,
1550,803584,[1146*5],,,
2180,1989676,[1146*5],,,
1540,800221,[1146*5],,,
1390,604019,[1146*5],,,
1530,779610,[1146*60],,,
1170,189201,[1146*5],,,
1170,699500,[1146*5],,,
1310,446779,[1146*5],,,
2160,1959021,[1146*5],,,
1970,1775995,[1146*5],,,
1890,1634721,[1146*5],,,
1390,628828,[1146*5],,,
1920,1708590,[1146*5],,,
1670,1242637,[1146*5],,,
2000,1820841,[1146*5],,,
2000,1803158,[1146*5],,,
2250,2035567,[1146*5],,,
1420,679669,[1146*5],,,
1850,1583176,[1146*5],,,
1760,1435069,[1146*5],,,
1930,1741688,[1146*5],,,
1530,784029,[1146*5],,,
1420,691897,[1146*5],,,
1890,1642187,[1146*5],,,
1750,1419639,[1146*5],,,
1910,1682353,[1146*5],,,
1750,1414844,[1146*5],,,
1870,1616022,[1146*5],,,
1880,1620730,[1146*5],,,
1570,858681,[1146*5],,,
1880,1623430,[1146*5],,,
1440,704520,[1146*5],,,
1940,1754687,[1146*5],,,
2000,1807399,[1146*5],,,
1950,1761598,[1146*5],,,
1860,1601005,[1146*5],,,
1540,799713,[1146*5],,,
1640,1121336,[1146*5],,,
1660,1209427,[1146*5],,,
1550,803922,[1146*5],,,
1950,1761175,[1146*5],,,
1920,1719285,[1146*5],,,
1970,1774490,[1146*5],,,
1920,1716146,[1146*5],,,
1910,1667682,[1146*5],,,
2220,2023837,[1146*5],,,
1910,1672873,[1146*5],,,
1890,1634918,[1146*5],,,
1510,745347,[1146*5],,,
1920,1713081,[1146*5],,,
1540,802116,[1146*5],,,
1940,1749158,[1146*5],,,
1560,815174,[1146*5],,,
1660,1207640,[1146*5],,,
1640,1141872,[1146*5],,,
1970,1781702,[1146*5],,,
1930,1730836,[1146*5],,,
1910,1705305,[1146*5],,,
1540,802721,[1146*5],,,
1390,655630,[1146*5],,,
1960,1768021,[1146*5],,,
1770,1453848,[1146*5],,,
1460,722648,[1146*5],,,
1890,1631261,[1146*5],,,
1970,1776059,[1146*5],,,
1910,1701950,[1146*5],,,
2230,2013633,[1146*5],,,
1910,1670334,[1146*5],,,
1640,1126592,[1146*5],,,
1860,1593064,[1146*5],,,
1310,435202,[1146*5],,,
1350,520032,[1146*5],,,
1920,1714770,[1146*5],,,
2020,1827682,[1146*5],,,
1850,1584817,[1146*5],,,
2110,1911626,[1146*5],,,
1560,824757,[1146*5],,,
1670,1241215,[1146*5],,,
1400,902365,[1146*5],,,
1350,493375,[1146*5],,,
1830,1541355,[1146*5],,,
2060,1875121,[1146*5],,,
1910,1692797,[1146*5],,,
1920,1715104,[1146*5],,,
1390,631694,[1146*5],,,
1920,1709781,[1146*5],,,
1910,1678363,[1146*5],,,
1310,445223,[1146*5],,,
1910,1695781,[1146*5],,,
1390,653211,[1146*5],,,
1930,1740681,[1146*5],,,
1910,1671130,[1146*5],,,
1930,1740784,[1146*5],,,
1900,1657269,[1146*5],,,
1530,1792220,[1146*5],,,
1920,1712596,[1146*5],,,
1870,1616035,[1146*5],,,
1850,1581099,[1146*5],,,
1970,1779421,[1146*5],,,
1960,1768490,[1146*5],,,
1910,1675767,[1146*5],,,
1900,1650714,[1146*5],,,
1910,1688751,[1146*5],,,
1170,29321,[1146*5],,,
1440,708303,[1146*5],,,
1920,1726286,[1146*5],,,
2000,1812600,[1146*5],,,
2120,1929554,[1146*5],,,
2210,2001840,[1146*5],,,
1390,600535,[1146*5],,,
1910,1692415,[1146*5],,,
1650,1145228,[1146*5],,,
1750,1409066,[1146*5],,,
1640,1139772,[1146*5],,,
2060,1870877,[1146*5],,,
2060,1875592,[1146*5],,,
1910,1703072,[1146*5],,,
1570,843149,[1146*5],,,
1270,1741080,[1146*5],,,
1610,996255,[1146*5],,,
1920,1711876,[1146*5],,,
1920,1713379,[1146*5],,,
1570,844825,[1146*5],,,
1170,90313,[1146*5],,,
1440,711818,[1146*5],,,
1600,979206,[1146*5],,,
1310,458447,[1146*5],,,
1750,1419746,[1146*5],,,
1870,1612874,[1146*5],,,
1510,770159,[1146*5],,,
1660,1214889,[1146*5],,,
1900,1648753,[1146*5],,,
1940,1749556,[1146*5],,,
2140,1946056,[1146*5],,,
1910,1702896,[1146*5],,,
1350,481645,[1146*5],,,
1930,1727223,[1146*5],,,
1630,1076218,[1146*5],,,
1970,1777019,[1146*5],,,
2210,1996099,[1146*5],,,
2130,1929182,[1146*5],,,
1910,1683944,[1146*5],,,
1530,786860,[1146*5],,,
1910,1689450,[1146*5],,,
1510,1560864,[1146*5],,,
1900,1655082,[1146*5],,,
2080,1879729,[1146*5],,,
1660,1212453,[1146*5],,,
1970,1780909,[1146*5],,,
2020,1821218,[1146*5],,,
1650,1146534,[1146*5],,,
1970,1775944,[1146*5],,,
1900,1663739,[1146*5],,,
1970,1778773,[1146*5],,,
1610,1018055,[1146*5],,,
1270,337849,[1146*5],,,
1920,1720091,[1146*5],,,
1170,139294,[1146*5],,,
1670,1230445,[1146*5],,,
1940,1749494,[1146*5],,,
1650,1184220,[1146*5],,,
1620,1047999,[1146*5],,,
1580,876458,[1146*5],,,
1680,1298336,[1146*5],,,
1960,1771908,[1146*5],,,
1590,940073,[1146*5],,,
1900,1660760,[1146*5],,,
1630,1099280,[1146*5],,,
1920,1720248,[1146*5],,,
1910,1668719,[1146*5],,,
1630,1071984,[1146*5],,,
1670,1259165,[1146*5],,,
1570,834589,[1146*5],,,
1600,976541,[1146*5],,,
2230,2023393,[1146*5],,,
1920,1715708,[1146*5],,,
2190,1984014,[1146*5],,,
1820,1523030,[1146*5],,,
1590,927587,[1146*5],,,
1980,1787517,[1146*5],,,
2140,1948099,[1146*5],,,
1910,1683963,[1146*5],,,
1990,1801341,[1146*5],,,
2140,1943441,[1146*5],,,
1650,1183035,[1146*5],,,
1600,975640,[1146*5],,,
1920,1713224,[1146*5],,,
1350,463606,[1146*5],,,
1760,1431745,[1146*5],,,
1170,178729,[1146*5],,,
1610,988594,[1146*5],,,
2200,2011555,[1146*5],,,
2110,1915548,[1146*5],,,
2200,1999446,[1146*5],,,
1600,977941,[1146*5],,,
2120,1927808,[1146*5],,,
1590,932220,[1146*5],,,
1610,994623,[1146*5],,,
1640,1109187,[1146*5],,,
1620,1036369,[1146*5],,,
1170,156647,[1146*5],,,
1590,939744,[1146*5],,,
1310,445130,[1146*5],,,
2030,1835034,[1146*5],,,
1910,1684189,[1146*5],,,
1970,1777587,[1146*5],,,
1550,810675,[1146*5],,,
1630,1071983,[1146*5],,,
1700,1360194,[1146*5],,,
2220,2023985,[1146*5],,,
1740,1397499,[1146*5],,,
1570,848273,[1146*5],,,
2090,1883881,[1146*5],,,
1700,1341074,[1146*5],,,
1930,1740003,[1146*5],,,
1600,972102,[1146*5],,,
1750,1421759,[1146*5],,,
1670,1641612,[1146*5],,,
1790,1487458,[1146*5],,,
1920,1719962,[1146*5],,,
1910,1696956,[1146*5],,,
1940,1750189,[1146*5],,,
1930,1732047,[1146*5],,,
1620,1054778,[1146*5],,,
2120,1918457,[1146*5],,,
1550,804459,[1146*5],,,
1400,658923,[1146*5],,,
1530,780909,[1146*5],,,
1920,1719898,[1146*5],,,
1910,1672352,[1146*5],,,
1610,994945,[1146*5],,,
1970,1775059,[1146*5],,,
1930,1741813,[1146*5],,,
1530,786963,[1146*5],,,
1970,1778308,[1146*5],,,
1910,1693441,[1146*5],,,
1910,1681578,[1146*5],,,
2130,1921728,[1146*5],,,
1910,1677345,[1146*5],,,
1950,1766407,[1146*5],,,
1910,1670584,[1146*5],,,
1910,1679524,[1146*5],,,
1680,1299446,[1146*5],,,
1800,1895724,[1146*5],,,
1630,1088968,[1146*5],,,
1540,797773,[1146*5],,,
1810,1514220,[1146*5],,,
2170,1967194,[1146*5],,,
1980,1786824,[1146*5],,,
1570,851646,[1146*5],,,
1690,1316177,[1146*5],,,
1910,1690032,[1146*5],,,
1620,1028705,[1146*5],,,
1620,1054319,[1146*5],,,
1950,1761120,[1146*5],,,
1950,1764819,[1146*5],,,
1840,1560099,[1146*5],,,
1510,755384,[1146*5],,,
1350,488627,[1146*5],,,
1930,1735999,[1146*5],,,
1930,1740265,[1146*5],,,
1570,837416,[1146*5],,,
1920,1716821,[1146*5],,,
1910,1679764,[1146*5],,,
1550,805631,[1146*5],,,
1610,1003762,[1146*5],,,
2150,1952222,[1146*5],,,
2060,1867991,[1146*5],,,
1580,899677,[1146*5],,,
1920,1707217,[1146*5],,,
1170,64100,[1146*5],,,
1770,1451972,[1146*5],,,
2220,2017151,[1146*5],,,
1540,796960,[1146*5],,,
1750,1420284,[1146*5],,,
1850,1583397,[1146*5],,,
1820,1529367,[1146*5],,,
1620,1061382,[1146*5],,,
1930,1735422,[1146*5],,,
1580,860012,[1146*5],,,
2070,1865980,[1146*5],,,
2100,1903185,[1146*5],,,
1950,1761253,[1146*5],,,
1940,1754892,[1146*5],,,
1950,1760964,[1146*5],,,
1720,1382237,[1146*5],,,
1870,1605126,[1146*5],,,
1540,797301,[1146*5],,,
1900,1661435,[1146*5],,,
1840,1566048,[1146*5],,,
1400,664457,[1146*5],,,
1910,1681539,[1146*5],,,
1700,1365152,[1146*5],,,
1980,1788891,[1146*5],,,
1400,674860,[1146*5],,,
1570,830367,[1146*5],,,
1640,1140516,[1146*5],,,
1890,1631609,[1146*5],,,
1620,1047495,[1146*5],,,
1900,1644371,[1146*5],,,
1960,1772429,[1146*5],,,
1440,705606,[1146*5],,,
1790,1474037,[1146*5],,,
1530,785204,[1146*5],,,
1880,1630338,[1146*5],,,
1510,771878,[1146*5],,,
1910,1690308,[1146*5],,,
1900,1643704,[1146*5],,,
1910,1676849,[1146*5],,,
1350,520655,[1146*5],,,
1610,1014334,[1146*5],,,
1850,1585020,[1146*5],,,
1620,1036088,[1146*5],,,
1270,215260,[1146*5],,,
2100,1901685,[1146*5],,,
1930,1733000,[1146*5],,,
1690,1306230,[1146*5],,,
1750,1409148,[1146*5],,,
1580,2041291,[1146*5],,,
1930,1745352,[1146*5],,,
2160,1970417,[1146*5],,,
2120,1920102,[1146*5],,,
2210,2008448,[1146*5],,,
1530,786689,[1146*5],,,
1940,1754098,[1146*5],,,
2240,2036133,[1146*5],,,
1930,1744760,[1146*5],,,
1960,1773041,[1146*5],,,
1950,1759248,[1146*5],,,
1930,1740175,[1146*5],,,
1950,1759959,[1146*5],,,
1950,1760334,[1146*5],,,
1690,1330486,[1146*5],,,
1780,1471170,[1146*5],,,
1540,798103,[1146*5],,,
1570,844937,[1146*5],,,
1590,906504,[1146*5],,,
1910,1691738,[1146*5],,,
1530,790072,[1146*5],,,
1600,979388,[1146*5],,,
2160,1975202,[1146*5],,,
1930,1732768,[1146*5],,,
2010,1810409,[1146*5],,,
1920,1709040,[1146*5],,,
2240,2038831,[1146*5],,,
1900,2003478,[1146*5],,,
1670,1227652,[1146*5],,,
1440,705871,[1146*5],,,
1860,1598525,[1146*5],,,
1650,1184593,[1146*5],,,
1590,909790,[1146*5],,,
1920,1713344,[1146*5],,,
1930,1737292,[1146*5],,,
2250,2032722,[1146*5],,,
2140,1950298,[1146*5],,,
1930,1739081,[1146*5],,,
1620,1036769,[1146*5],,,
1510,736603,[1146*5],,,
1640,1107233,[1146*5],,,
1750,1411484,[1146*5],,,
1930,1744902,[1146*5],,,
1530,789543,[1146*5],,,
1950,1757804,[1146*5],,,
2080,1881069,[1146*5],,,
1420,680641,[1146*5],,,
1560,813685,[1146*5],,,
1790,1473897,[1146*5],,,
1920,1712274,[1146*5],,,
1910,1688792,[1146*5],,,
1910,1684352,[1146*5],,,
1730,1386836,[1146*5],,,
1910,1675956,[1146*5],,,
1510,756096,[1146*5],,,
1950,1760313,[1146*5],,,
1760,1428272,[1146*5],,,
1620,1057760,[1146*5],,,
1910,1686145,[1146*5],,,
1700,1341791,[1146*5],,,
1600,976494,[1146*5],,,
1630,1110857,[1146*5],,,
2020,1817984,[1146*5],,,
1600,972072,[1146*5],,,
2020,1832318,[1146*5],,,
1620,1034437,[1146*5],,,
1910,1677273,[1146*5],,,
1440,714646,[1146*5],,,
1680,1269666,[1146*5],,,
1390,678963,[1146*5],,,
1940,1750191,[1146*5],,,
2210,2011964,[1146*5],,,
1960,1771354,[1146*5],,,
1350,498831,[1146*5],,,
1930,1743759,[1146*5],,,
1630,1080193,[1146*5],,,
1930,1745754,[1146*5],,,
1920,1720736,[1146*5],,,
1810,1521745,[1146*5],,,
1580,873960,[1146*5],,,
1940,1747046,[1146*5],,,
1550,810691,[1146*5],,,
1310,451964,[1146*5],,,
1400,664632,[1146*5],,,
1420,1644587,[1146*5],,,
1590,1009300,[1146*5],,,
1940,1750611,[1146*5],,,
1580,860254,[1146*5],,,
1910,1692271,[1146*5],,,
1540,796868,[1146*5],,,
2000,1806632,[1146*5],,,
2090,1892798,[1146*5],,,
1700,1346780,[1146*5],,,
1620,1048233,[1146*5],,,
1810,1513990,[1146*5],,,
1440,700536,[1146*5],,,
1660,1215720,[1146*5],,,
1690,1315145,[1146*5],,,
2050,1838482,[1146*5],,,
1440,700251,[1146*5],,,
2040,1854113,[1146*5],,,
1660,1192122,[1146*5],,,
1590,905271,[1146*5],,,
1910,1673544,[1146*5],,,
1970,1779327,[1146*5],,,
2200,1999905,[1146*5],,,
1910,1690079,[1146*5],,,
1620,1037611,[1146*5],,,
1970,1776857,[1146*5],,,
1460,734563,[1146*5],,,
1510,749354,[1146*5],,,
1750,1421383,[1146*5],,,
1700,1341582,[1146*5],,,
1820,1531437,[1146*5],,,
1860,1592515,[1146*5],,,
1870,1612601,[1146*5],,,
1460,728449,[1146*5],,,
1950,1758275,[1146*5],,,
1630,1104854,[1146*5],,,
1910,1701848,[1146*5],,,
1510,777405,[1146*5],,,
1910,1671716,[1146*5],,,
1510,765673,[1146*5],,,
1700,1363133,[1146*5],,,
1790,1479370,[1146*5],,,
1590,920647,[1146*5],,,
1780,1471566,[1146*5],,,
1750,1421441,[1146*5],,,
1720,1384088,[1146*5],,,
1940,1751124,[1146*5],,,
1910,1669841,[1146*5],,,
1940,1754598,[1146*5],,,
1950,1758859,[1146*5],,,
2160,1958886,[1146*5],,,
1930,1743040,[1146*5],,,
1390,566397,[1146*5],,,
1540,796465,[1146*5],,,
1440,709135,[1146*5],,,
1700,1360578,[1146*5],,,
1950,1764935,[1146*5],,,
1570,835776,[1146*5],,,
2230,2029229,[1146*5],,,
2150,1951227,[1146*5],,,
1610,1004819,[1146*5],,,
1910,1677740,[1146*5],,,
1970,1777196,[1146*5],,,
1660,1193989,[1146*5],,,
2170,1963665,[1146*5],,,
1910,1689377,[1146*5],,,
1640,1137306,[1146*5],,,
1910,1696577,[1146*5],,,
1580,869859,[1146*5],,,
1760,1427406,[1146*5],,,
1940,1749899,[1146*5],,,
1940,1753907,[1146*5],,,
1860,1589691,[1146*5],,,
1910,1698779,[1146*5],,,
2080,1890795,[1146*5],,,
2140,1936517,[1146*5],,,
2230,2018506,[1146*5],,,
2070,1859178,[1146*5],,,
1840,1559370,[1146*5],,,
1700,1344969,[1146*5],,,
1570,837687,[1146*5],,,
1650,1160014,[1146*5],,,
1900,1648573,[1146*5],,,
1460,730464,[1146*5],,,
1820,1521973,[1146*5],,,
1910,1698669,[1146*5],,,
1930,1739525,[1146*5],,,
1910,1698570,[1146*5],,,
1880,1626736,[1146*5],,,
1980,1791361,[1146*5],,,
2140,1946892,[1146*5],,,
1840,1568920,[1146*5],,,
1600,975899,[1146*5],,,
1910,1701396,[1146*5],,,
1910,1703587,[1146*5],,,
1640,1109711,[1146*5],,,
1960,1772415,[1146*5],,,
1940,1753663,[1146*5],,,
1910,1692593,[1146*5],,,
1970,1776517,[1146*5],,,
1930,1733149,[1146*5],,,
1610,1784588,[1146*5],,,
1970,1780853,[1146*5],,,
1650,1169458,[1146*5],,,
1680,1287286,[1146*5],,,
1950,1765144,[1146*5],,,
1920,1718385,[1146*5],,,
1920,1706734,[1146*5],,,
1400,675963,[1146*5],,,
1550,810745,[1146*5],,,
2050,1840026,[1146*5],,,
1740,1400282,[1146*5],,,
1580,867995,[1146*5],,,
1780,1479465,[1146*5],,,
2100,1903772,[1146*5],,,
1460,722098,[1146*5],,,
1650,1183972,[1146*5],,,
1900,1662864,[1146*5],,,
1590,917642,[1146*5],,,
1440,715967,[1146*5],,,
1540,799632,[1146*5],,,
1970,1777701,[1146*5],,,
1910,1684016,[1146*5],,,
1390,629663,[1146*5],,,
2160,1974849,[1146*5],,,
2170,1964642,[1146*5],,,
1170,65057,[1146*5],,,
1680,1706555,[1146*5],,,
2160,1969127,[1146*5],,,
1510,776128,[1146*5],,,
1920,1720269,[1146*5],,,
1550,810225,[1146*5],,,
1510,754440,[1146*5],,,
1700,1346769,[1146*5],,,
1960,1769385,[1146*5],,,
2050,1845121,[1146*5],,,
2180,1983850,[1146*5],,,
1950,1758082,[1146*5],,,
1950,1757817,[1146*5],,,
1950,1762142,[1146*5],,,
1930,1727259,[1146*5],,,
1960,1767313,[1146*5],,,
1940,1747371,[1146*5],,,
1890,1635959,[1146*5],,,
1760,1432907,[1146*5],,,
1620,1029009,[1146*5],,,
1770,1439133,[1146*5],,,
1570,848457,[1146*5],,,
1930,1736875,[1146*5],,,
1670,1256287,[1146*5],,,
1610,1019469,[1146*5],,,
1970,1774560,[1146*5],,,
1940,1750887,[1146*5],,,
1980,1789579,[1146*5],,,
2070,1870980,[1146*5],,,
2240,2033253,[1146*5],,,
2030,1833104,[1146*5],,,
1750,1417183,[1146*5],,,
1640,1105865,[1146*5],,,
1670,1237514,[1146*5],,,
1750,1413218,[1146*5],,,
1270,306552,[1146*5],,,
1680,1267769,[1146*5],,,
1960,1767920,[1146*5],,,
1650,1188509,[1146*5],,,
2180,1986425,[1146*5],,,
1930,1729681,[1146*5],,,
1960,1773578,[1146*5],,,
1630,1099497,[1146*5],,,
1940,1755251,[1146*5],,,
1900,1660280,[1146*5],,,
1930,1732009,[1146*5],,,
1270,367170,[1146*5],,,
1910,1699955,[1146*5],,,
1860,1593011,[1146*5],,,
1970,1780620,[1146*5],,,
2080,1894697,[1146*5],,,
2220,2016420,[1146*5],,,
1170,96506,[1146*5],,,
1820,1523141,[1146*5],,,
1900,1650890,[1146*5],,,
2170,1955906,[1146*5],,,
1600,1131083,[1146*5],,,
2000,1809121,[1146*5],,,
1510,1647967,[1146*5],,,
1740,1394994,[1146*5],,,
1940,1750394,[1146*5],,,
1660,1208567,[1146*5],,,
1860,1595704,[1146*5],,,
1570,835185,[1146*5],,,
1650,1146318,[1146*5],,,
1420,1092435,[1146*5],,,
1910,1678338,[1146*5],,,
1950,1758050,[1146*5],,,
1860,1603532,[1146*5],,,
1670,1236687,[1146*5],,,
1960,1773597,[1146*5],,,
1920,1720005,[1146*5],,,
2080,1884916,[1146*5],,,
1970,1777835,[1146*5],,,
1390,555152,[1146*5],,,
1810,1516455,[1146*5],,,
1910,1664754,[1146*5],,,
1910,1666219,[1146*5],,,
1910,1684912,[1146*5],,,
1970,1781202,[1146*5],,,
1660,1193098,[1146*5],,,
1930,1734481,[1146*5],,,
2090,1877451,[1146*5],,,
1920,1709878,[1146*5],,,
2210,2009212,[1146*5],,,
1970,1778352,[1146*5],,,
1900,1649862,[1146*5],,,
1940,1756177,[1146*5],,,
1970,1778276,[1146*5],,,
1960,1768973,[1146*5],,,
1910,1675327,[1146*5],,,
1970,1778768,[1146*5],,,
1700,1349464,[1146*5],,,
1770,1450008,[1146*5],,,
1870,1612064,[1146*5],,,
1910,1681884,[1146*5],,,
1920,1723216,[1146*5],,,
1810,1521772,[1146*5],,,
1910,1692361,[1146*5],,,
1870,1615834,[1146*5],,,
1920,1723653,[1146*5],,,
1960,1769464,[1146*5],,,
1950,1762969,[1146*5],,,
1620,1035990,[1146*5],,,
1600,963548,[1146*5],,,
1690,1307367,[1146*5],,,
1530,780943,[1146*5],,,
1600,968073,[1146*5],,,
1920,1715721,[1146*5],,,
1650,1186004,[1146*5],,,
1420,698175,[1146*5],,,
1920,1721381,[1146*5],,,
1890,1631435,[1146*5],,,
1930,1746137,[1146*5],,,
1650,1185585,[1146*5],,,
1930,1739253,[1146*5],,,
1930,1734086,[1146*5],,,
1890,1631585,[1146*5],,,
1840,1558005,[1146*5],,,
1650,1185058,[1146*5],,,
1850,1581235,[1146*5],,,
1540,798866,[1146*5],,,
1610,1014461,[1146*5],,,
1930,1734099,[1146*5],,,
1720,1377214,[1146*5],,,
1670,1259503,[1146*5],,,
1940,1754826,[1146*5],,,
1650,1144896,[1146*5],,,
1590,930888,[1146*5],,,
1550,805414,[1146*5],,,
2080,1880170,[1146*5],,,
1270,224416,[1146*5],,,
1640,1125089,[1146*5],,,
1660,2118493,[1146*5],,,
1510,771582,[1146*5],,,
1170,1697088,[1146*5],,,
1960,1769608,[1146*5],,,
1910,1696820,[1146*5],,,
1910,1674877,[1146*5],,,
1910,1697553,[1146*60],,,
1170,62449,[1146*5],,,
1830,1541376,[1146*5],,,
1920,1725734,[1146*5],,,
1420,681276,[1146*5],,,
1700,1362601,[1146*5],,,
1540,802123,[1146*5],,,
1890,1638000,[1146*5],,,
2250,2036879,[1146*5],,,
1460,720491,[1146*5],,,
2150,1942595,[1146*5],,,
1920,1707238,[1146*5],,,
1910,1700597,[1146*5],,,
1840,1560429,[1146*5],,,
2100,1905579,[1146*5],,,
2080,1881667,[1146*5],,,
1910,1672379,[1146*5],,,
1510,753270,[1146*5],,,
1930,1734937,[1146*5],,,
1530,795165,[1146*5],,,
1930,1739514,[1146*5],,,
1570,857710,[1146*5],,,
1650,1151445,[1146*5],,,
1910,1701255,[1146*5],,,
1610,1003079,[1146*5],,,
1580,866923,[1146*5],,,
1170,20661,[1146*5],,,
1800,1502121,[1146*5],,,
1910,1674626,[1146*5],,,
1860,1593518,[1146*5],,,
1940,1750688,[1146*5],,,
1970,1775233,[1146*5],,,
1740,1403026,[1146*5],,,
1920,1706375,[1146*5],,,
1590,940209,[1146*5],,,
1390,641583,[1146*5],,,
1570,1019909,[1146*5],,,
1590,907761,[1146*5],,,
1910,1674556,[1146*5],,,
1640,1114570,[1146*5],,,
1270,234956,[1146*5],,,
1680,1269873,[1146*5],,,
1910,1686408,[1146*5],,,
1570,846005,[1146*5],,,
1930,1744691,[1146*5],,,
1270,342847,[1146*5],,,
2240,2036805,[1146*5],,,
1910,1694380,[1146*5],,,
1930,1743034,[1146*5],,,
1550,804894,[1146*5],,,
1970,1775377,[1146*5],,,
2170,1956019,[1146*5],,,
1850,1578977,[1146*5],,,
1810,1509176,[1146*5],,,
1920,1721711,[1146*5],,,
1650,1146263,[1146*5],,,
1590,908434,[1146*5],,,
1580,885028,[1146*5],,,
2050,1849605,[1146*5],,,
2090,1898241,[1146*5],,,
2070,1867849,[1146*5],,,
1910,1690689,[1146*5],,,
1620,1049128,[1146*5],,,
1920,1706427,[1146*5],,,
1910,1668026,[1146*5],,,
1940,1753448,[1146*5],,,
1620,1060334,[1146*5],,,
1690,1319194,[1146*5],,,
1550,809882,[1146*5],,,
2200,2000926,[1146*5],,,
2120,1919374,[1146*5],,,
2160,1969004,[1146*5],,,
1390,632648,[1146*5],,,
1960,1770044,[1146*5],,,
1900,1657975,[1146*5],,,
1760,1431978,[1146*5],,,
1510,753811,[1146*5],,,
1910,1675158,[1146*5],,,
1600,957938,[1146*5],,,
1750,1415971,[1146*5],,,
1400,673698,[1146*5],,,
1920,1715158,[1146*5],,,
1910,1691499,[1146*5],,,
1930,1739105,[1146*5],,,
1460,730875,[1146*5],,,
1920,1724251,[1146*5],,,
2050,1844685,[1146*5],,,
1610,991181,[1146*5],,,
2150,1949044,[1146*5],,,
1920,1713528,[1146*5],,,
1630,1092345,[1146*5],,,
1420,688865,[1146*5],,,
1910,1673129,[1146*5],,,
1600,963317,[1146*5],,,
1950,1762499,[1146*5],,,
1630,1070678,[1146*5],,,
2190,1982345,[1146*5],,,
2170,1974873,[1146*5],,,
1350,482182,[1146*5],,,
1780,1459126,[1146*5],,,
1770,1449287,[1146*5],,,
1930,1740831,[1146*5],,,
1510,750934,[1146*5],,,
1970,1775186,[1146*5],,,
1800,1503161,[1146*5],,,
1950,1758192,[1146*5],,,
1910,1682812,[1146*5],,,
1930,1728761,[1146*5],,,
1170,844755,[1146*5],,,
1880,1626988,[1146*5],,,
1840,1566180,[1146*5],,,
1690,1336716,[1146*5],,,
1580,898989,[1146*5],,,
1920,1709893,[1146*5],,,
1390,643013,[1146*5],,,
1510,759830,[1146*5],,,
1600,974477,[1146*5],,,
1920,1720675,[1146*5],,,
1970,1781080,[1146*5],,,
1550,1827129,[1146*5],,,
1820,1527821,[1146*5],,,
1920,1722649,[1146*5],,,
2140,1949693,[1146*5],,,
1620,1615858,[1146*5],,,
1580,860604,[1146*5],,,
1930,1730379,[1146*5],,,
1350,471538,[1146*5],,,
1660,1191629,[1146*5],,,
1960,1767793,[1146*5],,,
1920,1722710,[1146*5],,,
2220,2018205,[1146*5],,,
1510,743279,[1146*5],,,
1780,1470025,[1146*5],,,
1880,1619308,[1146*5],,,
1530,788507,[1146*5],,,
1960,1768488,[1146*5],,,
2000,1804724,[1146*5],,,
2240,2044286,[1146*5],,,
2020,1823898,[1146*5],,,
2060,1873965,[1146*5],,,
1970,1777756,[1146*5],,,
1860,1592963,[1146*5],,,
1960,1769789,[1146*5],,,
1900,1652100,[1146*5],,,
1940,1748932,[1146*5],,,
1830,1555727,[1146*5],,,
1920,1717901,[1146*5],,,
1760,1424346,[1146*5],,,
1630,1103203,[1146*5],,,
1930,1729613,[1146*5],,,
1960,1767604,[1146*5],,,
1640,1112207,[1146*5],,,
1840,1559063,[1146*5],,,
1510,758503,[1146*5],,,
1620,1049573,[1146*5],,,
1890,1637670,[1146*5],,,
1700,1347522,[1146*5],,,
1610,986673,[1146*5],,,
2090,1886669,[1146*5],,,
2240,2036324,[1146*5],,,
1910,1703306,[1146*5],,,
1880,2031704,[1146*5],,,
1700,1344201,[1146*5],,,
1690,1329313,[1146*5],,,
1810,1511226,[1146*5],,,
2150,1939244,[1146*5],,,
2190,1990434,[1146*5],,,
1910,1672347,[1146*5],,,
1170,61822,[1146*5],,,
1550,808679,[1146*5],,,
1530,793284,[1146*5],,,
1910,1684682,[1146*5],,,
1920,1708130,[1146*5],,,
1570,858493,[1146*5],,,
1460,734424,[1146*5],,,
1620,1036220,[1146*5],,,
2060,1863274,[1146*5],,,
2210,2003807,[1146*5],,,
1590,927876,[1146*5],,,
1910,1679230,[1146*5],,,
1910,1686359,[1146*5],,,
1530,789340,[1146*5],,,
1910,1689350,[1146*5],,,
1950,1764750,[1146*5],,,
1600,954691,[1146*5],,,
1570,837340,[1146*5],,,
1630,1096346,[1146*5],,,
1710,1373798,[1146*5],,,
1970,1781296,[1146*5],,,
1170,15323,[1146*5],,,
1590,910338,[1146*5],,,
2050,1844554,[1146*5],,,
2000,1811596,[1146*5],,,
1910,1667267,[1146*5],,,
2240,2036089,[1146*5],,,
1510,754965,[1146*5],,,
1920,1719841,[1146*5],,,
1940,1754484,[1146*5],,,
2240,2041841,[1146*5],,,
1960,1769560,[1146*5],,,
1750,1412925,[1146*5],,,
2190,1980651,[1146*5],,,
2160,1968626,[1146*5],,,
2070,1867814,[1146*5],,,
1930,1740288,[1146*5],,,
1390,579997,[1146*5],,,
1590,902953,[1146*5],,,
1950,1766594,[1146*5],,,
1930,1744737,[1146*5],,,
1620,1051644,[1146*5],,,
1510,774270,[1146*5],,,
1920,1896270,[1146*5],,,
1840,1569761,[1146*5],,,
2150,1934756,[1146*5],,,
1920,1707099,[1146*5],,,
1640,1123022,[1146*5],,,
1660,1199899,[1146*5],,,
1890,1637271,[1146*5],,,
1540,799174,[1146*5],,,
2240,2038730,[1146*5],,,
1460,730251,[1146*5],,,
1660,1218352,[1146*5],,,
1690,1332836,[1146*5],,,
1940,1757174,[1146*5],,,
1630,1104127,[1146*5],,,
1890,1637252,[1146*5],,,
2090,1880951,[1146*5],,,
1920,1723650,[1146*5],,,
1580,875291,[1146*5],,,
1790,1474536,[1146*5],,,
1960,1766952,[1146*5],,,
1950,1761666,[1146*5],,,
1590,912293,[1146*5],,,
1870,1613587,[1146*5],,,
1390,623081,[1146*5],,,
1830,1552412,[1146*5],,,
1460,735344,[1146*5],,,
1910,1695977,[1146*5],,,
1170,76109,[1146*5],,,
1820,1523007,[1146*5],,,
1390,643444,[1146*5],,,
1510,753545,[1146*5],,,
1970,1776676,[1146*5],,,
1170,186487,[1146*5],,,
1740,1601648,[1146*5],,,
1970,1777863,[1146*5],,,
1910,1670383,[1146*5],,,
1640,1126140,[1146*5],,,
1680,1263110,[1146*5],,,
1940,1752315,[1146*5],,,
1970,1776737,[1146*5],,,
1910,1673212,[1146*5],,,
1930,1730416,[1146*5],,,
1940,1746494,[1146*5],,,
1590,907812,[1146*5],,,
1990,1799665,[1146*5],,,
1610,995867,[1146*5],,,
2070,1859225,[1146*5],,,
2060,1871954,[1146*5],,,
1930,1732654,[1146*5],,,
1860,1588110,[1146*5],,,
1580,899654,[1146*5],,,
1270,204176,[1146*5],,,
2000,1822721,[1146*5],,,
1310,420292,[1146*5],,,
1980,1783197,[1146*5],,,
1640,1136983,[1146*5],,,
1910,1676971,[1146*5],,,
1540,801431,[1146*5],,,
1310,447134,[1146*5],,,
1630,1075412,[1146*5],,,
1570,852117,[1146*5],,,
1640,1129908,[1146*5],,,
1930,1732689,[1146*5],,,
1750,1420378,[1146*5],,,
1920,1717776,[1146*5],,,
1650,1182814,[1146*5],,,
1920,1717100,[1146*5],,,
1950,1765128,[1146*5],,,
1780,1473485,[1146*5],,,
1700,1354938,[1146*5],,,
1440,719200,[1146*5],,,
1950,1765253,[1146*5],,,
2060,1872819,[1146*5],,,
1900,1659491,[1146*5],,,
1390,650842,[1146*5],,,
1540,802889,[1146*5],,,
1930,1740850,[1146*5],,,
1880,1622699,[1146*5],,,
1630,1081417,[1146*5],,,
1930,1744014,[1146*5],,,
1680,1290417,[1146*5],,,
1910,1699537,[1146*5],,,
1920,1720601,[1146*5],,,
1890,1638158,[1146*5],,,
1970,1775794,[1146*5],,,
2240,2045462,[1146*5],,,
2140,1946624,[1146*5],,,
2090,1893192,[1146*5],,,
1920,1710191,[1146*5],,,
1900,1660696,[1146*5],,,
1940,1746857,[1146*5],,,
1910,1675194,[1146*5],,,
1820,1538304,[1146*5],,,
1390,633731,[1146*15],,,
1580,888165,[1146*5],,,
1700,1363293,[1146*5],,,
1620,1050406,[1146*5],,,
1940,1753545,[1146*5],,,
1920,1714564,[1146*5],,,
1790,1475803,[1146*5],,,
1600,963654,[1146*5],,,
1620,1049757,[1146*5],,,
1620,1034306,[1146*5],,,
1970,1779837,[1146*5],,,
1440,717987,[1146*5],,,
1920,1722704,[1146*5],,,
1900,1648517,[1146*5],,,
1700,1341164,[1146*5],,,
1740,1403145,[1146*5],,,
1390,656440,[1146*5],,,
1980,1786722,[1146*5],,,
2080,1880747,[1146*5],,,
1750,1414159,[1146*5],,,
1610,1791257,[1146*5],,,
1920,1722528,[1146*5],,,
2200,2008873,[1146*5],,,
1900,1644726,[1146*5],,,
1660,1203849,[1146*5],,,
1650,1187235,[1146*5],,,
2060,1870225,[1146*5],,,
2180,1988735,[1146*5],,,
2020,1836282,[1146*5],,,
2170,1977100,[1146*5],,,
2000,1808558,[1146*5],,,
1650,1184521,[1146*5],,,
1640,1114206,[1146*5],,,
1650,1163432,[1146*5],,,
1610,995245,[1146*5],,,
1420,692590,[1146*5],,,
1690,1334892,[1146*5],,,
1960,1770719,[1146*5],,,
1270,315767,[1146*5],,,
1640,1120052,[1146*5],,,
1930,1733786,[1146*5],,,
1170,83928,[1146*5],,,
1550,808303,[1146*5],,,
1960,1769114,[1146*5],,,
1530,783250,[1146*5],,,
1910,1679686,[1146*5],,,
2100,1899318,[1146*5],,,
1910,1680160,[1146*5],,,
1530,780636,[1146*5],,,
2170,1967188,[1146*5],,,
1910,1694015,[1146*5],,,
1420,683663,[1146*5],,,
1660,1374233,[1146*5],,,
1950,1761519,[1146*5],,,
1890,1634964,[1146*5],,,
1570,859269,[1146*5],,,
1940,1748403,[1146*5],,,
1890,1631569,[1146*5],,,
2080,1881326,[1146*5],,,
1570,834387,[1146*5],,,
1620,1045257,[1146*5],,,
1580,886848,[1146*5],,,
1530,792482,[1146*5],,,
1800,1505453,[1146*5],,,
1530,791504,[1146*5],,,
1870,1604223,[1146*5],,,
1270,240062,[1146*5],,,
1350,493765,[1146*5],,,
1870,1617698,[1146*5],,,
1910,1668393,[1146*5],,,
1980,1783913,[1146*5],,,
2120,1924541,[1146*5],,,
1920,1716217,[1146*5],,,
1910,1692183,[1146*5],,,
1510,744882,[1146*5],,,
2200,2007783,[1146*5],,,
2240,2033476,[1146*5],,,
1650,1183957,[1146*5],,,
1630,1635110,[1146*5],,,
1920,1710315,[1146*5],,,
1590,918496,[1146*5],,,
1890,1638719,[1146*5],,,
1950,1759641,[1146*5],,,
1620,1051880,[1146*5],,,
1960,1767114,[1146*5],,,
1350,509060,[1146*5],,,
1920,1720397,[1146*5],,,
1650,1174830,[1146*5],,,
1960,1770034,[1146*5],,,
1600,978075,[1146*5],,,
2230,2019762,[1146*5],,,
1960,1767057,[1146*5],,,
1950,1758465,[1146*5],,,
1830,1543964,[1146*5],,,
1850,1578034,[1146*5],,,
1650,1146675,[1146*5],,,
1820,1532972,[1146*5],,,
1690,1325316,[1146*5],,,
2170,1954247,[1146*5],,,
1990,1797560,[1146*5],,,
1970,1781226,[1146*5],,,
1910,1689192,[1146*5],,,
1950,1760834,[1146*5],,,
1920,1723828,[1146*5],,,
1510,758015,[1146*5],,,
2100,1914742,[1146*5],,,
2000,1807298,[1146*5],,,
1610,1335533,[1146*5],,,
1920,1715703,[1146*5],,,
2230,2029776,[1146*5],,,
1390,588523,[1146*5],,,
1930,1734921,[1146*5],,,
1510,758811,[1146*5],,,
1850,1587719,[1146*5],,,
1390,627694,[1146*5],,,
2170,1963674,[1146*5],,,
2240,2031729,[1146*5],,,
1540,801281,[1146*5],,,
1460,724987,[1146*5],,,
1680,1290416,[1146*5],,,
1650,1169174,[1146*5],,,
1650,1158863,[1146*5],,,
1770,1446634,[1146*5],,,
1580,897857,[1146*5],,,
1510,765916,[1146*5],,,
1530,790595,[1146*5],,,
1830,1553448,[1146*5],,,
1550,809765,[1146*5],,,
1920,1711905,[1146*5],,,
1910,1700037,[1146*5],,,
1910,1677529,[1146*5],,,
1910,1679765,[1146*5],,,
1660,1198400,[1146*5],,,
1570,842223,[1146*5],,,
1270,299596,[1146*5],,,
1760,1425062,[1146*5],,,
2110,1899623,[1146*5],,,
1990,1793417,[1146*5],,,
1570,837607,[1146*5],,,
1680,1728713,[1146*5],,,
1630,1099477,[1146*5],,,
1910,1675490,[1146*5],,,
1510,753850,[1146*5],,,
1910,1674580,[1146*5],,,
1930,1731107,[1146*5],,,
1590,937988,[1146*5],,,
1910,1686535,[1146*5],,,
1620,1091677,[1146*5],,,
1600,960543,[1146*5],,,
1970,1776379,[1146*5],,,
1590,907780,[1146*5],,,
2130,1928391,[1146*5],,,
1940,1748742,[1146*5],,,
1770,1444917,[1146*5],,,
1900,1660002,[1146*5],,,
1930,1744934,[1146*5],,,
1970,1778894,[1146*5],,,
1830,1546113,[1146*5],,,
1510,763918,[1146*5],,,
2190,1995675,[1146*5],,,
2080,1896005,[1146*5],,,
1510,1930312,[1146*5],,,
1650,1152772,[1146*5],,,
1850,1583447,[1146*5],,,
1910,1686300,[1146*5],,,
1960,1771260,[1146*5],,,
1900,1664151,[1146*5],,,
1920,1714686,[1146*5],,,
2080,1883074,[1146*5],,,
1910,1693151,[1146*5],,,
1640,1111927,[1146*5],,,
1600,965524,[1146*5],,,
1940,1754810,[1146*5],,,
1670,1229653,[1146*5],,,
1390,644138,[1146*5],,,
1170,27276,[1146*5],,,
1560,814346,[1146*5],,,
1630,1105012,[1146*5],,,
1460,728192,[1146*5],,,
1620,1024365,[1146*5],,,
1600,977363,[1146*5],,,
1950,1762906,[1146*5],,,
1930,1737390,[1146*5],,,
1510,739512,[1146*5],,,
1570,852312,[1146*5],,,
1390,654354,[1146*5],,,
1580,893740,[1146*5],,,
1640,1109169,[1146*5],,,
1270,267542,[1146*5],,,
1170,817602,[1146*5],,,
1580,902507,[1146*5],,,
1700,1844538,[1146*5],,,
2170,1957817,[1146*5],,,
1920,1724868,[1146*5],,,
1560,826058,[1146*5],,,
1920,1716122,[1146*5],,,
2130,1919530,[1146*5],,,
1860,1589320,[1146*5],,,
1650,1182806,[1146*5],,,
1170,160122,[1146*5],,,
1650,1161138,[1146*5],,,
1310,405262,[1146*5],,,
1510,737773,[1146*5],,,
2210,2009693,[1146*5],,,
2190,1980271,[1146*5],,,
2030,1832550,[1146*5],,,
1910,1674646,[1146*5],,,
1310,405272,[1146*5],,,
1920,1725678,[1146*5],,,
2210,2006171,[1146*5],,,
2220,2018921,[1146*5],,,
1990,1798679,[1146*5],,,
1680,1289070,[1146*5],,,
1510,1772356,[1146*5],,,
1930,1743024,[1146*5],,,
1600,963489,[1146*5],,,
1960,1771459,[1146*5],,,
1590,910279,[1146*5],,,
1920,1713546,[1146*5],,,
1580,897664,[1146*5],,,
1910,1699987,[1146*5],,,
1580,899257,[1146*5],,,
1950,1763984,[1146*5],,,
1670,1240416,[1146*5],,,
1910,1698333,[1146*5],,,
1700,1346877,[1146*5],,,
2170,1956612,[1146*5],,,
1610,1001544,[1146*5],,,
1460,729613,[1146*5],,,
1920,1719544,[1146*5],,,
1680,1289152,[1146*5],,,
1510,744165,[1146*5],,,
1900,1662286,[1146*5],,,
1540,799783,[1146*5],,,
1920,1713626,[1146*5],,,
1590,905235,[1146*5],,,
1890,1642361,[1146*5],,,
2210,2001640,[1146*5],,,
1690,1305462,[1146*5],,,
1510,778608,[1146*5],,,
1610,1010770,[1146*5],,,
1170,1232390,[1146*5],,,
1930,1742323,[1146*5],,,
1580,894328,[1146*5],,,
1910,1694952,[1146*5],,,
1840,1559357,[1146*5],,,
1390,641146,[1146*5],,,
1620,1022757,[1146*5],,,
1420,693145,[1146*5],,,
1590,917127,[1146*5],,,
1910,1679748,[1146*5],,,
1580,895801,[1146*5],,,
1590,932182,[1146*5],,,
2170,1954868,[1146*5],,,
2100,1908260,[1146*5],,,
2060,1870143,[1146*5],,,
2250,2040812,[1146*5],,,
1170,70009,[1146*5],,,
1980,1784158,[1146*5],,,
2060,1866646,[1146*5],,,
2000,1811143,[1146*5],,,
2110,1916046,[1146*5],,,
1670,1232743,[1146*5],,,
1390,622227,[1146*5],,,
1910,1669279,[1146*5],,,
1910,1691722,[1146*5],,,
1750,1410549,[1146*5],,,
1550,808605,[1146*5],,,
1460,721122,[1146*5],,,
2170,1954916,[1146*5],,,
2200,2007477,[1146*5],,,
1920,1711912,[1146*5],,,
1740,1395249,[1146*5],,,
1990,1797611,[1146*5],,,
1510,757772,[1146*5],,,
2080,1893068,[1146*5],,,
1610,1017027,[1146*5],,,
1900,1654691,[1146*5],,,
1400,676408,[1146*5],,,
1600,948455,[1146*5],,,
1590,936611,[1146*5],,,
1960,1766734,[1146*5],,,
1940,1753040,[1146*5],,,
1940,1749945,[1146*5],,,
1780,1458101,[1146*5],,,
1900,1644509,[1146*5],,,
1440,702219,[1146*5],,,
1270,372217,[1146*5],,,
1510,763771,[1146*5],,,
1890,1637436,[1146*5],,,
1640,1122525,[1146*5],,,
1920,1720605,[1146*5],,,
1420,691608,[1146*5],,,
1920,1715252,[1146*5],,,
1930,1729380,[1146*5],,,
1440,717728,[1146*5],,,
1790,1479060,[1146*5],,,
1550,806190,[1146*5],,,
1950,1766411,[1146*5],,,
1930,1739669,[1146*5],,,
1540,797668,[1146*5],,,
1640,1129513,[1146*5],,,
1910,1692807,[1146*5],,,
2130,1930890,[1146*5],,,
2200,2009223,[1146*5],,,
1910,1692510,[1146*5],,,
1580,877760,[1146*5],,,
1920,1715971,[1146*5],,,
1910,1665330,[1146*5],,,
2050,1848275,[1146*5],,,
1930,1745621,[1146*5],,,
1640,1128900,[1146*5],,,
1910,1687417,[1146*5],,,
1530,794262,[1146*5],,,
1510,775280,[1146*5],,,
1420,680761,[1146*5],,,
1640,1114246,[1146*5],,,
1920,1712978,[1146*5],,,
1420,696837,[1146*5],,,
1880,1620770,[1146*5],,,
1960,1766811,[1146*5],,,
1850,1583672,[1146*5],,,
1940,1754586,[1146*5],,,
1400,669616,[1146*5],,,
2030,1837643,[1146*5],,,
2000,1811670,[1146*5],,,
2100,1904331,[1146*5],,,
1390,597711,[1146*5],,,
1600,958810,[1146*5],,,
1510,745142,[1146*5],,,
1960,1766629,[1146*5],,,
2170,1956458,[1146*5],,,
1400,671279,[1146*5],,,
2080,1879371,[1146*5],,,
1960,1767546,[1146*5],,,
1170,15336,[1146*5],,,
1630,1101232,[1146*5],,,
1400,666741,[1146*5],,,
1620,1032906,[1146*5],,,
1680,1270750,[1146*5],,,
1920,1717871,[1146*5],,,
1540,802626,[1146*5],,,
1970,1786114,[1146*5],,,
1970,1780657,[1146*5],,,
1970,1773975,[1146*5],,,
1640,1118980,[1146*5],,,
1510,736624,[1146*5],,,
1170,90949,[1146*5],,,
1930,1738074,[1146*5],,,
1610,1014217,[1146*5],,,
1940,1748476,[1146*5],,,
1640,1115062,[1146*5],,,
1960,1771411,[1146*5],,,
1620,1046882,[1146*5],,,
1930,1729330,[1146*5],,,
1970,1774500,[1146*5],,,
1690,1311026,[1146*5],,,
1590,937405,[1146*5],,,
2220,2019763,[1146*5],,,
1610,987047,[1146*5],,,
1880,1619578,[1146*5],,,
1740,1404098,[1146*5],,,
1950,1763591,[1146*5],,,
1660,1206373,[1146*5],,,
1350,468497,[1146*5],,,
1930,1733264,[1146*5],,,
1930,1733294,[1146*5],,,
1460,732776,[1146*5],,,
1940,1749777,[1146*5],,,
1350,467720,[1146*5],,,
1350,530947,[1146*5],,,
1990,1799895,[1146*5],,,
1590,917893,[1146*5],,,
2160,1958586,[1146*5],,,
2190,1979508,[1146*5],,,
2190,1986422,[1146*5],,,
1900,1656918,[1146*5],,,
1620,1033301,[1146*5],,,
1660,1208303,[1146*5],,,
1930,1739296,[1146*5],,,
1550,806787,[1146*5],,,
1770,1443930,[1146*5],,,
1600,949825,[1146*5],,,
1570,832762,[1146*5],,,
1880,1619453,[1146*5],,,
1670,1240204,[1146*5],,,
1620,1049955,[1146*5],,,
1560,817579,[1146*5],,,
1910,1668389,[1146*5],,,
2020,1837907,[1146*5],,,
1740,1403555,[1146*5],,,
1680,1269505,[1146*5],,,
1990,1800641,[1146*5],,,
1880,1621590,[1146*5],,,
1960,1769527,[1146*5],,,
1910,1668907,[1146*5],,,
1920,1724751,[1146*5],,,
1530,791779,[1146*5],,,
2050,1853718,[1146*5],,,
1680,1275948,[1146*5],,,
2040,1852880,[1146*5],,,
1970,1780419,[1146*5],,,
1570,855190,[1146*5],,,
1620,1048541,[1146*5],,,
1930,1731275,[1146*5],,,
1640,1110567,[1146*5],,,
1530,787221,[1146*5],,,
1620,1065590,[1146*5],,,
1600,955191,[1146*5],,,
1970,1778435,[1146*5],,,
2000,1821910,[1146*5],,,
1880,1623226,[1146*5],,,
1910,1702119,[1146*5],,,
1970,1777593,[1146*5],,,
1680,1265985,[1146*5],,,
1810,1512716,[1146*5],,,
1910,1691506,[1146*5],,,
1630,1079624,[1146*5],,,
1570,848348,[1146*5],,,
1860,1589854,[1146*5],,,
2230,2020537,[1146*5],,,
1760,1425767,[1146*5],,,
1700,1365490,[1146*5],,,
1440,713328,[1146*5],,,
1880,1984378,[1146*5],,,
1910,1683585,[1146*5],,,
1170,23638,[1146*5],,,
1510,765161,[1146*5],,,
1740,1406306,[1146*5],,,
1910,1693367,[1146*5],,,
1740,1399774,[1146*5],,,
1930,1745452,[1146*5],,,
1390,654826,[1146*5],,,
1560,815232,[1146*5],,,
1670,1232668,[1146*5],,,
1930,1738316,[1146*5],,,
1950,1766376,[1146*5],,,
1910,1688177,[1146*5],,,
1970,1780375,[1146*5],,,
2220,2017159,[1146*5],,,
1590,932067,[1146*5],,,
2230,2012822,[1146*5],,,
2130,1922920,[1146*5],,,
1590,917389,[1146*5],,,
1910,1664750,[1146*5],,,
1650,1150622,[1146*5],,,
1960,1767722,[1146*5],,,
1990,1793183,[1146*5],,,
2040,1838240,[1146*5],,,
2050,1858451,[1146*5],,,
1970,1774173,[1146*5],,,
1730,1585238,[1146*5],,,
1590,916186,[1146*5],,,
1780,1459672,[1146*5],,,
1920,1718356,[1146*5],,,
1910,1695640,[1146*5],,,
1510,918318,[1146*5],,,
1720,1381789,[1146*5],,,
1930,1727911,[1146*5],,,
1270,286780,[1146*5],,,
1900,1662101,[1146*5],,,
1900,1664119,[1146*5],,,
2100,1914405,[1146*5],,,
1910,1693415,[1146*5],,,
1800,1499684,[1146*5],,,
1930,1730040,[1146*5],,,
1740,1397340,[1146*5],,,
1530,788273,[1146*5],,,
1950,1762016,[1146*5],,,
1700,1358027,[1146*5],,,
1790,1479533,[1146*5],,,
1940,1755477,[1146*5],,,
1650,1182870,[1146*5],,,
1910,1667340,[1146*5],,,
1700,1364137,[1146*5],,,
2220,2028540,[1146*5],,,
1940,1747799,[1146*5],,,
1690,1338056,[1146*5],,,
1870,1604737,[1146*5],,,
1270,326443,[1146*5],,,
1930,1732184,[1146*5],,,
1920,1707361,[1146*5],,,
1740,1395505,[1146*5],,,
1900,1661121,[1146*5],,,
1550,808354,[1146*5],,,
1920,1726842,[1146*5],,,
1920,1710565,[1146*5],,,
1510,748671,[1146*5],,,
1960,1770096,[1146*5],,,
1700,1358184,[1146*5],,,
1750,1411240,[1146*5],,,
1910,1678951,[1146*5],,,
1920,1722861,[1146*5],,,
2180,1981480,[1146*5],,,
2160,1974942,[1146*5],,,
1910,1670698,[1146*5],,,
1850,1587095,[1146*5],,,
1950,1758751,[1146*5],,,
1600,957291,[1146*5],,,
1620,1060818,[1146*5],,,
1440,707738,[1146*5],,,
2060,1870065,[1146*5],,,
2240,2035000,[1146*5],,,
1930,1744046,[1146*5],,,
1840,1563373,[1146*5],,,
1970,1774675,[1146*5],,,
1910,1679150,[1146*5],,,
1910,1689984,[1146*5],,,
1170,59624,[1146*5],,,
1920,1706311,[1146*5],,,
1700,1341338,[1146*5],,,
1640,1117331,[1146*5],,,
2100,1906650,[1146*5],,,
1870,1611682,[1146*5],,,
1530,795479,[1146*5],,,
1900,1656756,[1146*5],,,
1870,1617835,[1146*5],,,
1910,1697892,[1146*5],,,
1400,675219,[1146*5],,,
1930,1737231,[1146*5],,,
1420,698059,[1146*5],,,
1680,1269549,[1146*5],,,
1570,832176,[1146*5],,,
1920,1725463,[1146*5],,,
2120,1920382,[1146*5],,,
1940,1753943,[1146*5],,,
2170,1960849,[1146*5],,,
1970,1776628,[1146*5],,,
1530,780045,[1146*5],,,
1810,1512263,[1146*5],,,
1860,1625609,[1146*5],,,
1420,692823,[1146*5],,,
1440,703610,[1146*5],,,
1440,704553,[1146*5],,,
1630,1068371,[1146*5],,,
1640,1108781,[1146*5],,,
2160,1969543,[1146*5],,,
1550,806475,[1146*5],,,
1930,1742223,[1146*5],,,
1650,1170011,[1146*5],,,
1310,425749,[1146*5],,,
1930,1733122,[1146*5],,,
1510,741837,[1146*5],,,
1170,24890,[1146*5],,,
1170,55592,[1146*5],,,
1590,942727,[1146*5],,,
1650,1155381,[1146*5],,,
1910,1672851,[1146*5],,,
1620,1029229,[1146*5],,,
2200,2006949,[1146*5],,,
2230,2017820,[1146*5],,,
1610,987080,[1146*5],,,
1560,816206,[1146*5],,,
1970,1776856,[1146*5],,,
2190,1978509,[1146*5],,,
2100,1912906,[1146*5],,,
1510,1976851,[1146*5],,,
1940,1749233,[1146*5],,,
1930,1734372,[1146*5],,,
1570,1406271,[1146*5],,,
1910,1690808,[1146*5],,,
1610,987522,[1146*5],,,
1970,1778365,[1146*5],,,
1270,255480,[1146*5],,,
1970,1946738,[1146*5],,,
2130,1920074,[1146*5],,,
1930,1744311,[1146*5],,,
2200,2009893,[1146*5],,,
2240,2045148,[1146*5],,,
2000,1808924,[1146*5],,,
1310,422492,[1146*5],,,
2060,1866757,[1146*5],,,
2210,2004678,[1146*5],,,
1910,1687230,[1146*5],,,
1610,995000,[1146*5],,,
1980,1785526,[1146*5],,,
2090,1880836,[1146*5],,,
1920,1723386,[1146*5],,,
1920,1714128,[1146*5],,,
1950,1765403,[1146*5],,,
2020,1830143,[1146*5],,,
2100,1909974,[1146*5],,,
1600,965173,[1146*5],,,
1910,1674322,[1146*5],,,
1440,709902,[1146*5],,,
1930,1730935,[1146*5],,,
1930,1746256,[1146*5],,,
1780,1467193,[1146*5],,,
1680,1271769,[1146*5],,,
1680,1274922,[1146*5],,,
1910,1696224,[1146*5],,,
1930,1733445,[1146*5],,,
1650,1182769,[1146*5],,,
1800,1495159,[1146*5],,,
2000,1814648,[1146*5],,,
1840,1567377,[1146*5],,,
1590,932778,[1146*5],,,
1750,1411812,[1146*5],,,
1820,1531613,[1146*5],,,
2050,1850969,[1146*5],,,
1930,1733823,[1146*5],,,
1970,1777448,[1146*5],,,
1350,535779,[1146*5],,,
1570,829805,[1146*5],,,
1920,1718561,[1146*5],,,
1670,1255830,[1146*5],,,
1580,1510821,[1146*5],,,
1610,990383,[1146*5],,,
1920,1717089,[1146*5],,,
1910,1677255,[1146*5],,,
1930,1731548,[1146*5],,,
1610,991417,[1146*5],,,
1510,765493,[1146*5],,,
1950,1760605,[1146*5],,,
1390,588566,[1146*5],,,
1930,1745714,[1146*5],,,
1800,1491892,[1146*5],,,
2170,1960804,[1146*5],,,
1390,650346,[1146*5],,,
1840,1566009,[1146*5],,,
1460,725875,[1146*5],,,
1910,1668416,[1146*5],,,
1440,720149,[1146*5],,,
1970,2067711,[1146*5],,,
1910,1678423,[1146*5],,,
1400,675419,[1146*5],,,
1910,1930686,[1146*5],,,
1590,939364,[1146*5],,,
2120,1929891,[1146*5],,,
2110,1905292,[1146*5],,,
2100,1907161,[1146*5],,,
2220,2015102,[1146*5],,,
2200,2009748,[1146*5],,,
2210,2007824,[1146*5],,,
1750,1413060,[1146*5],,,
2170,1965143,[1146*5],,,
1910,1674267,[1146*5],,,
1930,1746078,[1146*5],,,
2000,1816242,[1146*5],,,
2050,1858213,[1146*5],,,
1710,1369663,[1146*5],,,
1940,1749767,[1146*5],,,
1910,1690231,[1146*5],,,
1270,230128,[1146*5],,,
1880,1623503,[1146*5],,,
1600,971693,[1146*5],,,
1440,701045,[1146*5],,,
1960,1768979,[1146*5],,,
2190,1979244,[1146*5],,,
2210,2012152,[1146*5],,,
2230,2029451,[1146*5],,,
2000,1830751,[1146*5],,,
1920,1721428,[1146*5],,,
1850,1573948,[1146*5],,,
1910,1692587,[1146*5],,,
1950,1759774,[1146*5],,,
1400,674478,[1146*5],,,
1550,807238,[1146*5],,,
1640,1116537,[1146*5],,,
1900,1653743,[1146*5],,,
1920,1710851,[1146*5],,,
1680,1274516,[1146*5],,,
1970,1778161,[1146*5],,,
2160,1965344,[1146*5],,,
2050,1846925,[1146*5],,,
1920,1726612,[1146*5],,,
1640,1110552,[1146*5],,,
1920,1706323,[1146*5],,,
1620,1040964,[1146*5],,,
2200,2001911,[1146*5],,,
2120,1922721,[1146*5],,,
1920,1707864,[1146*5],,,
1630,1069665,[1146*5],,,
1440,888326,[1146*5],,,
1630,1090513,[1146*5],,,
1390,657310,[1146*5],,,
1660,1220981,[1146*5],,,
1920,1711220,[1146*5],,,
1920,1719572,[1146*5],,,
2100,1901628,[1146*5],,,
2120,1919899,[1146*5],,,
1390,656577,[1146*5],,,
1540,798290,[1146*5],,,
1860,1589402,[1146*5],,,
1640,1107595,[1146*5],,,
1950,1766610,[1146*5],,,
1910,1694456,[1146*5],,,
1700,1350045,[1146*5],,,
1910,1695005,[1146*5],,,
1510,753593,[1146*5],,,
1860,1598805,[1146*5],,,
1600,968630,[1146*5],,,
2070,1875189,[1146*5],,,
2080,1885462,[1146*5],,,
1550,811011,[1146*5],,,
2150,1947932,[1146*5],,,
2010,1806325,[1146*5],,,
1390,593518,[1146*5],,,
2080,1887008,[1146*5],,,
2170,1967528,[1146*5],,,
1420,694138,[1146*5],,,
1170,48118,[1146*5],,,
1960,1771639,[1146*5],,,
1970,1779588,[1146*5],,,
1440,700400,[1146*5],,,
1610,1007911,[1146*5],,,
1860,1589336,[1146*5],,,
1950,1758894,[1146*5],,,
1790,1479671,[1146*5],,,
1640,1107235,[1146*5],,,
1980,1791232,[1146*5],,,
1920,1707568,[1146*5],,,
1630,1071035,[1146*5],,,
1780,1465303,[1146*5],,,
1910,1674905,[1146*5],,,
1870,1617462,[1146*5],,,
1580,861382,[1146*5],,,
1620,1052403,[1146*5],,,
1910,1669660,[1146*5],,,
1910,1676777,[1146*5],,,
1970,1781933,[1146*5],,,
1650,1170298,[1146*5],,,
1830,1544828,[1146*5],,,
1940,1753067,[1146*5],,,
1610,1011582,[1146*5],,,
1910,1678765,[1146*5],,,
1970,1778175,[1146*5],,,
1620,1038445,[1146*5],,,
1860,1598510,[1146*5],,,
1970,1779978,[1146*5],,,
1610,989342,[1146*5],,,
1930,1744375,[1146*5],,,
1390,639682,[1146*5],,,
1390,595147,[1146*5],,,
1990,1794613,[1146*5],,,
1630,1080190,[1146*5],,,
1930,1745578,[1146*5],,,
2230,2021658,[1146*5],,,
2180,1982440,[1146*5],,,
1860,1593605,[1146*5],,,
1740,1402680,[1146*5],,,
1890,1639778,[1146*5],,,
1690,1317492,[1146*5],,,
1600,1782264,[1146*5],,,
1910,1665419,[1146*5],,,
1900,1656516,[1146*5],,,
1510,755288,[1146*5],,,
2240,2047902,[1146*5],,,
1530,780264,[1146*5],,,
1860,1597706,[1146*5],,,
1960,1769711,[1146*5],,,
2200,2003044,[1146*5],,,
2020,1824556,[1146*5],,,
1920,1726936,[1146*5],,,
1610,1008570,[1146*5],,,
1440,720832,[1146*5],,,
1860,1590996,[1146*5],,,
1830,1541070,[1146*5],,,
2240,2042550,[1146*5],,,
1640,1117166,[1146*5],,,
2240,2044798,[1146*5],,,
1570,826624,[1146*5],,,
1660,1203438,[1146*5],,,
1930,1727732,[1146*5],,,
1670,1633438,[1146*5],,,
1620,1067019,[1146*5],,,
1910,1667088,[1146*5],,,
2160,1957581,[1146*5],,,
1510,758458,[1146*5],,,
2190,1978598,[1146*5],,,
1810,1516560,[1146*5],,,
2160,1968832,[1146*5],,,
1930,1738715,[1146*5],,,
1950,1762526,[1146*5],,,
1930,1738073,[1146*5],,,
1510,764031,[1146*5],,,
1550,807341,[1146*5],,,
1980,1791329,[1146*5],,,
1510,772995,[1146*5],,,
1910,1848010,[1146*5],,,
1640,1117991,[1146*5],,,
1900,1647001,[1146*5],,,
1600,976213,[1146*5],,,
2220,2017057,[1146*5],,,
1930,1742047,[1146*5],,,
2220,2028990,[1146*5],,,
1950,1765183,[1146*5],,,
1400,664762,[1146*5],,,
1870,1617682,[1146*5],,,
1670,1261704,[1146*5],,,
1580,863503,[1146*5],,,
1590,906596,[1146*5],,,
1510,745915,[1146*5],,,
1440,700092,[1146*5],,,
1930,1745768,[1146*5],,,
1770,1447144,[1146*5],,,
1940,1747636,[1146*5],,,
2080,1882266,[1146*5],,,
1640,1118952,[1146*5],,,
1710,1368929,[1146*5],,,
1930,1734149,[1146*5],,,
1510,739216,[1146*5],,,
1510,742942,[1146*5],,,
1820,1530625,[1146*5],,,
1390,653314,[1146*5],,,
1560,812858,[1146*5],,,
1860,1597832,[1146*5],,,
1840,1564624,[1146*5],,,
1420,686808,[1146*5],,,
1860,1591209,[1146*5],,,
1660,1216234,[1146*5],,,
2250,2042056,[1146*5],,,
2020,1833183,[1146*5],,,
1620,1024204,[1146*5],,,
2080,1881202,[1146*5],,,
1560,991335,[1146*5],,,
1940,1746609,[1146*5],,,
2070,1867814,[1146*60],,,
2170,1964729,[1146*5],,,
2240,2038569,[1146*5],,,
1510,748797,[1146*5],,,
1440,715759,[1146*5],,,
1940,1754057,[1146*5],,,
1610,987237,[1146*5],,,
1890,1637819,[1146*5],,,
1910,1700647,[1146*5],,,
1800,1492863,[1146*5],,,
1530,792735,[1146*5],,,
1870,1608953,[1146*5],,,
1830,1554365,[1146*5],,,
1540,796373,[1146*5],,,
1930,1742119,[1146*5],,,
1620,1991857,[1146*5],,,
1510,758184,[1146*5],,,
1400,672138,[1146*5],,,
1640,1122800,[1146*5],,,
1970,1779820,[1146*5],,,
1780,1471554,[1146*5],,,
1930,1741251,[1146*5],,,
1610,998555,[1146*5],,,
1740,1395192,[1146*5],,,
1910,1700807,[1146*5],,,
1570,830605,[1146*5],,,
1890,1637973,[1146*5],,,
1570,836937,[1146*5],,,
1930,1735705,[1146*5],,,
1170,124116,[1146*5],,,
1400,677404,[1146*5],,,
1740,1399506,[1146*5],,,
1930,1731776,[1146*5],,,
1960,1769836,[1146*5],,,
1930,1743610,[1146*5],,,
1440,701412,[1146*5],,,
1730,1389444,[1146*5],,,
1900,1660540,[1146*5],,,
1640,1128441,[1146*5],,,
1910,1675218,[1146*5],,,
1910,1672133,[1146*5],,,
2240,2037839,[1146*5],,,
1930,1733299,[1146*5],,,
2220,2023534,[1146*5],,,
2230,2021039,[1146*5],,,
1900,1658703,[1146*5],,,
2150,1935381,[1146*5],,,
1920,1725192,[1146*5],,,
1650,1170275,[1146*5],,,
1460,729515,[1146*15],,,
1760,1423022,[1146*5],,,
2050,1858159,[1146*5],,,
1910,1674408,[1146*5],,,
1620,1039713,[1146*5],,,
2000,1821118,[1146*5],,,
1630,1103392,[1146*5],,,
1940,1752291,[1146*5],,,
1540,802007,[1146*5],,,
1940,1757409,[1146*5],,,
1920,1719802,[1146*5],,,
1580,882231,[1146*5],,,
1910,1700866,[1146*5],,,
1510,760339,[1146*5],,,
1880,1618995,[1146*5],,,
1830,1548092,[1146*5],,,
1910,1691320,[1146*5],,,
2050,1844533,[1146*5],,,
2070,1868655,[1146*5],,,
1580,883749,[1146*5],,,
2070,1860033,[1146*5],,,
1920,1709521,[1146*5],,,
1460,733503,[1146*5],,,
1900,1659217,[1146*5],,,
1530,793068,[1146*5],,,
1580,883745,[1146*5],,,
1350,492750,[1146*5],,,
1560,820778,[1146*5],,,
1930,1743854,[1146*5],,,
1920,1724023,[1146*5],,,
1970,1782597,[1146*5],,,
1780,1857967,[1146*5],,,
1930,1731851,[1146*5],,,
2160,1955354,[1146*5],,,
2140,1939515,[1146*5],,,
1570,853317,[1146*5],,,
1910,1686153,[1146*5],,,
1400,670174,[1146*5],,,
1170,91744,[1146*5],,,
1640,1120402,[1146*5],,,
1620,1066068,[1146*5],,,
1650,1169007,[1146*5],,,
1800,1500592,[1146*5],,,
1350,545453,[1146*5],,,
1460,732662,[1146*5],,,
1700,1342070,[1146*5],,,
1960,1768963,[1146*5],,,
1960,1768106,[1146*5],,,
1940,1755763,[1146*5],,,
1940,1747570,[1146*5],,,
1720,1379262,[1146*5],,,
1970,1774674,[1146*5],,,
1860,1588338,[1146*5],,,
2020,1824792,[1146*5],,,
1790,1479815,[1146*5],,,
1620,1475274,[1146*5],,,
1690,1338336,[1146*5],,,
1920,1723014,[1146*5],,,
1440,719387,[1146*5],,,
1900,1661353,[1146*5],,,
1970,1779467,[1146*5],,,
1900,1662087,[1146*5],,,
1580,900686,[1146*5],,,
1660,1202610,[1146*5],,,
1660,1205712,[1146*5],,,
1270,333424,[1146*5],,,
1590,930755,[1146*5],,,
2200,1996705,[1146*5],,,
2060,1877267,[1146*5],,,
1530,781243,[1146*5],,,
1940,2104663,[1146*5],,,
1960,1767451,[1146*5],,,
1580,902181,[1146*5],,,
1570,849846,[1146*5],,,
1690,1315886,[1146*5],,,
1930,1740981,[1146*5],,,
1650,1184649,[1146*5],,,
1930,1738564,[1146*5],,,
2040,1839001,[1146*5],,,
2150,1939549,[1146*5],,,
1530,786432,[1146*5],,,
1910,1685161,[1146*5],,,
1270,210915,[1146*5],,,
1560,814282,[1146*5],,,
1170,193736,[1146*5],,,
1510,777061,[1146*5],,,
1630,1080363,[1146*5],,,
1920,1714256,[1146*5],,,
1630,1076696,[1146*5],,,
2250,2032816,[1146*5],,,
1670,1247489,[1146*5],,,
1850,1587737,[1146*5],,,
1940,1756757,[1146*5],,,
2020,1822948,[1146*5],,,
2000,1814637,[1146*5],,,
1940,1747458,[1146*5],,,
1930,1741611,[1146*5],,,
1580,868701,[1146*5],,,
1920,1707450,[1146*5],,,
1440,712483,[1146*5],,,
1530,782819,[1146*5],,,
1910,1699803,[1146*5],,,
1940,1748474,[1146*5],,,
2180,1984277,[1146*5],,,
1920,1710158,[1146*5],,,
1920,1711770,[1146*5],,,
1910,1666865,[1146*5],,,
1900,1663150,[1146*5],,,
1270,242251,[1146*5],,,
1910,1690208,[1146*5],,,
1720,1382205,[1146*5],,,
2250,2032128,[1146*5],,,
2040,1847392,[1146*5],,,
1990,1795299,[1146*5],,,
1900,1663578,[1146*5],,,
1960,1770208,[1146*5],,,
1850,1573548,[1146*5],,,
1350,505273,[1146*5],,,
1680,1282583,[1146*5],,,
2250,2031624,[1146*5],,,
1530,779610,[1146*5],,,
1890,1641652,[1146*5],,,
1930,1740782,[1146*5],,,
1680,1279409,[1146*5],,,
1590,942575,[1146*5],,,
1750,1418589,[1146*5],,,
1620,1060734,[1146*5],,,
2200,2010662,[1146*5],,,
1650,1182026,[1146*5],,,
2130,1926210,[1146*5],,,
1460,723681,[1146*5],,,
2210,2011910,[1146*5],,,
1650,1161460,[1146*5],,,
1530,786487,[1146*5],,,
1810,1517336,[1146*5],,,
1910,1690025,[1146*5],,,
1560,813798,[1146*5],,,
1830,1543268,[1146*5],,,
1970,1780001,[1146*5],,,
2230,2026741,[1146*5],,,
2140,1938504,[1146*5],,,
2140,1936785,[1146*5],,,
1960,1766642,[1146*5],,,
1910,1673167,[1146*5],,,
1600,978205,[1146*5],,,
1890,1642097,[1146*5],,,
1910,1679729,[1146*5],,,
1940,1753088,[1146*5],,,
2220,2024584,[1146*5],,,
1400,674078,[1146*5],,,
1810,1509599,[1146*5],,,
1910,1684901,[1146*5],,,
1930,1743013,[1146*5],,,
1650,1183333,[1146*5],,,
1730,1387146,[1146*5],,,
1920,1710009,[1146*5],,,
1660,1216548,[1146*5],,,
1670,1249323,[1146*5],,,
1570,1575466,[1146*5],,,
1580,869544,[1146*5],,,
1930,1742945,[1146*5],,,
1170,183383,[1146*5],,,
1610,1019595,[1146*5],,,
1930,1732442,[1146*5],,,
1600,958639,[1146*5],,,
1350,492553,[1146*5],,,
1580,897448,[1146*5],,,
1680,1276745,[1146*5],,,
1650,1171939,[1146*5],,,
1730,1387428,[1146*5],,,
1960,1771980,[1146*5],,,
1660,1195063,[1146*5],,,
2150,1942496,[1146*5],,,
1910,1700955,[1146*5],,,
1910,1668085,[1146*5],,,
1910,1675035,[1146*5],,,
1570,846751,[1146*5],,,
1750,1412842,[1146*5],,,
1940,1754717,[1146*5],,,
1910,1679818,[1146*5],,,
1870,1616066,[1146*5],,,
1390,574237,[1146*5],,,
2120,1922462,[1146*5],,,
2220,2025055,[1146*5],,,
1620,1025010,[1146*5],,,
1930,1734816,[1146*5],,,
1960,1768276,[1146*5],,,
1420,686909,[1146*5],,,
1510,751206,[1146*5],,,
2050,1847554,[1146*5],,,
1700,1343267,[1146*5],,,
1530,778808,[1146*5],,,
1610,987162,[1146*5],,,
1910,1691968,[1146*5],,,
1740,1404956,[1146*5],,,
1760,1423821,[1146*5],,,
1770,1451142,[1146*5],,,
1570,837367,[1146*5],,,
1650,1161484,[1146*5],,,
1960,1767696,[1146*5],,,
1390,632123,[1146*5],,,
1950,1759703,[1146*5],,,
2210,2005229,[1146*5],,,
1990,1794967,[1146*5],,,
1650,1171829,[1146*5],,,
1790,1479494,[1146*5],,,
2230,2022556,[1146*5],,,
1900,1646964,[1146*5],,,
1750,1408142,[1146*5],,,
1620,1025324,[1146*5],,,
1890,1638328,[1146*5],,,
1580,869679,[1146*5],,,
1960,1772056,[1146*5],,,
1670,1257544,[1146*5],,,
2060,1863054,[1146*5],,,
1900,1651527,[1146*5],,,
1700,1343853,[1146*5],,,
1350,488286,[1146*5],,,
1910,1671353,[1146*5],,,
1960,1769551,[1146*5],,,
1900,1652865,[1146*5],,,
1620,1024648,[1146*5],,,
2070,1858824,[1146*5],,,
1910,1698527,[1146*5],,,
1530,779871,[1146*5],,,
1570,834478,[1146*5],,,
1640,1137457,[1146*5],,,
1910,1694806,[1146*5],,,
1620,1024054,[1146*5],,,
1650,1171846,[1146*5],,,
1560,814604,[1146*5],,,
1740,1402821,[1146*5],,,
1930,1729084,[1146*5],,,
1800,1494082,[1146*5],,,
1620,1024763,[1146*5],,,
1920,1717424,[1146*5],,,
1550,810640,[1146*5],,,
1850,1582760,[1146*5],,,
1690,1336837,[1146*5],,,
1940,1748801,[1146*5],,,
1770,1445050,[1146*5],,,
1660,1223203,[1146*5],,,
1390,556257,[1146*5],,,
1990,1800488,[1146*5],,,
1870,1604579,[1146*5],,,
1440,2075597,[1146*5],,,
1770,1449947,[1146*5],,,
1930,1729730,[1146*5],,,
1950,1759657,[1146*5],,,
1740,1396103,[1146*5],,,
1960,1769465,[1146*5],,,
1170,125993,[1146*5],,,
1920,1723067,[1146*5],,,
1540,798531,[1146*5],,,
1460,729515,[1146*5],,,
1350,502032,[1146*5],,,
1350,539002,[1146*5],,,
1460,733757,[1146*5],,,
1830,1549814,[1146*5],,,
1940,1753544,[1146*5],,,
1910,1695377,[1146*5],,,
1400,672484,[1146*5],,,
1960,1766674,[1146*5],,,
1920,1723025,[1146*5],,,
1640,1135180,[1146*5],,,
1920,1725142,[1146*5],,,
2080,1886129,[1146*5],,,
2160,1968753,[1146*5],,,
1510,777226,[1146*5],,,
1760,1434923,[1146*5],,,
1350,521817,[1146*5],,,
1960,1771162,[1146*5],,,
1600,948622,[1146*5],,,
2050,1841123,[1146*5],,,
2180,1989433,[1146*5],,,
2080,1880564,[1146*5],,,
1420,686984,[1146*5],,,
1670,1234454,[1146*5],,,
1590,914351,[1146*5],,,
2070,1869517,[1146*5],,,
1830,1540878,[1146*5],,,
1590,941547,[1146*5],,,
1940,1752486,[1146*5],,,
2200,2003670,[1146*5],,,
1770,1453216,[1146*5],,,
1600,966093,[1146*5],,,
1540,796796,[1146*5],,,
1860,1589864,[1146*5],,,
1660,1204765,[1146*5],,,
2170,1955020,[1146*5],,,
1530,786836,[1146*5],,,
1970,1776476,[1146*5],,,
1930,1743819,[1146*5],,,
1920,1713982,[1146*5],,,
1950,1765786,[1146*5],,,
1910,1696274,[1146*5],,,
1580,889713,[1146*5],,,
1890,1640143,[1146*5],,,
1670,1234131,[1146*5],,,
1910,1702272,[1146*5],,,
1700,1597965,[1146*5],,,
1910,1681936,[1146*5],,,
1920,1721176,[1146*5],,,
1420,685880,[1146*5],,,
1270,383387,[1146*5],,,
2160,1967771,[1146*5],,,
1630,1087822,[1146*5],,,
2140,1937838,[1146*5],,,
1870,1612078,[1146*5],,,
1590,919610,[1146*5],,,
1620,1024793,[1146*5],,,
1600,982929,[1146*5],,,
1960,1770510,[1146*5],,,
1810,1509992,[1146*5],,,
1650,1186262,[1146*5],,,
1920,1715042,[1146*5],,,
1830,1544941,[1146*5],,,
1760,1432094,[1146*5],,,
1570,835124,[1146*5],,,
1890,1637751,[1146*5],,,
1850,1574661,[1146*5],,,
1600,955953,[1146*5],,,
1660,1202482,[1146*5],,,
1960,1767783,[1146*5],,,
1580,880406,[1146*5],,,
1950,1762596,[1146*5],,,
1820,1538591,[1146*5],,,
2090,1887434,[1146*5],,,
2210,2001861,[1146*5],,,
2220,2025585,[1146*5],,,
1950,1766091,[1146*5],,,
1660,1195541,[1146*5],,,
1910,1701816,[1146*5],,,
1530,784547,[1146*5],,,
1600,965093,[1146*5],,,
1970,1779270,[1146*5],,,
1530,789433,[1146*5],,,
1850,1581422,[1146*5],,,
1920,1720017,[1146*5],,,
2250,2048936,[1146*5],,,
1830,1553585,[1146*5],,,
1930,1745447,[1146*5],,,
1390,608621,[1146*5],,,
2190,1995498,[1146*5],,,
1640,1118306,[1146*5],,,
1930,1741845,[1146*5],,,
1850,1585037,[1146*5],,,
1910,1689389,[1146*5],,,
1630,1093815,[1146*5],,,
1910,1678814,[1146*5],,,
1900,1662644,[1146*5],,,
1170,376937,[1146*5],,,
1920,1722748,[1146*5],,,
1650,1170193,[1146*5],,,
1610,2105344,[1146*5],,,
1610,1014046,[1146*5],,,
1930,1745708,[1146*5],,,
1600,962242,[1146*5],,,
1510,762465,[1146*5],,,
1940,1753292,[1146*5],,,
2040,1853292,[1146*5],,,
1540,801974,[1146*5],,,
1880,1618615,[1146*5],,,
1940,1755872,[1146*5],,,
1670,1250905,[1146*5],,,
1650,1175372,[1146*5],,,
1310,1533979,[1146*5],,,
1930,1745334,[1146*5],,,
1670,1226770,[1146*5],,,
1590,909989,[1146*5],,,
1970,1777857,[1146*5],,,
1900,1661428,[1146*5],,,
1920,1709671,[1146*5],,,
1600,964527,[1146*5],,,
1420,689560,[1146*5],,,
1830,1773230,[1146*5],,,
1930,1739578,[1146*5],,,
1550,805138,[1146*5],,,
1970,1774853,[1146*5],,,
1950,1759104,[1146*5],,,
1390,656437,[1146*5],,,
1170,33862,[1146*5],,,
1400,665566,[1146*5],,,
2150,1953237,[1146*5],,,
1980,1783241,[1146*5],,,
1960,1768878,[1146*5],,,
2100,1902643,[1146*5],,,
1650,1175776,[1146*5],,,
1550,805746,[1146*5],,,
1910,1688039,[1146*5],,,
1880,1625243,[1146*5],,,
1750,1415533,[1146*5],,,
1640,1112151,[1146*5],,,
1970,1774386,[1146*5],,,
2000,1820793,[1146*5],,,
1880,1621598,[1146*5],,,
1940,1749654,[1146*5],,,
1350,464726,[1146*5],,,
2210,2003944,[1146*5],,,
1920,1721470,[1146*5],,,
1910,1683685,[1146*5],,,
1550,810642,[1146*5],,,
1810,1515153,[1146*5],,,
1960,1768931,[1146*5],,,
2000,1807908,[1146*5],,,
1350,480077,[1146*5],,,
1680,1285934,[1146*5],,,
1920,1707910,[1146*5],,,
1590,938422,[1146*5],,,
1630,1069075,[1146*5],,,
1820,1899906,[1146*5],,,
1920,1711899,[1146*5],,,
1970,1777475,[1146*5],,,
1600,953618,[1146*5],,,
1170,1662919,[1146*5],,,
1890,1632957,[1146*5],,,
1750,1542005,[1146*5],,,
1960,1767273,[1146*5],,,
2250,2044975,[1146*5],,,
1720,1377073,[1146*5],,,
1510,773027,[1146*5],,,
1900,1655401,[1146*5],,,
1630,1266554,[1146*5],,,
1930,1742886,[1146*5],,,
2090,1885334,[1146*5],,,
2060,1864013,[1146*5],,,
2040,1856536,[1146*5],,,
1540,801959,[1146*5],,,
1860,1590709,[1146*5],,,
1310,437104,[1146*5],,,
1460,724069,[1146*5],,,
1910,1672773,[1146*5],,,
2000,1810118,[1146*5],,,
2240,2045250,[1146*5],,,
2040,1849189,[1146*5],,,
1590,911189,[1146*5],,,
1910,1684309,[1146*5],,,
1420,695772,[1146*5],,,
2220,2026548,[1146*5],,,
1510,748095,[1146*5],,,
2240,2038752,[1146*5],,,
1570,835694,[1146*5],,,
1170,79023,[1146*5],,,
1610,1016870,[1146*5],,,
1640,1113208,[1146*5],,,
1910,1700528,[1146*5],,,
1510,774736,[1146*5],,,
1910,1704982,[1146*5],,,
1910,1689679,[1146*5],,,
1920,1709821,[1146*5],,,
2250,2031647,[1146*5],,,
1800,1490865,[1146*5],,,
1930,1728922,[1146*5],,,
1980,1789001,[1146*5],,,
1920,1717643,[1146*5],,,
1350,501472,[1146*5],,,
1440,707317,[1146*5],,,
1700,1396920,[1146*5],,,
1950,1761280,[1146*5],,,
1970,1778081,[1146*5],,,
1580,882506,[1146*5],,,
1620,1054917,[1146*5],,,
2220,2014799,[1146*5],,,
1400,665872,[1146*5],,,
1910,1679064,[1146*5],,,
1920,1713117,[1146*5],,,
1390,634036,[1146*5],,,
1270,286661,[1146*5],,,
1550,804002,[1146*5],,,
1890,1637075,[1146*5],,,
1940,1750600,[1146*5],,,
1350,495723,[1146*5],,,
1950,1763896,[1146*5],,,
1930,1744811,[1146*5],,,
1940,1753743,[1146*5],,,
1970,1776712,[1146*5],,,
2150,1938149,[1146*5],,,
1390,627565,[1146*5],,,
1910,1689186,[1146*5],,,
1940,1748303,[1146*5],,,
1920,1717838,[1146*5],,,
2050,1848147,[1146*5],,,
1940,1749884,[1146*5],,,
2250,2049445,[1146*5],,,
1910,1690458,[1146*5],,,
1940,1751902,[1146*5],,,
1510,773942,[1146*5],,,
1970,1774873,[1146*5],,,
1660,1209728,[1146*5],,,
2160,1962027,[1146*5],,,
1990,1797151,[1146*5],,,
1810,1511297,[1146*5],,,
1760,1434232,[1146*5],,,
1910,1703576,[1146*5],,,
2170,1964934,[1146*5],,,
2220,2019479,[1146*5],,,
1950,1765872,[1146*5],,,
1910,1701892,[1146*5],,,
1460,734505,[1146*5],,,
1570,843300,[1146*5],,,
1840,1559778,[1146*5],,,
1960,1771616,[1146*5],,,
1910,1694628,[1146*5],,,
1390,638370,[1146*5],,,
1610,990426,[1146*5],,,
1600,976102,[1146*5],,,
1440,712715,[1146*5],,,
1870,1617675,[1146*5],,,
1670,1248699,[1146*5],,,
1930,1735477,[1146*5],,,
1420,691897,[1146*15],,,
1980,1786288,[1146*5],,,
1910,1702084,[1146*5],,,
1920,1710547,[1146*5],,,
1970,1775659,[1146*5],,,
1420,691501,[1146*5],,,
1810,1516342,[1146*5],,,
1980,1784780,[1146*5],,,
1930,1740672,[1146*5],,,
2030,1830957,[1146*5],,,
1460,720340,[1146*5],,,
1910,1688267,[1146*5],,,
1910,1665801,[1146*5],,,
1510,748166,[1146*5],,,
1880,1627644,[1146*5],,,
1930,1741457,[1146*5],,,
1600,980666,[1146*5],,,
1850,1580379,[1146*5],,,
1950,1758795,[1146*5],,,
1910,1703438,[1146*5],,,
1890,1636873,[1146*5],,,
1720,1378201,[1146*5],,,
1940,1748612,[1146*5],,,
1900,1643774,[1146*5],,,
1950,1760312,[1146*5],,,
1170,580703,[1146*5],,,
1350,485453,[1146*5],,,
1910,1671773,[1146*5],,,
1950,1760346,[1146*5],,,
1960,1771631,[1146*5],,,
1910,1676854,[1146*5],,,
2160,1969398,[1146*5],,,
1920,1727009,[1146*5],,,
1600,969622,[1146*5],,,
1610,1588232,[1146*5],,,
1400,675567,[1146*5],,,
1650,1147956,[1146*5],,,
2060,1868520,[1146*5],,,
1910,1701900,[1146*5],,,
1420,688052,[1146*5],,,
1640,1128458,[1146*5],,,
1420,684485,[1146*5],,,
1960,1769791,[1146*5],,,
2240,2037428,[1146*5],,,
2250,2039009,[1146*5],,,
1600,948832,[1146*5],,,
1930,1743644,[1146*5],,,
1720,1383991,[1146*5],,,
1970,1781711,[1146*5],,,
1860,1594504,[1146*5],,,
1600,962939,[1146*5],,,
1390,580918,[1146*5],,,
1910,1686775,[1146*5],,,
1840,1571101,[1146*5],,,
1630,1099126,[1146*5],,,
1570,828024,[1146*5],,,
1400,663559,[1146*5],,,
2250,2043497,[1146*5],,,
2080,1893840,[1146*5],,,
1870,1605067,[1146*5],,,
1910,1697001,[1146*5],,,
1930,1744722,[1146*5],,,
1910,1693617,[1146*5],,,
1170,166085,[1146*5],,,
1950,1759830,[1146*5],,,
2100,1903311,[1146*5],,,
1170,66168,[1146*5],,,
2240,2034114,[1146*5],,,
1820,1531307,[1146*5],,,
1930,1733486,[1146*5],,,
1600,966548,[1146*5],,,
1620,1050994,[1146*5],,,
1830,1544413,[1146*5],,,
1910,1679323,[1146*5],,,
1170,198075,[1146*5],,,
1830,1544370,[1146*5],,,
2170,1972607,[1146*5],,,
2200,2010007,[1146*5],,,
2190,1994389,[1146*5],,,
1910,1667899,[1146*5],,,
1170,82700,[1146*5],,,
1950,1761725,[1146*5],,,
1840,1571902,[1146*5],,,
1610,994681,[1146*5],,,
1920,1725403,[1146*5],,,
1930,1727116,[1146*5],,,
1610,1959480,[1146*5],,,
1910,1680403,[1146*5],,,
1530,780979,[1146*5],,,
1920,1720059,[1146*5],,,
1390,655867,[1146*5],,,
1920,1716641,[1146*5],,,
1940,1751322,[1146*5],,,
2080,1880748,[1146*5],,,
1530,792536,[1146*5],,,
1540,797317,[1146*5],,,
1910,1696014,[1146*5],,,
1900,1662427,[1146*5],,,
2080,1886675,[1146*5],,,
2070,1876109,[1146*5],,,
1940,1747438,[1146*5],,,
1610,999099,[1146*5],,,
1870,1611351,[1146*5],,,
1620,1023644,[1146*5],,,
1310,443635,[1146*5],,,
1930,1729978,[1146*5],,,
1580,892119,[1146*5],,,
1600,958048,[1146*5],,,
1640,1119205,[1146*5],,,
1590,939642,[1146*5],,,
1700,1343503,[1146*5],,,
1910,1667895,[1146*5],,,
1810,1509063,[1146*5],,,
1870,1607604,[1146*5],,,
2120,1922794,[1146*5],,,
2080,1878216,[1146*5],,,
2050,1856352,[1146*5],,,
1910,1666967,[1146*5],,,
1740,1403218,[1146*5],,,
1930,1741219,[1146*5],,,
1780,1467057,[1146*5],,,
1910,1682811,[1146*5],,,
2230,2019836,[1146*5],,,
1890,1635001,[1146*5],,,
1650,1159807,[1146*5],,,
2060,1874454,[1146*5],,,
1670,1246420,[1146*5],,,
1970,1782497,[1146*5],,,
1950,1760527,[1146*5],,,
1960,1772783,[1146*5],,,
1680,1293387,[1146*5],,,
1950,1761150,[1146*5],,,
1530,786037,[1146*5],,,
1590,937409,[1146*5],,,
1620,1046123,[1146*5],,,
1940,1748740,[1146*5],,,
1440,758192,[1146*5],,,
2000,1814085,[1146*5],,,
2250,2031342,[1146*5],,,
1730,1390362,[1146*5],,,
1960,1766774,[1146*5],,,
1910,1685974,[1146*5],,,
2100,1916374,[1146*5],,,
1390,656991,[1146*5],,,
1580,865212,[1146*5],,,
1660,1205333,[1146*5],,,
1350,525752,[1146*5],,,
1650,1186761,[1146*5],,,
1800,1504818,[1146*5],,,
1700,1359813,[1146*5],,,
1550,812322,[1146*5],,,
1910,1665463,[1146*5],,,
1630,1097815,[1146*5],,,
2220,2025183,[1146*5],,,
1620,1033388,[1146*5],,,
1910,1694975,[1146*5],,,
1820,1531750,[1146*5],,,
1820,1524822,[1146*5],,,
1870,1608396,[1146*5],,,
2230,2016696,[1146*5],,,
1770,1438187,[1146*5],,,
1720,1377084,[1146*5],,,
1920,1717540,[1146*5],,,
1510,762129,[1146*5],,,
1910,1690653,[1146*5],,,
1940,1749149,[1146*5],,,
2190,1978350,[1146*5],,,
1910,1696428,[1146*5],,,
1170,199622,[1146*5],,,
1640,1118246,[1146*5],,,
1440,700562,[1146*5],,,
1420,698839,[1146*5],,,
1740,1400398,[1146*5],,,
1850,1585661,[1146*5],,,
1910,1675899,[1146*5],,,
1170,72603,[1146*5],,,
1790,1475721,[1146*5],,,
1440,1406772,[1146*5],,,
1920,1708314,[1146*5],,,
1540,797200,[1146*5],,,
1170,19910,[1146*5],,,
1960,1772231,[1146*5],,,
1920,1706156,[1146*5],,,
1540,796477,[1146*5],,,
1980,1788546,[1146*5],,,
1700,1348073,[1146*5],,,
1960,1768854,[1146*5],,,
1770,1454604,[1146*5],,,
1910,1667050,[1146*5],,,
1530,792508,[1146*5],,,
1910,1677844,[1146*5],,,
1600,976987,[1146*5],,,
1510,773720,[1146*5],,,
1170,36350,[1146*5],,,
1540,802404,[1146*5],,,
1400,666335,[1146*5],,,
1550,810654,[1146*5],,,
1530,793026,[1146*5],,,
1920,1725495,[1146*5],,,
1350,463688,[1146*5],,,
1630,1081349,[1146*5],,,
1400,663005,[1146*5],,,
2100,1909824,[1146*5],,,
2080,1879015,[1146*5],,,
1510,1479859,[1146*5],,,
1740,1536207,[1146*5],,,
1510,776080,[1146*5],,,
1590,913893,[1146*5],,,
1610,988780,[1146*5],,,
1650,1166736,[1146*5],,,
1930,1740473,[1146*5],,,
1390,557995,[1146*5],,,
1920,1723788,[1146*5],,,
1440,705567,[1146*5],,,
1870,1612311,[1146*5],,,
1560,1520931,[1146*5],,,
2160,1965462,[1146*5],,,
2160,1961601,[1146*5],,,
1850,1580577,[1146*5],,,
1880,1625312,[1146*5],,,
1770,1439965,[1146*5],,,
1610,1017751,[1146*5],,,
2120,1921966,[1146*5],,,
1420,1634839,[1146*5],,,
1650,1169064,[1146*5],,,
1760,1428760,[1146*5],,,
2240,2046028,[1146*5],,,
1810,1516903,[1146*5],,,
1750,1413661,[1146*5],,,
1400,662703,[1146*5],,,
1770,1443537,[1146*5],,,
1540,797612,[1146*5],,,
1900,1660941,[1146*5],,,
2170,1965077,[1146*5],,,
2050,1844678,[1146*5],,,
1910,1680104,[1146*5],,,
1930,1727164,[1146*5],,,
1860,1602390,[1146*5],,,
1570,839591,[1146*5],,,
1170,20759,[1146*5],,,
1940,1756085,[1146*5],,,
1510,769163,[1146*5],,,
1570,846110,[1146*5],,,
1990,1799523,[1146*5],,,
1970,1778275,[1146*5],,,
1920,1716559,[1146*5],,,
1950,1765936,[1146*5],,,
1630,1069203,[1146*5],,,
1970,1776868,[1146*5],,,
1970,1781354,[1146*5],,,
1930,1744197,[1146*5],,,
2000,1802555,[1146*5],,,
1970,1777724,[1146*5],,,
1870,1605445,[1146*5],,,
1910,1682281,[1146*5],,,
2050,1841990,[1146*5],,,
1610,1785034,[1146*5],,,
1400,662395,[1146*5],,,
1510,748353,[1146*5],,,
1720,1384131,[1146*5],,,
1440,707832,[1146*5],,,
1870,1615593,[1146*5],,,
1640,1111093,[1146*5],,,
1580,900244,[1146*5],,,
1580,865167,[1146*5],,,
1800,1490145,[1146*5],,,
1930,1733198,[1146*5],,,
1560,824726,[1146*5],,,
1910,1691007,[1146*5],,,
1670,1241177,[1146*5],,,
1860,1598195,[1146*5],,,
1910,1685640,[1146*5],,,
2150,1940733,[1146*5],,,
2100,1915181,[1146*5],,,
2170,1975687,[1146*5],,,
1560,816212,[1146*5],,,
1580,894104,[1146*5],,,
1890,1643290,[1146*5],,,
1940,1748943,[1146*5],,,
1910,1696997,[1146*5],,,
2130,1925121,[1146*5],,,
1930,1738106,[1146*5],,,
1780,1469895,[1146*5],,,
1940,1753561,[1146*5],,,
1270,325814,[1146*5],,,
1900,1742972,[1146*5],,,
1650,1157269,[1146*5],,,
1900,1662937,[1146*5],,,
2020,1836104,[1146*5],,,
1910,1680379,[1146*5],,,
2090,1883024,[1146*5],,,
1900,1654144,[1146*5],,,
1640,1131026,[1146*5],,,
1510,777471,[1146*5],,,
1970,1774809,[1146*5],,,
2120,1918224,[1146*5],,,
1170,695676,[1146*5],,,
2240,2037755,[1146*5],,,
1860,1589395,[1146*5],,,
1990,1793777,[1146*5],,,
2040,1853052,[1146*5],,,
1440,709612,[1146*5],,,
1890,1632602,[1146*5],,,
1700,1365272,[1146*5],,,
1940,1756430,[1146*5],,,
1560,813660,[1146*5],,,
1900,1651882,[1146*5],,,
1900,1659962,[1146*5],,,
2060,1867704,[1146*5],,,
1530,793969,[1146*5],,,
1900,1661555,[1146*5],,,
1530,795381,[1146*5],,,
1610,1016051,[1146*5],,,
1600,977749,[1146*5],,,
1390,644504,[1146*5],,,
1910,1694310,[1146*5],,,
1950,1763981,[1146*5],,,
1510,778315,[1146*5],,,
1540,800845,[1146*5],,,
2220,2027035,[1146*5],,,
1930,1734648,[1146*5],,,
1910,1695506,[1146*5],,,
1400,670601,[1146*5],,,
2050,1855039,[1146*5],,,
1940,1756986,[1146*5],,,
1600,980137,[1146*5],,,
2170,1965243,[1146*5],,,
2130,1922045,[1146*5],,,
1680,1279824,[1146*5],,,
1960,1772081,[1146*5],,,
1920,1722279,[1146*5],,,
1920,1709772,[1146*5],,,
1910,1692708,[1146*5],,,
2040,1845457,[1146*5],,,
1900,1658826,[1146*5],,,
1920,1721499,[1146*5],,,
1390,654477,[1146*5],,,
1570,848304,[1146*5],,,
1850,1585309,[1146*5],,,
2210,2005057,[1146*5],,,
2000,1807236,[1146*5],,,
1690,1330930,[1146*5],,,
1350,509200,[1146*5],,,
1270,323805,[1146*5],,,
1580,883275,[1146*5],,,
1970,1774677,[1146*5],,,
1910,1666885,[1146*5],,,
2110,1901588,[1146*5],,,
1530,779177,[1146*5],,,
1920,1725933,[1146*5],,,
1970,1775917,[1146*5],,,
1910,1670149,[1146*5],,,
1460,733605,[1146*5],,,
1910,1697553,[1146*5],,,
1930,1729672,[1146*5],,,
1730,1391689,[1146*5],,,
1400,677557,[1146*5],,,
1440,709663,[1146*5],,,
2190,1988012,[1146*5],,,
1510,767571,[1146*5],,,
1910,1705830,[1146*5],,,
1960,1770676,[1146*5],,,
1910,1698254,[1146*5],,,
1900,1651148,[1146*5],,,
1700,1350222,[1146*5],,,
2060,1862139,[1146*5],,,
2180,1984595,[1146*5],,,
1750,1417382,[1146*5],,,
1590,928715,[1146*5],,,
1530,791710,[1146*5],,,
1920,1712574,[1146*5],,,
1790,1484505,[1146*5],,,
1910,1683439,[1146*5],,,
1670,1229073,[1146*5],,,
1920,1709876,[1146*5],,,
1580,889497,[1146*5],,,
1640,1109393,[1146*5],,,
2080,1892265,[1146*5],,,
1940,1751012,[1146*5],,,
1910,1688100,[1146*5],,,
1620,1047883,[1146*5],,,
1920,1708994,[1146*5],,,
1440,701363,[1146*5],,,
1950,1761538,[1146*5],,,
1550,804733,[1146*5],,,
1980,1783977,[1146*5],,,
1400,667221,[1146*5],,,
2050,1851118,[1146*5],,,
1600,978220,[1146*5],,,
1960,1770972,[1146*5],,,
1510,740748,[1146*5],,,
1960,1773784,[1146*5],,,
1930,1733894,[1146*5],,,
1820,1529377,[1146*5],,,
1990,1798862,[1146*5],,,
1950,1760320,[1146*5],,,
1270,221668,[1146*5],,,
1910,1677718,[1146*5],,,
1540,802958,[1146*5],,,
1920,1722319,[1146*5],,,
1550,807904,[1146*5],,,
2170,1968684,[1146*5],,,
2000,1823724,[1146*5],,,
1770,1450794,[1146*5],,,
1920,1712327,[1146*5],,,
1910,1690464,[1146*5],,,
2060,1864589,[1146*5],,,
2000,1824960,[1146*5],,,
1870,1615657,[1146*5],,,
1970,1775574,[1146*5],,,
1920,1715600,[1146*5],,,
1940,1748979,[1146*5],,,
1940,1748829,[1146*5],,,
2000,1806607,[1146*5],,,
1630,1089152,[1146*5],,,
2170,1955131,[1146*5],,,
2000,1814708,[1146*5],,,
1390,567354,[1146*5],,,
1920,1719601,[1146*5],,,
1630,1088654,[1146*5],,,
1790,1501787,[1146*5],,,
1390,650293,[1146*5],,,
1610,992206,[1146*5],,,
1420,689528,[1146*5],,,
1870,1608674,[1146*5],,,
2180,1980769,[1146*5],,,
1910,1675539,[1146*5],,,
1420,678997,[1146*5],,,
1920,1723098,[1146*5],,,
1420,680766,[1146*5],,,
1560,820389,[1146*5],,,
1620,1024538,[1146*5],,,
1510,753982,[1146*5],,,
1910,1683574,[1146*5],,,
1930,1736733,[1146*5],,,
1610,987534,[1146*5],,,
1700,1347169,[1146*5],,,
1910,1691110,[1146*5],,,
1660,1192349,[1146*5],,,
2140,1937587,[1146*5],,,
1910,1687485,[1146*5],,,
1400,1871356,[1146*5],,,
2200,1995755,[1146*5],,,
1750,1408748,[1146*5],,,
1970,1776332,[1146*5],,,
1920,1716048,[1146*5],,,
1970,1775513,[1146*5],,,
2160,1966354,[1146*5],,,
2180,1981856,[1146*5],,,
2190,1992911,[1146*5],,,
1990,1796992,[1146*5],,,
1920,1709603,[1146*5],,,
1700,1347470,[1146*5],,,
1910,1686803,[1146*5],,,
1640,1119410,[1146*5],,,
1870,1607189,[1146*5],,,
1840,1556718,[1146*5],,,
2230,2022651,[1146*5],,,
1460,730357,[1146*5],,,
1440,713196,[1146*5],,,
2230,2028354,[1146*5],,,
1390,655664,[1146*5],,,
2100,1901238,[1146*5],,,
1390,652832,[1146*5],,,
1820,1536339,[1146*5],,,
1910,1692220,[1146*5],,,
1930,1742329,[1146*5],,,
1940,1746765,[1146*5],,,
1720,1381564,[1146*5],,,
1630,1982462,[1146*5],,,
1170,18387,[1146*5],,,
1600,965296,[1146*5],,,
1270,405253,[1146*5],,,
2110,1903486,[1146*5],,,
1970,1775245,[1146*5],,,
2050,1848683,[1146*5],,,
1620,1615857,[1146*5],,,
1630,1100366,[1146*5],,,
1770,1443983,[1146*5],,,
1550,808778,[1146*5],,,
1950,1760166,[1146*5],,,
1630,1069216,[1146*5],,,
1930,1742167,[1146*5],,,
1890,1637431,[1146*5],,,
2170,1964355,[1146*5],,,
1640,1130051,[1146*5],,,
1970,1777257,[1146*5],,,
1920,1722717,[1146*5],,,
1950,1763371,[1146*5],,,
1830,1540530,[1146*5],,,
1510,746842,[1146*5],,,
1510,763686,[1146*5],,,
2050,1847982,[1146*5],,,
2020,1827751,[1146*5],,,
2130,1926570,[1146*5],,,
1960,1766684,[1146*5],,,
1950,1766332,[1146*5],,,
1650,1169674,[1146*5],,,
1630,1098187,[1146*5],,,
1750,2078412,[1146*5],,,
1850,1577645,[1146*5],,,
1660,1204533,[1146*5],,,
1830,1553486,[1146*5],,,
1440,702293,[1146*5],,,
1420,698459,[1146*5],,,
1600,948382,[1146*5],,,
1950,1761104,[1146*5],,,
1510,755930,[1146*5],,,
1990,1796343,[1146*5],,,
1910,1690032,[1146*30],,,
1910,1677988,[1146*5],,,
1630,1070741,[1146*5],,,
1930,1735822,[1146*5],,,
1590,1073953,[1146*5],,,
1940,1757011,[1146*5],,,
2250,2036665,[1146*5],,,
2240,2039845,[1146*5],,,
1910,1694413,[1146*5],,,
1600,950505,[1146*5],,,
2140,1943174,[1146*5],,,
1570,848391,[1146*5],,,
1910,1664433,[1146*5],,,
2020,1832902,[1146*5],,,
2000,1803623,[1146*5],,,
1940,1752527,[1146*5],,,
1970,1777332,[1146*5],,,
1400,665776,[1146*5],,,
1530,780878,[1146*5],,,
1590,933391,[1146*5],,,
2040,1854475,[1146*5],,,
2210,1998323,[1146*5],,,
2100,1899152,[1146*5],,,
1880,1620329,[1146*5],,,
1970,1777505,[1146*5],,,
2060,1870532,[1146*5],,,
1170,26258,[1146*5],,,
1860,1601603,[1146*5],,,
1760,1437554,[1146*5],,,
1510,742569,[1146*5],,,
1710,1373045,[1146*5],,,
1910,1671183,[1146*5],,,
1910,1674600,[1146*5],,,
1440,1398909,[1146*5],,,
1930,1735142,[1146*5],,,
1560,820544,[1146*5],,,
1930,1730283,[1146*5],,,
1910,1679416,[1146*5],,,
1870,1606342,[1146*5],,,
1930,1739159,[1146*5],,,
1620,1023513,[1146*5],,,
1930,1730864,[1146*5],,,
1670,1233026,[1146*5],,,
1600,951128,[1146*5],,,
1670,1257064,[1146*5],,,
1910,1676514,[1146*5],,,
1440,718798,[1146*5],,,
1580,892844,[1146*5],,,
1610,1006134,[1146*5],,,
1920,1719981,[1146*5],,,
1590,922506,[1146*5],,,
1270,341556,[1146*5],,,
1930,1727754,[1146*5],,,
1640,1123636,[1146*5],,,
1960,1773166,[1146*5],,,
1910,1678752,[1146*5],,,
1910,1695892,[1146*5],,,
1970,1776533,[1146*5],,,
2210,2001601,[1146*5],,,
1910,1674942,[1146*5],,,
1770,1444940,[1146*5],,,
2060,1868384,[1146*5],,,
1930,1741330,[1146*5],,,
1860,1594229,[1146*5],,,
1650,1150673,[1146*5],,,
1620,1025412,[1146*5],,,
1650,1162616,[1146*5],,,
2150,1953441,[1146*5],,,
1970,1775215,[1146*5],,,
1910,1697829,[1146*5],,,
1420,1846271,[1146*5],,,
1950,1763480,[1146*5],,,
1950,1759334,[1146*5],,,
1560,816354,[1146*5],,,
1890,1632458,[1146*5],,,
2200,2000678,[1146*5],,,
1400,664902,[1146*5],,,
1630,1098397,[1146*5],,,
1910,1681005,[1146*5],,,
1780,1457622,[1146*5],,,
1540,800720,[1146*5],,,
1910,1702581,[1146*5],,,
1580,900173,[1146*5],,,
1170,57229,[1146*5],,,
1950,1761083,[1146*5],,,
1910,1674009,[1146*5],,,
1550,811645,[1146*5],,,
1570,832684,[1146*5],,,
2200,2007666,[1146*5],,,
2110,1916223,[1146*5],,,
1930,1727871,[1146*5],,,
2250,2050846,[1146*5],,,
2140,1937476,[1146*5],,,
1810,1514182,[1146*5],,,
1920,1725238,[1146*5],,,
1580,863101,[1146*5],,,
1510,751521,[1146*5],,,
1600,963161,[1146*5],,,
1840,1565625,[1146*5],,,
1910,1687349,[1146*5],,,
1580,886881,[1146*5],,,
1910,1702065,[1146*5],,,
1870,1615700,[1146*5],,,
2240,2047114,[1146*5],,,
1870,1609720,[1146*5],,,
1690,1337263,[1146*5],,,
2040,1854842,[1146*5],,,
1420,683757,[1146*5],,,
1820,1527257,[1146*5],,,
1890,1630823,[1146*5],,,
1750,1408246,[1146*5],,,
1940,1756337,[1146*5],,,
1920,1726580,[1146*5],,,
1740,1561689,[1146*5],,,
1890,1640930,[1146*5],,,
1800,1494474,[1146*5],,,
1540,801766,[1146*5],,,
1460,735400,[1146*5],,,
1650,1184089,[1146*5],,,
1900,1651315,[1146*5],,,
1270,293535,[1146*5],,,
1640,1119188,[1146*5],,,
1920,1710514,[1146*5],,,
2250,2037241,[1146*5],,,
1390,632818,[1146*5],,,
2060,1868521,[1146*5],,,
2040,1853367,[1146*5],,,
1980,1787580,[1146*5],,,
1990,2107484,[1146*5],,,
1510,761494,[1146*5],,,
1460,722115,[1146*5],,,
2070,1860215,[1146*5],,,
2080,1892218,[1146*5],,,
1910,1671117,[1146*5],,,
1970,1778408,[1146*5],,,
1510,1970372,[1146*5],,,
1510,761063,[1146*5],,,
1940,1754855,[1146*5],,,
1910,1670510,[1146*5],,,
1510,746887,[1146*5],,,
1930,1729491,[1146*5],,,
1910,1696020,[1146*5],,,
1870,1617929,[1146*5],,,
1600,971687,[1146*5],,,
1170,87000,[1146*5],,,
1930,1736739,[1146*5],,,
1990,1797995,[1146*5],,,
2080,1892817,[1146*5],,,
1930,1740269,[1146*5],,,
1440,702540,[1146*5],,,
1540,799050,[1146*5],,,
1810,1518451,[1146*5],,,
1930,1742112,[1146*5],,,
1810,2054720,[1146*5],,,
1950,1759286,[1146*5],,,
1790,1477684,[1146*5],,,
2050,1857722,[1146*5],,,
1170,130625,[1146*5],,,
1960,1773804,[1146*5],,,
1620,1033980,[1146*5],,,
2050,1856172,[1146*5],,,
1790,1482443,[1146*5],,,
1950,1760102,[1146*5],,,
1910,1669974,[1146*5],,,
1700,1345197,[1146*5],,,
1830,1550019,[1146*5],,,
1860,1595409,[1146*5],,,
2150,1940046,[1146*5],,,
2210,1996795,[1146*5],,,
1540,798655,[1146*5],,,
1970,1779313,[1146*5],,,
1620,1037725,[1146*5],,,
2020,1824817,[1146*5],,,
1610,984183,[1146*5],,,
2050,1842693,[1146*5],,,
1670,1232257,[1146*5],,,
2070,1873950,[1146*5],,,
1620,1050164,[1146*5],,,
1400,658722,[1146*5],,,
1810,1508051,[1146*5],,,
1930,1735584,[1146*5],,,
1560,814401,[1146*5],,,
1400,671962,[1146*5],,,
1840,1566174,[1146*5],,,
1600,970294,[1146*5],,,
2000,1814501,[1146*5],,,
1420,694363,[1146*5],,,
2220,2025747,[1146*5],,,
1670,1235685,[1146*5],,,
1840,1557516,[1146*5],,,
1920,1720154,[1146*5],,,
1740,1612901,[1146*5],,,
1420,689366,[1146*5],,,
2000,1802542,[1146*5],,,
1910,1669596,[1146*5],,,
1940,1747582,[1146*5],,,
2210,2005409,[1146*5],,,
1400,669062,[1146*5],,,
2090,1894726,[1146*5],,,
1920,1724038,[1146*5],,,
1390,653085,[1146*5],,,
1960,1773280,[1146*5],,,
2200,2002718,[1146*5],,,
1750,1411088,[1146*5],,,
1930,1732361,[1146*5],,,
1870,1604777,[1146*5],,,
1900,1664094,[1146*5],,,
1920,1710939,[1146*5],,,
1810,1516817,[1146*5],,,
1530,787247,[1146*5],,,
1960,1769700,[1146*5],,,
2120,1927234,[1146*5],,,
1630,1100494,[1146*5],,,
1930,1738877,[1146*5],,,
2080,1896289,[1146*5],,,
2000,1813531,[1146*5],,,
2090,1878385,[1146*5],,,
2070,1876223,[1146*5],,,
1530,787100,[1146*5],,,
1910,1697127,[1146*5],,,
1590,942975,[1146*5],,,
1840,1557820,[1146*5],,,
2020,1825670,[1146*5],,,
1680,1279765,[1146*5],,,
2190,1985108,[1146*5],,,
1750,1415274,[1146*5],,,
1510,774455,[1146*5],,,
1910,1664390,[1146*5],,,
1970,1778008,[1146*5],,,
1940,1750387,[1146*5],,,
2190,1977338,[1146*5],,,
1810,1515531,[1146*5],,,
1530,785325,[1146*5],,,
1650,1157741,[1146*5],,,
1510,737648,[1146*5],,,
1910,1693870,[1146*5],,,
1600,1744438,[1146*5],,,
1960,1771897,[1146*5],,,
2130,1924241,[1146*5],,,
1310,449957,[1146*5],,,
1910,1681497,[1146*5],,,
1590,902751,[1146*5],,,
1600,953875,[1146*5],,,
2060,2128592,[1146*5],,,
2100,1906292,[1146*5],,,
2110,1903963,[1146*5],,,
1640,1113740,[1146*5],,,
1810,1507511,[1146*5],,,
1960,1767885,[1146*5],,,
1810,1512721,[1146*5],,,
1860,1597253,[1146*5],,,
1940,1756734,[1146*5],,,
2100,1910379,[1146*5],,,
2050,1842598,[1146*5],,,
1960,1771833,[1146*5],,,
1920,1726125,[1146*5],,,
1440,700377,[1146*5],,,
1950,1758008,[1146*5],,,
1400,675986,[1146*5],,,
1800,1490887,[1146*5],,,
1920,1714877,[1146*5],,,
1620,1056761,[1146*5],,,
1910,1676506,[1146*5],,,
1970,1794347,[1146*5],,,
1800,1499583,[1146*5],,,
1530,784171,[1146*5],,,
2040,1855484,[1146*5],,,
1580,898887,[1146*5],,,
1930,1740007,[1146*5],,,
1910,1701793,[1146*5],,,
1510,751054,[1146*5],,,
1550,1374979,[1146*5],,,
1630,1094072,[1146*5],,,
1740,1399447,[1146*5],,,
1580,870268,[1146*5],,,
1390,649713,[1146*5],,,
1650,1156146,[1146*5],,,
1310,455276,[1146*5],,,
1510,758467,[1146*5],,,
2160,1966840,[1146*5],,,
1990,1795008,[1146*5],,,
1620,1040733,[1146*5],,,
1960,1766887,[1146*5],,,
1650,1188866,[1146*5],,,
1910,1690857,[1146*5],,,
2210,2004342,[1146*5],,,
1830,1547421,[1146*5],,,
1780,1462714,[1146*5],,,
1940,1751138,[1146*5],,,
1510,759472,[1146*5],,,
1910,1685489,[1146*5],,,
1600,982994,[1146*5],,,
1910,1695348,[1146*5],,,
1970,1782188,[1146*5],,,
1420,689440,[1146*5],,,
2040,1849269,[1146*5],,,
2110,1899294,[1146*5],,,
2050,1838558,[1146*5],,,
1970,1780690,[1146*5],,,
1650,1158653,[1146*5],,,
2180,1984035,[1146*5],,,
1640,1110097,[1146*5],,,
1680,1284318,[1146*5],,,
1910,1674242,[1146*5],,,
1800,1502499,[1146*5],,,
1930,1740236,[1146*5],,,
1870,1617198,[1146*5],,,
1350,1819150,[1146*5],,,
