1670,1256640,[1146*5],,,
1870,1611460,[1146*5],,,
1620,1035890,[1146*5],,,
1950,1760605,[1146*5],,,
1800,1494351,[1146*5],,,
1930,1744760,[1146*5],,,
1580,885398,[1146*5],,,
1460,728049,[1146*5],,,
1570,839892,[1146*5],,,
1580,871983,[1146*5],,,
1970,1779683,[1146*5],,,
1940,1754674,[1146*5],,,
1920,1708130,[1146*5],,,
1170,1662919,[1146*5],,,
1590,925587,[1146*5],,,
1930,1732507,[1146*5],,,
1890,1642097,[1146*5],,,
1610,1681418,[1146*5],,,
1870,1611351,[1146*5],,,
1800,1490972,[1146*5],,,
1510,739216,[1146*5],,,
1390,641146,[1146*5],,,
1940,1750600,[1146*5],,,
1910,1703145,[1146*5],,,
1270,204176,[1146*5],,,
1610,987162,[1146*5],,,
1570,859170,[1146*5],,,
1600,974477,[1146*5],,,
1910,1672133,[1146*5],,,
1420,1092435,[1146*5],,,
1690,1317492,[1146*5],,,
1970,1778352,[1146*5],,,
1910,1696997,[1146*5],,,
1640,1139081,[1146*5],,,
1920,1713743,[1146*5],,,
1630,1081429,[1146*5],,,
1600,968630,[1146*5],,,
1550,805631,[1146*5],,,
1970,1777771,[1146*5],,,
1910,1692154,[1146*5],,,
1770,1453216,[1146*5],,,
1620,1025383,[1146*5],,,
1920,1710547,[1146*5],,,
1560,814401,[1146*5],,,
1900,1651148,[1146*5],,,
1630,1104854,[1146*5],,,
1740,1399763,[1146*5],,,
1800,1499246,[1146*5],,,
1640,1123022,[1146*5],,,
1660,1199899,[1146*5],,,
1930,1731851,[1146*5],,,
1890,1637670,[1146*5],,,
1650,1161924,[1146*5],,,
1910,1701216,[1146*5],,,
1920,1725531,[1146*5],,,
1390,638175,[1146*5],,,
1910,1670584,[1146*5],,,
1640,1120402,[1146*5],,,
1950,1765786,[1146*5],,,
1920,1716559,[1146*5],,,
1910,1687447,[1146*5],,,
1970,1778275,[1146*5],,,
1970,1778175,[1146*5],,,
1560,820389,[1146*5],,,
1920,1724748,[1146*5],,,
1590,931622,[1146*5],,,
1910,1669272,[1146*5],,,
1510,780664,[1146*5],,,
1270,309817,[1146*5],,,
1620,1054747,[1146*5],,,
1910,1668177,[1146*5],,,
1760,1427815,[1146*5],,,
1930,1733040,[1146*5],,,
1970,1777863,[1146*5],,,
1620,1475436,[1146*5],,,
1620,1054917,[1146*5],,,
1910,1681936,[1146*5],,,
1910,1689648,[1146*5],,,
1550,806433,[1146*5],,,
1940,1753770,[1146*5],,,
1950,1760834,[1146*5],,,
1910,1686142,[1146*5],,,
1910,1668907,[1146*5],,,
1910,1691320,[1146*5],,,
1930,1727911,[1146*5],,,
1350,482182,[1146*5],,,
1870,1604777,[1146*5],,,
1540,798290,[1146*5],,,
1920,1710315,[1146*5],,,
1830,1543572,[1146*5],,,
1630,1070741,[1146*5],,,
1970,1779837,[1146*5],,,
1600,949087,[1146*5],,,
1270,254069,[1146*5],,,
1930,1735614,[1146*5],,,
1910,1678404,[1146*5],,,
1440,717987,[1146*5],,,
1910,1680680,[1146*5],,,
1600,955191,[1146*5],,,
1400,662703,[1146*5],,,
1800,1504022,[1146*5],,,
1390,633144,[1146*5],,,
1930,1744737,[1146*5],,,
1510,767665,[1146*5],,,
1550,812322,[1146*5],,,
1640,1141872,[1146*5],,,
1910,1678334,[1146*5],,,
1420,685880,[1146*5],,,
1790,1501787,[1146*5],,,
1420,683663,[1146*5],,,
1570,839591,[1146*5],,,
1550,803729,[1146*5],,,
1910,1703587,[1146*5],,,
1910,1681884,[1146*5],,,
1940,1753663,[1146*5],,,
1910,1692361,[1146*5],,,
1720,1376585,[1146*5],,,
1870,1615834,[1146*5],,,
1580,902507,[1146*5],,,
1580,902183,[1146*5],,,
1850,1583185,[1146*5],,,
1550,809882,[1146*5],,,
1880,1626080,[1146*5],,,
1850,1578034,[1146*5],,,
1400,674478,[1146*5],,,
1510,777405,[1146*5],,,
1660,1204533,[1146*5],,,
1930,1736733,[1146*5],,,
1570,1019909,[1146*5],,,
1440,712543,[1146*5],,,
1270,331101,[1146*5],,,
1530,779871,[1146*5],,,
1420,690774,[1146*5],,,
1270,342847,[1146*5],,,
1400,675816,[1146*5],,,
1930,1730379,[1146*5],,,
1910,1679230,[1146*5],,,
1270,323763,[1146*5],,,
1530,792949,[1146*5],,,
1610,1014461,[1146*5],,,
1960,1769801,[1146*5],,,
1620,1050406,[1146*5],,,
1770,1447144,[1146*5],,,
1460,735344,[1146*5],,,
1870,1605445,[1146*5],,,
1930,1730271,[1146*5],,,
1640,1110731,[1146*5],,,
1650,1183957,[1146*5],,,
1610,999099,[1146*5],,,
1940,1753943,[1146*5],,,
1900,1645592,[1146*5],,,
1570,856649,[1146*5],,,
1590,902746,[1146*5],,,
1930,1734648,[1146*5],,,
1940,1865633,[1146*5],,,
1700,1344969,[1146*5],,,
1550,811865,[1146*5],,,
1570,843300,[1146*5],,,
1930,1730019,[1146*5],,,
1950,1762649,[1146*5],,,
1850,1580683,[1146*5],,,
1790,1475721,[1146*5],,,
1970,1778934,[1146*5],,,
1600,977752,[1146*5],,,
1610,1003342,[1146*5],,,
1840,1563585,[1146*5],,,
1650,1150673,[1146*5],,,
1940,1754883,[1146*5],,,
1580,860439,[1146*5],,,
1920,1713528,[1146*5],,,
1350,478420,[1146*5],,,
1570,853317,[1146*5],,,
1840,1566174,[1146*5],,,
1780,1467057,[1146*5],,,
1970,1778577,[1146*5],,,
1930,1735142,[1146*5],,,
1930,1743854,[1146*5],,,
1440,709663,[1146*5],,,
1920,1724251,[1146*5],,,
1910,1704155,[1146*5],,,
1950,1765253,[1146*5],,,
1920,1716789,[1146*5],,,
1510,745347,[1146*5],,,
1510,758669,[1146*5],,,
1930,1740870,[1146*5],,,
1310,438042,[1146*5],,,
1560,991335,[1146*5],,,
1910,1690025,[1146*5],,,
1460,724069,[1146*5],,,
1920,1725142,[1146*5],,,
1930,1741865,[1146*5],,,
1930,1742223,[1146*5],,,
1940,1755251,[1146*5],,,
1420,683757,[1146*5],,,
1970,1776602,[1146*5],,,
1910,1696274,[1146*5],,,
1890,1640930,[1146*5],,,
1940,1751382,[1146*5],,,
1790,1474536,[1146*5],,,
1510,739036,[1146*5],,,
1960,1767273,[1146*5],,,
1650,1145228,[1146*5],,,
1940,1749764,[1146*5],,,
1310,1454488,[1146*5],,,
1880,1628795,[1146*5],,,
1920,1723386,[1146*5],,,
1740,1402632,[1146*5],,,
1860,1598525,[1146*5],,,
1310,422492,[1146*5],,,
1700,1365152,[1146*5],,,
1940,1754057,[1146*5],,,
1910,1692494,[1146*5],,,
1650,1183035,[1146*5],,,
1550,804002,[1146*5],,,
1610,996255,[1146*5],,,
1390,566397,[1146*5],,,
1610,2101891,[1146*5],,,
1590,918496,[1146*5],,,
1860,1593605,[1146*5],,,
1170,54799,[1146*5],,,
1870,1611993,[1146*5],,,
1270,210915,[1146*5],,,
1930,1729449,[1146*5],,,
1740,1406306,[1146*5],,,
1950,1760964,[1146*5],,,
1610,992027,[1146*5],,,
1400,677480,[1146*5],,,
1510,758467,[1146*5],,,
1620,1052690,[1146*5],,,
1170,15309,[1146*5],,,
1920,1710552,[1146*5],,,
1930,1738240,[1146*5],,,
1540,800467,[1146*5],,,
1870,1616022,[1146*5],,,
1930,1745708,[1146*5],,,
1310,617264,[1146*5],,,
1910,1674600,[1146*5],,,
1860,1592129,[1146*5],,,
1930,1738074,[1146*5],,,
1640,1116537,[1146*5],,,
1620,1037725,[1146*5],,,
1900,1656152,[1146*5],,,
1950,1764293,[1146*5],,,
1750,1408142,[1146*5],,,
1950,1766043,[1146*5],,,
1910,1672813,[1146*5],,,
1400,665566,[1146*5],,,
1630,1099457,[1146*5],,,
1890,1632577,[1146*5],,,
1390,655800,[1146*5],,,
1700,1348073,[1146*5],,,
1930,1736563,[1146*5],,,
1590,922506,[1146*5],,,
1580,863503,[1146*5],,,
1420,711395,[1146*5],,,
1620,1050994,[1146*5],,,
1440,713328,[1146*5],,,
1510,759816,[1146*5],,,
1870,1611109,[1146*5],,,
1560,815767,[1146*5],,,
1350,472531,[1146*5],,,
1930,1728361,[1146*5],,,
1550,810745,[1146*5],,,
1840,1565775,[1146*5],,,
1590,928759,[1146*5],,,
1920,1714564,[1146*5],,,
1610,991181,[1146*5],,,
1510,753545,[1146*5],,,
1910,1672166,[1146*5],,,
1960,1768326,[1146*5],,,
1600,954691,[1146*5],,,
1780,1462878,[1146*5],,,
1780,1471395,[1146*5],,,
1510,765161,[1146*5],,,
1350,465986,[1146*5],,,
1530,781243,[1146*5],,,
1970,1778894,[1146*5],,,
1630,1076218,[1146*5],,,
1400,673597,[1146*5],,,
1920,1724751,[1146*5],,,
1970,1782793,[1146*5],,,
1680,1263110,[1146*5],,,
1760,1437031,[1146*5],,,
1640,1128900,[1146*5],,,
1610,994402,[1146*5],,,
1920,1720494,[1146*5],,,
1390,610865,[1146*5],,,
1540,799632,[1146*5],,,
1930,1733299,[1146*5],,,
1950,1759641,[1146*5],,,
1660,1193989,[1146*5],,,
1930,1732689,[1146*5],,,
1920,1707479,[1146*5],,,
1930,1743433,[1146*5],,,
1460,735630,[1146*5],,,
1910,1694628,[1146*5],,,
1390,588780,[1146*5],,,
1620,1035776,[1146*5],,,
1820,1529377,[1146*5],,,
1270,255480,[1146*5],,,
1920,1719601,[1146*5],,,
1640,1140516,[1146*5],,,
1170,15323,[1146*5],,,
1440,703610,[1146*5],,,
1940,1757174,[1146*5],,,
1640,1118785,[1146*5],,,
1940,1753823,[1146*5],,,
1910,1700644,[1146*5],,,
1170,25049,[1146*5],,,
1920,1712742,[1146*5],,,
1930,1737231,[1146*5],,,
1940,1753814,[1146*5],,,
1600,974951,[1146*5],,,
1910,1686285,[1146*5],,,
1960,1769711,[1146*5],,,
1910,1701221,[1146*5],,,
1910,1666378,[1146*5],,,
1880,1623312,[1146*5],,,
1510,771878,[1146*5],,,
1900,1654503,[1146*5],,,
1920,1706375,[1146*5],,,
1590,920647,[1146*5],,,
1170,61822,[1146*5],,,
1650,1147967,[1146*5],,,
1910,1668719,[1146*5],,,
1640,1119188,[1146*5],,,
1950,1762859,[1146*5],,,
1350,512740,[1146*5],,,
1910,1692807,[1146*5],,,
1790,1479386,[1146*5],,,
1620,1033301,[1146*5],,,
1910,1677273,[1146*5],,,
1540,800574,[1146*5],,,
1600,948382,[1146*5],,,
1770,1451635,[1146*5],,,
1970,1780038,[1146*5],,,
1910,1678752,[1146*5],,,
1170,186938,[1146*5],,,
1790,1479160,[1146*5],,,
1790,1475989,[1146*5],,,
1170,18387,[1146*5],,,
1930,1734481,[1146*5],,,
1930,1738564,[1146*5],,,
1620,1049757,[1146*5],,,
1570,1383908,[1146*5],,,
1540,802116,[1146*5],,,
1460,725875,[1146*5],,,
1610,1017215,[1146*5],,,
1920,1712978,[1146*5],,,
1570,837416,[1146*5],,,
1510,756967,[1146*5],,,
1560,817465,[1146*5],,,
1650,1184051,[1146*5],,,
1960,1769551,[1146*5],,,
1910,1675899,[1146*5],,,
1530,792031,[1146*5],,,
1970,1782003,[1146*5],,,
1860,1598195,[1146*5],,,
1760,1423022,[1146*5],,,
1970,1777276,[1146*5],,,
1600,979206,[1146*5],,,
1910,1686411,[1146*5],,,
1910,1701396,[1146*5],,,
1270,306552,[1146*5],,,
1960,1767920,[1146*5],,,
1540,800720,[1146*5],,,
1510,756699,[1146*5],,,
1970,1776214,[1146*5],,,
1920,1710416,[1146*5],,,
1580,899677,[1146*5],,,
1650,1185305,[1146*5],,,
1540,796868,[1146*5],,,
1920,1707217,[1146*5],,,
1910,1664433,[1146*5],,,
1640,1110034,[1146*5],,,
1390,587213,[1146*5],,,
1900,1657550,[1146*5],,,
1350,468497,[1146*5],,,
1780,1466937,[1146*5],,,
1970,1780310,[1146*5],,,
1610,1014334,[1146*5],,,
1920,1710191,[1146*5],,,
1530,1792220,[1146*5],,,
1460,732776,[1146*5],,,
1590,908791,[1146*5],,,
1920,1725642,[1146*5],,,
1650,1182026,[1146*5],,,
1580,873969,[1146*5],,,
1270,225126,[1146*5],,,
1910,1675194,[1146*5],,,
1890,1641011,[1146*5],,,
1910,1683585,[1146*5],,,
1580,889497,[1146*5],,,
1650,1164470,[1146*5],,,
1540,796960,[1146*5],,,
1580,882231,[1146*5],,,
1620,1029492,[1146*5],,,
1600,948248,[1146*5],,,
1750,1415533,[1146*5],,,
1690,1315145,[1146*5],,,
1920,1724898,[1146*5],,,
1920,1723788,[1146*5],,,
1910,1688177,[1146*5],,,
1970,1779467,[1146*5],,,
1600,976728,[1146*5],,,
1950,1762065,[1146*5],,,
1550,804376,[1146*5],,,
1930,1727259,[1146*5],,,
1510,737423,[1146*5],,,
1830,1541258,[1146*5],,,
1950,1760166,[1146*5],,,
1530,787221,[1146*5],,,
1600,976804,[1146*5],,,
1930,1745300,[1146*5],,,
1650,1161138,[1146*5],,,
1860,1593518,[1146*5],,,
1570,1406271,[1146*5],,,
1950,1759830,[1146*5],,,
1620,1060818,[1146*5],,,
1930,1741219,[1146*5],,,
1420,698059,[1146*5],,,
1680,1269549,[1146*5],,,
1580,869544,[1146*5],,,
1750,1414844,[1146*5],,,
1760,1428760,[1146*5],,,
1830,1543679,[1146*5],,,
1820,1524743,[1146*5],,,
1920,1716329,[1146*5],,,
1930,1729681,[1146*5],,,
1920,1723025,[1146*5],,,
1950,1765183,[1146*5],,,
1630,1081138,[1146*5],,,
1670,1234131,[1146*5],,,
1510,752356,[1146*5],,,
1840,1562181,[1146*5],,,
1420,687798,[1146*5],,,
1310,1806335,[1146*5],,,
1620,1048233,[1146*5],,,
1580,866946,[1146*5],,,
1510,776277,[1146*5],,,
1740,1395603,[1146*5],,,
1950,1757840,[1146*5],,,
1960,1766774,[1146*5],,,
1920,1722861,[1146*5],,,
1680,2073295,[1146*5],,,
1870,1604223,[1146*5],,,
1460,723199,[1146*5],,,
1920,1710314,[1146*5],,,
1860,1589402,[1146*5],,,
1800,1490145,[1146*5],,,
1670,1241177,[1146*5],,,
1570,835185,[1146*5],,,
1930,1743644,[1146*5],,,
1690,1332025,[1146*5],,,
1640,1113208,[1146*5],,,
1610,990426,[1146*5],,,
1350,464726,[1146*5],,,
1610,996392,[1146*5],,,
1460,722689,[1146*5],,,
1310,451964,[1146*5],,,
1310,439718,[1146*5],,,
1270,210410,[1146*5],,,
1620,1063560,[1146*5],,,
1940,1749945,[1146*5],,,
1940,1747458,[1146*5],,,
1610,1004819,[1146*5],,,
1930,1735584,[1146*5],,,
1560,820298,[1146*5],,,
1810,1511948,[1146*5],,,
1770,1446634,[1146*5],,,
1390,655630,[1146*5],,,
1910,1686153,[1146*5],,,
1920,1709671,[1146*5],,,
1970,1775683,[1146*5],,,
1600,969201,[1146*5],,,
1910,1675539,[1146*60],,,
1910,1695377,[1146*5],,,
1530,2004326,[1146*5],,,
1170,155728,[1146*5],,,
1590,907305,[1146*5],,,
1960,1766887,[1146*5],,,
1590,922164,[1146*5],,,
1650,1169674,[1146*5],,,
1930,1743610,[1146*5],,,
1580,1510821,[1146*5],,,
1420,689366,[1146*5],,,
1910,1688128,[1146*5],,,
1840,1772597,[1146*5],,,
1270,286661,[1146*5],,,
1390,590325,[1146*5],,,
1910,1670383,[1146*5],,,
1510,768208,[1146*5],,,
1170,817602,[1146*5],,,
1540,801431,[1146*5],,,
1970,1779183,[1146*5],,,
1400,662395,[1146*5],,,
1660,1218176,[1146*5],,,
1930,1730557,[1146*5],,,
1850,1574661,[1146*5],,,
1420,680761,[1146*5],,,
1970,1776197,[1146*5],,,
1900,1651527,[1146*5],,,
1670,1234454,[1146*5],,,
1530,779177,[1146*5],,,
1900,1663420,[1146*5],,,
1670,1258994,[1146*5],,,
1960,1771161,[1146*5],,,
1270,326409,[1146*5],,,
1610,1003079,[1146*5],,,
1940,1751799,[1146*5],,,
1960,1770034,[1146*5],,,
1860,1602390,[1146*5],,,
1560,813685,[1146*5],,,
1930,1729330,[1146*5],,,
1530,780909,[1146*5],,,
1910,1697001,[1146*5],,,
1390,654764,[1146*5],,,
1640,1123348,[1146*5],,,
1860,1589854,[1146*5],,,
1870,1605126,[1146*5],,,
1390,632648,[1146*5],,,
1900,1661435,[1146*5],,,
1790,1487458,[1146*5],,,
1910,1671213,[1146*5],,,
1910,1675539,[1146*5],,,
1550,810640,[1146*5],,,
1910,1665164,[1146*5],,,
1670,1250905,[1146*5],,,
1950,1761150,[1146*5],,,
1970,1777867,[1146*5],,,
1960,1769082,[1146*5],,,
1570,855458,[1146*5],,,
1850,1577948,[1146*5],,,
1920,1714476,[1146*5],,,
1170,1232390,[1146*5],,,
1170,22347,[1146*5],,,
1940,1747570,[1146*5],,,
1910,1675218,[1146*5],,,
1910,1682281,[1146*5],,,
1690,2024043,[1146*5],,,
1910,1673167,[1146*5],,,
1680,2072890,[1146*5],,,
1680,1293801,[1146*5],,,
1910,1703306,[1146*5],,,
1910,1695060,[1146*5],,,
1630,1988393,[1146*5],,,
1940,1754855,[1146*5],,,
1460,1499961,[1146*5],,,
1910,1691968,[1146*5],,,
1600,980137,[1146*5],,,
1860,1589320,[1146*5],,,
1820,1533052,[1146*5],,,
1620,1049804,[1146*5],,,
1620,1065590,[1146*5],,,
1890,1638081,[1146*5],,,
1890,1642187,[1146*5],,,
1660,1207640,[1146*5],,,
1960,1767114,[1146*5],,,
1910,1684016,[1146*5],,,
1890,1634088,[1146*5],,,
1170,19910,[1146*5],,,
1960,1772429,[1146*5],,,
1740,1399295,[1146*5],,,
1460,728449,[1146*5],,,
1170,166085,[1146*5],,,
1900,1644764,[1146*5],,,
1570,848273,[1146*5],,,
1910,1670974,[1146*5],,,
1830,1782742,[1146*5],,,
1970,1778662,[1146*5],,,
1930,1736209,[1146*5],,,
1860,1597706,[1146*5],,,
1900,1660002,[1146*5],,,
1590,942975,[1146*5],,,
1600,966668,[1146*5],,,
1830,1549593,[1146*5],,,
1900,1655971,[1146*5],,,
1590,906596,[1146*5],,,
1660,1209427,[1146*5],,,
1900,1662286,[1146*5],,,
1610,1006426,[1146*5],,,
1670,1235685,[1146*5],,,
1920,1707499,[1146*5],,,
1400,1871356,[1146*5],,,
1910,1689844,[1146*5],,,
1870,1612078,[1146*5],,,
1620,1034437,[1146*5],,,
1670,1233684,[1146*5],,,
1920,1716048,[1146*5],,,
1800,1491892,[1146*5],,,
1910,1698319,[1146*5],,,
1920,1718197,[1146*5],,,
1930,1730134,[1146*5],,,
1940,1753088,[1146*5],,,
1940,1750189,[1146*5],,,
1510,761063,[1146*5],,,
1590,927876,[1146*5],,,
1970,1780104,[1146*5],,,
1660,1208567,[1146*5],,,
1650,1182806,[1146*5],,,
1510,753270,[1146*5],,,
1640,1131026,[1146*5],,,
1770,1443537,[1146*5],,,
1920,1721428,[1146*5],,,
1630,1100494,[1146*5],,,
1900,1656516,[1146*5],,,
1270,345941,[1146*5],,,
1860,1597253,[1146*5],,,
1390,634383,[1146*5],,,
1910,1676514,[1146*5],,,
1630,1093899,[1146*5],,,
1920,1708423,[1146*5],,,
1550,808303,[1146*5],,,
1930,1739105,[1146*5],,,
1670,1256287,[1146*5],,,
1790,1476519,[1146*5],,,
1610,1019469,[1146*5],,,
1270,342804,[1146*5],,,
1760,1433531,[1146*5],,,
1920,1715215,[1146*5],,,
1930,1739405,[1146*5],,,
1630,1349964,[1146*5],,,
1580,894847,[1146*5],,,
1900,1646964,[1146*5],,,
1810,1517336,[1146*5],,,
1620,1475274,[1146*5],,,
1600,969622,[1146*5],,,
1620,1036369,[1146*5],,,
1350,493218,[1146*5],,,
1400,1602580,[1146*5],,,
1270,242668,[1146*5],,,
1910,1686408,[1146*5],,,
1880,1618615,[1146*5],,,
1310,447961,[1146*5],,,
1660,1206373,[1146*5],,,
1920,1716298,[1146*5],,,
1790,1484505,[1146*5],,,
1420,698459,[1146*5],,,
1910,1700166,[1146*5],,,
1920,1720124,[1146*5],,,
1270,307094,[1146*5],,,
1440,700377,[1146*5],,,
1310,1453437,[1146*5],,,
1920,1723917,[1146*5],,,
1420,1127298,[1146*5],,,
1930,1737256,[1146*5],,,
1440,714646,[1146*5],,,
1540,798866,[1146*5],,,
1890,1632916,[1146*5],,,
1640,1111093,[1146*5],,,
1920,1711220,[1146*5],,,
1820,1538304,[1146*5],,,
1900,1650714,[1146*5],,,
1610,1016638,[1146*5],,,
1620,1036900,[1146*5],,,
1590,916186,[1146*5],,,
1650,1171829,[1146*5],,,
1970,1775995,[1146*5],,,
1530,794061,[1146*5],,,
1620,1032906,[1146*5],,,
1580,883933,[1146*5],,,
1920,1709893,[1146*5],,,
1950,1764819,[1146*5],,,
1840,1560099,[1146*5],,,
1390,653813,[1146*5],,,
1910,1670961,[1146*5],,,
1970,1782312,[1146*5],,,
1170,125993,[1146*5],,,
1960,1773175,[1146*5],,,
1930,1733894,[1146*5],,,
1540,797224,[1146*5],,,
1900,1648454,[1146*5],,,
1770,1443983,[1146*5],,,
1900,1654691,[1146*5],,,
1390,651656,[1146*5],,,
1930,1731275,[1146*5],,,
1910,1698669,[1146*5],,,
1910,1689389,[1146*5],,,
1790,1479671,[1146*5],,,
1780,1464714,[1146*5],,,
1900,1655082,[1146*5],,,
1550,808967,[1146*5],,,
1560,823077,[1146*5],,,
1920,1708910,[1146*5],,,
1420,686261,[1146*5],,,
1960,1771631,[1146*5],,,
1810,1512263,[1146*5],,,
1420,686909,[1146*5],,,
1910,1670482,[1146*5],,,
1660,1195813,[1146*5],,,
1550,806352,[1146*5],,,
1510,749095,[1146*5],,,
1550,804848,[1146*5],,,
1910,1691499,[1146*5],,,
1780,1473485,[1146*5],,,
1420,681908,[1146*5],,,
1510,737756,[1146*5],,,
1680,1271769,[1146*5],,,
1510,764031,[1146*5],,,
1970,1777835,[1146*5],,,
1650,1152401,[1146*5],,,
1910,1695781,[1146*5],,,
1940,1748529,[1146*5],,,
1510,756364,[1146*5],,,
1870,1608396,[1146*5],,,
1910,1687230,[1146*5],,,
1970,1781473,[1146*5],,,
1790,1473930,[1146*5],,,
1940,1754717,[1146*5],,,
1550,803302,[1146*5],,,
1910,1704832,[1146*5],,,
1920,1723098,[1146*5],,,
1930,1744375,[1146*5],,,
1900,1649962,[1146*5],,,
1510,765217,[1146*5],,,
1930,1737378,[1146*5],,,
1170,1644601,[1146*5],,,
1960,1768631,[1146*5],,,
1900,1645723,[1146*5],,,
1900,1646766,[1146*5],,,
1610,995867,[1146*5],,,
1720,1377776,[1146*5],,,
1820,1523007,[1146*5],,,
1460,721791,[1146*5],,,
1910,1704915,[1146*5],,,
1930,1742323,[1146*5],,,
1790,1479815,[1146*5],,,
1950,1759988,[1146*5],,,
1970,1949966,[1146*5],,,
1960,1768106,[1146*5],,,
1920,1713789,[1146*5],,,
1950,1761104,[1146*5],,,
1270,317987,[1146*5],,,
1920,1710565,[1146*5],,,
1770,1438187,[1146*5],,,
1400,673059,[1146*5],,,
1970,1777332,[1146*5],,,
1390,622227,[1146*5],,,
1960,1771459,[1146*5],,,
1610,995772,[1146*5],,,
1510,754440,[1146*5],,,
1660,1215720,[1146*5],,,
1460,730251,[1146*5],,,
1600,967352,[1146*5],,,
1590,939803,[1146*5],,,
1680,1289136,[1146*5],,,
1170,156647,[1146*5],,,
1720,1377073,[1146*5],,,
1420,684185,[1146*5],,,
1910,1695005,[1146*5],,,
1560,815174,[1146*5],,,
1910,1702558,[1146*5],,,
1910,1705020,[1146*5],,,
1600,980628,[1146*5],,,
1740,1400398,[1146*5],,,
1530,786860,[1146*5],,,
1910,1703438,[1146*5],,,
1570,835776,[1146*5],,,
1920,1709637,[1146*5],,,
1610,1007060,[1146*5],,,
1910,1694806,[1146*5],,,
1550,810642,[1146*5],,,
1440,712483,[1146*5],,,
1910,1686533,[1146*5],,,
1580,886881,[1146*5],,,
1910,1681578,[1146*5],,,
1970,1782597,[1146*5],,,
1580,875605,[1146*5],,,
1960,1768973,[1146*5],,,
1930,1736875,[1146*5],,,
1970,1786114,[1146*5],,,
1920,1725959,[1146*5],,,
1920,1710288,[1146*5],,,
1270,214913,[1146*5],,,
1900,1652607,[1146*5],,,
1930,1744934,[1146*5],,,
1920,1707864,[1146*5],,,
1750,1412842,[1146*5],,,
1460,723667,[1146*5],,,
1550,806475,[1146*5],,,
1900,1643704,[1146*5],,,
1390,641583,[1146*5],,,
1350,501472,[1146*5],,,
1570,835617,[1146*5],,,
1640,1753580,[1146*5],,,
1910,1667277,[1146*5],,,
1870,1615835,[1146*5],,,
1510,763192,[1146*5],,,
1170,1367813,[1146*5],,,
1400,681497,[1146*5],,,
1420,688175,[1146*5],,,
1700,1341791,[1146*5],,,
1750,1413281,[1146*5],,,
1400,675963,[1146*5],,,
1600,976541,[1146*5],,,
1910,1669959,[1146*5],,,
1530,784547,[1146*5],,,
1850,1584817,[1146*5],,,
1920,1726936,[1146*5],,,
1940,1750887,[1146*5],,,
1760,1434923,[1146*5],,,
1600,971693,[1146*5],,,
1770,1453848,[1146*5],,,
1640,1136987,[1146*5],,,
1600,978220,[1146*5],,,
1770,1451142,[1146*5],,,
1560,820858,[1146*5],,,
1960,1770972,[1146*5],,,
1680,1275787,[1146*5],,,
1620,1035972,[1146*5],,,
1620,1049340,[1146*5],,,
1930,1735999,[1146*5],,,
1940,1752093,[1146*5],,,
1950,1761868,[1146*5],,,
1570,835694,[1146*5],,,
1930,1739514,[1146*5],,,
1910,1695044,[1146*5],,,
1510,736603,[1146*5],,,
1570,852117,[1146*5],,,
1170,22323,[1146*5],,,
1640,1117331,[1146*5],,,
1580,868823,[1146*5],,,
1880,1620770,[1146*5],,,
1920,1706323,[1146*5],,,
1690,1312362,[1146*5],,,
1570,858681,[1146*5],,,
1590,1633990,[1146*5],,,
1420,689528,[1146*5],,,
1610,1004643,[1146*5],,,
1940,1753292,[1146*5],,,
1750,1419639,[1146*5],,,
1910,1693151,[1146*5],,,
1270,323805,[1146*5],,,
1840,1559370,[1146*5],,,
1950,1764587,[1146*5],,,
1830,1541090,[1146*5],,,
1660,1338385,[1146*5],,,
1920,1718536,[1146*5],,,
1270,214238,[1146*5],,,
1580,894104,[1146*5],,,
1420,696969,[1146*5],,,
1940,1749556,[1146*5],,,
1310,405272,[1146*5],,,
1440,701616,[1146*5],,,
1930,1735286,[1146*5],,,
1930,1727600,[1146*5],,,
1510,739512,[1146*5],,,
1590,912243,[1146*5],,,
1400,1975889,[1146*5],,,
1350,493765,[1146*5],,,
1930,1736848,[1146*5],,,
1950,1759946,[1146*5],,,
1530,780045,[1146*5],,,
1910,1703576,[1146*5],,,
1820,1536040,[1146*5],,,
1580,861382,[1146*5],,,
1910,1675922,[1146*5],,,
1590,909989,[1146*5],,,
1950,1765144,[1146*5],,,
1530,791710,[1146*5],,,
1170,55592,[1146*5],,,
1920,1725495,[1146*5],,,
1550,1862721,[1146*5],,,
1910,1673075,[1146*5],,,
1660,1192349,[1146*5],,,
1650,1185585,[1146*5],,,
1460,733757,[1146*5],,,
1910,1695348,[1146*5],,,
1550,805746,[1146*5],,,
1390,648458,[1146*5],,,
1630,1635110,[1146*5],,,
1580,865167,[1146*5],,,
1910,1675490,[1146*5],,,
1610,991299,[1146*5],,,
1670,1240826,[1146*5],,,
1680,1279409,[1146*5],,,
1930,1734372,[1146*5],,,
1930,1730416,[1146*5],,,
1930,1745810,[1146*5],,,
1910,1692587,[1146*5],,,
1970,1775574,[1146*5],,,
1560,826138,[1146*5],,,
1970,1778699,[1146*5],,,
1630,1103203,[1146*5],,,
1920,1720059,[1146*5],,,
1510,775221,[1146*5],,,
1910,1703952,[1146*5],,,
1900,1648517,[1146*5],,,
1910,1680403,[1146*5],,,
1590,932182,[1146*5],,,
1950,1765817,[1146*5],,,
1660,1217937,[1146*5],,,
1970,1778768,[1146*5],,,
1170,139294,[1146*5],,,
1680,1282444,[1146*5],,,
1960,1771980,[1146*5],,,
1930,1729084,[1146*5],,,
1930,1745447,[1146*5],,,
1170,57229,[1146*5],,,
1580,869069,[1146*5],,,
1970,1778828,[1146*5],,,
1400,677117,[1146*30],,,
1910,1691108,[1146*5],,,
1910,1698277,[1146*5],,,
1910,1669757,[1146*5],,,
1420,697000,[1146*5],,,
1920,1713982,[1146*5],,,
1920,1718561,[1146*5],,,
1910,1665994,[1146*5],,,
1530,792508,[1146*5],,,
1970,1776649,[1146*5],,,
1350,473382,[1146*5],,,
1590,940642,[1146*5],,,
1960,1773957,[1146*5],,,
1910,1691735,[1146*5],,,
1390,651120,[1146*5],,,
1170,50752,[1146*5],,,
1620,1035861,[1146*5],,,
1660,1512604,[1146*5],,,
1910,1692415,[1146*5],,,
1800,1499583,[1146*5],,,
1680,1299446,[1146*5],,,
1640,1128441,[1146*5],,,
1920,1710514,[1146*5],,,
1910,1690231,[1146*5],,,
1810,1513990,[1146*5],,,
1630,1099477,[1146*5],,,
1860,1595704,[1146*5],,,
1510,740748,[1146*5],,,
1310,437228,[1146*5],,,
1740,1404956,[1146*5],,,
1400,670703,[1146*5],,,
1640,1126592,[1146*5],,,
1900,1654144,[1146*5],,,
1270,279659,[1146*5],,,
1930,1734921,[1146*5],,,
1750,1415600,[1146*5],,,
1940,1749972,[1146*5],,,
1940,1748829,[1146*5],,,
1760,1436386,[1146*5],,,
1730,1387183,[1146*5],,,
1960,1768340,[1146*5],,,
1310,455276,[1146*5],,,
1690,1338336,[1146*5],,,
1640,1137457,[1146*5],,,
1910,1702084,[1146*5],,,
1640,1110552,[1146*5],,,
1930,1730864,[1146*5],,,
1700,1341582,[1146*5],,,
1960,1770106,[1146*5],,,
1940,1750688,[1146*5],,,
1940,1753537,[1146*5],,,
1810,1508661,[1146*5],,,
1400,663559,[1146*5],,,
1620,1037611,[1146*5],,,
1350,489178,[1146*5],,,
1910,1698570,[1146*5],,,
1890,1635001,[1146*5],,,
1630,1071156,[1146*5],,,
1460,726172,[1146*5],,,
1940,1756863,[1146*5],,,
1970,1775058,[1146*5],,,
1390,654354,[1146*5],,,
1780,1472727,[1146*5],,,
1610,1016051,[1146*5],,,
1920,1715721,[1146*5],,,
1910,1676896,[1146*5],,,
1550,808679,[1146*5],,,
1920,1717931,[1146*5],,,
1800,1494243,[1146*5],,,
1950,1758344,[1146*5],,,
1730,1385659,[1146*5],,,
1510,757772,[1146*5],,,
1710,1368131,[1146*5],,,
1170,96506,[1146*5],,,
1920,1714194,[1146*5],,,
1930,1731548,[1146*5],,,
1770,1452800,[1146*5],,,
1910,1689377,[1146*5],,,
1350,481645,[1146*5],,,
1670,1232743,[1146*5],,,
1510,760339,[1146*5],,,
1170,167496,[1146*5],,,
1910,1679729,[1146*5],,,
1550,810675,[1146*5],,,
1940,1749899,[1146*5],,,
1460,722648,[1146*5],,,
1890,1638328,[1146*5],,,
1910,1694222,[1146*5],,,
1930,1740782,[1146*5],,,
1650,1159807,[1146*5],,,
1780,1459126,[1146*5],,,
1690,1314839,[1146*5],,,
1580,873960,[1146*5],,,
1510,753593,[1146*5],,,
1930,1728267,[1146*5],,,
1700,1352863,[1146*5],,,
1920,1717776,[1146*5],,,
1640,1114206,[1146*5],,,
1600,972102,[1146*5],,,
1930,1740803,[1146*5],,,
1680,1297086,[1146*5],,,
1580,884207,[1146*5],,,
1930,1738427,[1146*5],,,
1800,1502889,[1146*5],,,
1350,492652,[1146*5],,,
1750,1421383,[1146*5],,,
1930,1741153,[1146*5],,,
1730,1386836,[1146*5],,,
1620,1047495,[1146*5],,,
1600,957779,[1146*5],,,
1590,932778,[1146*5],,,
1750,1413096,[1146*5],,,
1900,1655037,[1146*5],,,
1440,719200,[1146*5],,,
1920,1714686,[1146*5],,,
1910,1686535,[1146*5],,,
1900,1648001,[1146*5],,,
1680,1269505,[1146*5],,,
1570,833939,[1146*5],,,
1570,834387,[1146*5],,,
1440,888326,[1146*5],,,
1940,1752718,[1146*5],,,
1910,1697553,[1146*60],,,
1870,1607804,[1146*5],,,
1170,59065,[1146*5],,,
1620,1063628,[1146*5],,,
1910,1705858,[1146*5],,,
1930,1728742,[1146*5],,,
1970,1780842,[1146*5],,,
1940,1751322,[1146*5],,,
1940,1755352,[1146*5],,,
1610,1010770,[1146*5],,,
1540,801766,[1146*5],,,
1930,1730009,[1146*5],,,
1740,1396106,[1146*5],,,
1540,796572,[1146*5],,,
1940,1749271,[1146*5],,,
1930,1732047,[1146*5],,,
1640,1114246,[1146*5],,,
1970,1777701,[1146*5],,,
1830,1555727,[1146*5],,,
1460,730464,[1146*5],,,
1680,1270632,[1146*5],,,
1390,634557,[1146*5],,,
1420,695993,[1146*5],,,
1510,758811,[1146*5],,,
1890,1635959,[1146*5],,,
1680,1638699,[1146*5],,,
1510,754506,[1146*5],,,
1970,1780753,[1146*5],,,
1940,1754098,[1146*5],,,
1960,1766811,[1146*5],,,
1930,1742886,[1146*5],,,
1270,281283,[1146*5],,,
1630,1091514,[1146*5],,,
1700,1341074,[1146*5],,,
1910,1690079,[1146*5],,,
1600,965173,[1146*5],,,
1780,1857967,[1146*5],,,
1670,1234263,[1146*5],,,
1900,1656657,[1146*5],,,
1860,1590279,[1146*5],,,
1700,1939705,[1146*5],,,
1910,1696835,[1146*5],,,
1170,189201,[1146*5],,,
1920,1722528,[1146*5],,,
1940,1751412,[1146*5],,,
1970,1775233,[1146*5],,,
1600,977363,[1146*5],,,
1630,1069075,[1146*5],,,
1510,764777,[1146*5],,,
1780,1471566,[1146*5],,,
1910,1682925,[1146*5],,,
1670,1255830,[1146*5],,,
1900,1659740,[1146*5],,,
1390,636561,[1146*5],,,
1890,1637690,[1146*5],,,
1970,1775980,[1146*5],,,
1930,1727288,[1146*5],,,
1910,1684196,[1146*5],,,
1940,1754350,[1146*5],,,
1690,1319184,[1146*5],,,
1610,987080,[1146*5],,,
1940,1753316,[1146*5],,,
1590,919610,[1146*5],,,
1910,1676506,[1146*5],,,
1580,867274,[1146*5],,,
1840,1557388,[1146*5],,,
1600,982279,[1146*5],,,
1580,896761,[1146*5],,,
1570,827991,[1146*5],,,
1950,1759344,[1146*5],,,
1600,965296,[1146*5],,,
1510,773942,[1146*5],,,
1620,1061382,[1146*5],,,
1510,918318,[1146*5],,,
1420,684485,[1146*5],,,
1620,1061433,[1146*5],,,
1560,816354,[1146*5],,,
1570,837607,[1146*5],,,
1390,653314,[1146*5],,,
1700,1350045,[1146*5],,,
1960,1767339,[1146*5],,,
1620,1022757,[1146*5],,,
1940,1749149,[1146*5],,,
1660,1203438,[1146*5],,,
1910,1687472,[1146*5],,,
1910,1701255,[1146*5],,,
1920,1715158,[1146*5],,,
1620,1038279,[1146*5],,,
1530,784231,[1146*5],,,
1460,728627,[1146*5],,,
1910,1692797,[1146*5],,,
1440,702219,[1146*5],,,
1930,1729044,[1146*5],,,
1620,1040964,[1146*5],,,
1890,1637436,[1146*5],,,
1620,1046882,[1146*5],,,
1350,463606,[1146*5],,,
1800,1490865,[1146*5],,,
1390,580918,[1146*5],,,
1780,1457622,[1146*5],,,
1400,658791,[1146*5],,,
1550,811011,[1146*5],,,
1900,1653743,[1146*5],,,
1910,1667398,[1146*5],,,
1560,814198,[1146*5],,,
1910,1674990,[1146*5],,,
1510,762025,[1146*5],,,
1860,1587792,[1146*5],,,
1870,1604579,[1146*5],,,
1940,1748742,[1146*5],,,
1510,770091,[1146*5],,,
1540,797317,[1146*5],,,
1550,812032,[1146*5],,,
1580,878282,[1146*5],,,
1950,1765936,[1146*5],,,
1960,1768854,[1146*5],,,
1510,762870,[1146*5],,,
1270,341556,[1146*5],,,
1630,1071791,[1146*5],,,
1510,761434,[1146*5],,,
1880,1619718,[1146*5],,,
1570,848391,[1146*5],,,
1910,1668130,[1146*5],,,
1350,474588,[1146*5],,,
1630,1071347,[1146*5],,,
1910,1669841,[1146*5],,,
1570,851646,[1146*5],,,
1390,653085,[1146*5],,,
1660,1208303,[1146*5],,,
1650,1185058,[1146*5],,,
1900,1650890,[1146*5],,,
1910,1678840,[1146*5],,,
1800,1490887,[1146*5],,,
1920,1716146,[1146*5],,,
1760,1433212,[1146*5],,,
1930,1732345,[1146*5],,,
1930,1729368,[1146*5],,,
1510,748797,[1146*5],,,
1800,1506197,[1146*5],,,
1390,1652053,[1146*5],,,
1560,819973,[1146*5],,,
1900,1652261,[1146*5],,,
1880,1621402,[1146*5],,,
1920,1715042,[1146*5],,,
1420,691608,[1146*5],,,
1350,488627,[1146*5],,,
1650,1146318,[1146*5],,,
1650,1186761,[1146*5],,,
1170,160122,[1146*5],,,
1910,1674877,[1146*5],,,
1750,1415996,[1146*5],,,
1610,1007911,[1146*5],,,
1650,1157741,[1146*5],,,
1700,1354534,[1146*5],,,
1930,1744158,[1146*5],,,
1400,664632,[1146*5],,,
1760,1426664,[1146*5],,,
1940,1747193,[1146*5],,,
1940,1747345,[1146*5],,,
1970,1775215,[1146*5],,,
1910,1703209,[1146*5],,,
1310,428963,[1146*5],,,
1610,1014046,[1146*5],,,
1640,1122525,[1146*5],,,
1170,70397,[1146*5],,,
1940,1754687,[1146*5],,,
1760,1423346,[1146*5],,,
1910,1682353,[1146*5],,,
1930,1731003,[1146*5],,,
1630,1081799,[1146*5],,,
1440,710389,[1146*5],,,
1620,1025324,[1146*5],,,
1970,1780001,[1146*5],,,
1400,672374,[1146*5],,,
1920,1707910,[1146*5],,,
1530,790595,[1146*5],,,
1920,1711905,[1146*5],,,
1710,1372691,[1146*5],,,
1580,893740,[1146*5],,,
1960,1773345,[1146*5],,,
1910,1697553,[1146*15],,,
1620,1023880,[1146*5],,,
1390,617156,[1146*5],,,
1910,1697441,[1146*5],,,
1970,1778811,[1146*5],,,
1970,1775245,[1146*5],,,
1620,1036220,[1146*5],,,
1840,1571902,[1146*5],,,
1580,885786,[1146*5],,,
1390,633731,[1146*5],,,
1650,1146525,[1146*5],,,
1860,1601038,[1146*5],,,
1510,748095,[1146*5],,,
1620,1054778,[1146*5],,,
1970,1781759,[1146*5],,,
1530,780878,[1146*5],,,
1910,1689984,[1146*5],,,
1510,763686,[1146*5],,,
1510,764881,[1146*5],,,
1690,1328270,[1146*5],,,
1950,1759993,[1146*5],,,
1690,1308975,[1146*5],,,
1970,1779297,[1146*5],,,
1620,1034306,[1146*5],,,
1910,1692708,[1146*5],,,
1970,1780657,[1146*5],,,
1630,1098397,[1146*5],,,
1590,902953,[1146*5],,,
1590,914351,[1146*5],,,
1620,1031735,[1146*5],,,
1930,1736739,[1146*5],,,
1170,1840262,[1146*5],,,
1510,769709,[1146*5],,,
1630,1088654,[1146*5],,,
1890,1632602,[1146*5],,,
1870,1608674,[1146*5],,,
1460,729573,[1146*5],,,
1310,449957,[1146*5],,,
1920,1722118,[1146*5],,,
1910,1701723,[1146*5],,,
1910,1705406,[1146*5],,,
1510,775387,[1146*5],,,
1540,800261,[1146*5],,,
1930,1742112,[1146*5],,,
1950,1760320,[1146*5],,,
1750,1414159,[1146*5],,,
1930,1733823,[1146*5],,,
1530,786836,[1146*5],,,
1850,1581559,[1146*5],,,
1910,1671716,[1146*5],,,
1970,1780269,[1146*5],,,
1740,1404098,[1146*5],,,
1930,1733892,[1146*5],,,
1610,985134,[1146*5],,,
1920,1712574,[1146*5],,,
1950,1761666,[1146*5],,,
1590,905109,[1146*5],,,
1420,748296,[1146*5],,,
1960,1773068,[1146*5],,,
1900,1644886,[1146*5],,,
1530,779569,[1146*5],,,
1620,1044041,[1146*5],,,
1590,904263,[1146*5],,,
1440,720137,[1146*5],,,
1970,1776332,[1146*5],,,
1940,1753545,[1146*5],,,
1610,1006780,[1146*5],,,
1800,1895724,[1146*5],,,
1910,1695423,[1146*5],,,
1510,764547,[1146*5],,,
1540,797443,[1146*5],,,
1910,1695977,[1146*5],,,
1580,863868,[1146*5],,,
1170,48118,[1146*5],,,
1650,1174428,[1146*5],,,
1620,1034310,[1146*5],,,
1960,1769791,[1146*5],,,
1880,1618995,[1146*5],,,
1920,1722477,[1146*5],,,
1920,1713081,[1146*5],,,
1620,1025586,[1146*5],,,
1970,1778224,[1146*5],,,
1600,960578,[1146*5],,,
1710,1373798,[1146*5],,,
1530,786432,[1146*5],,,
1440,700400,[1146*5],,,
1860,1593064,[1146*5],,,
1650,1158653,[1146*5],,,
1920,1709521,[1146*5],,,
1920,1717901,[1146*5],,,
1940,1748932,[1146*5],,,
1920,1708731,[1146*5],,,
1850,1573262,[1146*5],,,
1600,1782264,[1146*5],,,
1620,1091677,[1146*5],,,
1750,1417183,[1146*5],,,
1940,1757396,[1146*5],,,
1910,1666967,[1146*5],,,
1900,1660397,[1146*5],,,
1640,1109711,[1146*5],,,
1920,1723216,[1146*5],,,
1270,326443,[1146*5],,,
1970,1778308,[1146*5],,,
1940,1754586,[1146*5],,,
1390,1171938,[1146*5],,,
1910,1701426,[1146*5],,,
1420,1374785,[1146*5],,,
1930,1744073,[1146*5],,,
1910,1696421,[1146*5],,,
1830,1545825,[1146*5],,,
1880,1625312,[1146*5],,,
1820,1536339,[1146*5],,,
1910,1692220,[1146*5],,,
1170,297533,[1146*5],,,
1930,1732768,[1146*5],,,
1530,778697,[1146*5],,,
1960,1766629,[1146*5],,,
1350,520655,[1146*5],,,
1830,1553448,[1146*5],,,
1930,1728761,[1146*5],,,
1910,1690308,[1146*5],,,
1650,1173410,[1146*5],,,
1900,1660254,[1146*5],,,
1770,1454059,[1146*5],,,
1940,1747799,[1146*5],,,
1910,1687941,[1146*5],,,
1590,937490,[1146*5],,,
1930,1745714,[1146*5],,,
1910,1678951,[1146*5],,,
1610,995698,[1146*5],,,
1460,732114,[1146*5],,,
1870,1608269,[1146*5],,,
1640,1129513,[1146*5],,,
1930,1746459,[1146*5],,,
1630,1101232,[1146*5],,,
1510,760621,[1146*5],,,
1970,1777019,[1146*15],,,
1640,1108456,[1146*5],,,
1910,1701848,[1146*5],,,
1930,1741330,[1146*5],,,
1530,794262,[1146*5],,,
1880,1625937,[1146*5],,,
1930,1743283,[1146*5],,,
1800,1502499,[1146*5],,,
1610,992323,[1146*5],,,
1400,674615,[1146*5],,,
1970,1779327,[1146*5],,,
1930,1729978,[1146*5],,,
1560,1520931,[1146*5],,,
1790,1479494,[1146*5],,,
1570,834623,[1146*5],,,
1970,1775129,[1146*5],,,
1970,1777593,[1146*5],,,
1570,855886,[1146*5],,,
1940,1756085,[1146*5],,,
1920,1711554,[1146*5],,,
1830,1540530,[1146*5],,,
1680,1267769,[1146*5],,,
1440,705606,[1146*5],,,
1890,1632458,[1146*5],,,
1910,1702119,[1146*5],,,
1630,1099126,[1146*5],,,
1910,1679416,[1146*5],,,
1920,1718005,[1146*5],,,
1580,899654,[1146*5],,,
1390,655636,[1146*5],,,
1950,1761598,[1146*5],,,
1170,139873,[1146*5],,,
1640,1117166,[1146*5],,,
1910,1678301,[1146*5],,,
1610,990383,[1146*5],,,
1550,808354,[1146*5],,,
1890,1631858,[1146*5],,,
1510,748353,[1146*5],,,
1910,1667899,[1146*5],,,
1740,1400282,[1146*5],,,
1910,1677988,[1146*5],,,
1630,1103608,[1146*5],,,
1940,1755763,[1146*5],,,
1860,1592882,[1146*5],,,
1670,1259165,[1146*5],,,
1580,2041291,[1146*5],,,
1840,1556622,[1146*5],,,
1710,1374719,[1146*5],,,
1510,743279,[1146*5],,,
1910,1701816,[1146*5],,,
1580,883275,[1146*5],,,
1390,650824,[1146*5],,,
1420,695772,[1146*5],,,
1920,1708590,[1146*5],,,
1540,800927,[1146*5],,,
1570,827844,[1146*5],,,
1510,1976851,[1146*5],,,
1950,1763896,[1146*5],,,
1950,1760312,[1146*5],,,
1970,1781296,[1146*5],,,
1570,826624,[1146*5],,,
1530,795165,[1146*5],,,
1850,1573948,[1146*5],,,
1650,1182870,[1146*5],,,
1960,1768038,[1146*5],,,
1970,1781711,[1146*5],,,
1530,784029,[1146*5],,,
1930,1741251,[1146*5],,,
1270,315767,[1146*5],,,
1920,1714058,[1146*5],,,
1400,677117,[1146*5],,,
1170,1411536,[1146*5],,,
1840,1566105,[1146*5],,,
1390,631694,[1146*5],,,
1580,897448,[1146*5],,,
1930,1744014,[1146*5],,,
1930,1739062,[1146*5],,,
1910,1687349,[1146*5],,,
1540,799358,[1146*5],,,
1630,1375233,[1146*5],,,
1910,1702065,[1146*5],,,
1950,1764521,[1146*5],,,
1670,1247489,[1146*5],,,
1400,664457,[1146*5],,,
1930,1743811,[1146*5],,,
1770,1439965,[1146*5],,,
1960,1767057,[1146*5],,,
1580,865212,[1146*5],,,
1510,776038,[1146*5],,,
1910,1701392,[1146*5],,,
1920,1715252,[1146*5],,,
1910,1688267,[1146*5],,,
1930,1737390,[1146*5],,,
1570,852312,[1146*5],,,
1510,765916,[1146*5],,,
1960,1766952,[1146*5],,,
1590,937409,[1146*5],,,
1420,686858,[1146*5],,,
1440,701412,[1146*5],,,
1390,655664,[1146*5],,,
1930,1737115,[1146*5],,,
1390,551856,[1146*5],,,
1600,950505,[1146*5],,,
1660,1218352,[1146*5],,,
1420,698175,[1146*5],,,
1900,1651315,[1146*5],,,
1930,1736664,[1146*5],,,
1510,774455,[1146*5],,,
1920,1710457,[1146*5],,,
1710,1369663,[1146*5],,,
1530,789433,[1146*5],,,
1270,405253,[1146*5],,,
1940,1747438,[1146*5],,,
1930,1729730,[1146*5],,,
1930,1738316,[1146*5],,,
1920,1720675,[1146*5],,,
1590,1073953,[1146*5],,,
1810,1605962,[1146*5],,,
1890,1639778,[1146*5],,,
1680,1275948,[1146*5],,,
1750,1420378,[1146*5],,,
1880,1628292,[1146*5],,,
1910,1681005,[1146*5],,,
1760,1424346,[1146*5],,,
1970,1773975,[1146*5],,,
1860,1589336,[1146*5],,,
1620,1051644,[1146*5],,,
1600,1744438,[1146*5],,,
1610,1003643,[1146*5],,,
1640,1119410,[1146*5],,,
1780,1472241,[1146*5],,,
1910,1673254,[1146*5],,,
1900,1661583,[1146*5],,,
1810,1508051,[1146*5],,,
1680,1290416,[1146*5],,,
1510,763771,[1146*5],,,
1950,1761519,[1146*5],,,
1600,974697,[1146*5],,,
1650,1171939,[1146*5],,,
1920,1707450,[1146*5],,,
1510,769346,[1146*5],,,
1920,1724003,[1146*5],,,
1930,1729661,[1146*5],,,
1690,1330930,[1146*5],,,
1390,573268,[1146*5],,,
1910,1696014,[1146*5],,,
1170,699500,[1146*5],,,
1960,1768857,[1146*5],,,
1680,1293387,[1146*5],,,
1910,1676849,[1146*5],,,
1460,720491,[1146*5],,,
1850,1575442,[1146*5],,,
1870,1616461,[1146*5],,,
1620,1034330,[1146*5],,,
1710,2133253,[1146*5],,,
1510,765493,[1146*5],,,
1930,1745578,[1146*5],,,
1930,1727871,[1146*5],,,
1580,900244,[1146*5],,,
1620,1054319,[1146*5],,,
1840,1568357,[1146*5],,,
1550,810654,[1146*5],,,
1900,1660540,[1146*5],,,
1350,468372,[1146*5],,,
1950,1763981,[1146*5],,,
1960,1773166,[1146*5],,,
1910,1700590,[1146*5],,,
1910,1681819,[1146*5],,,
1630,1982462,[1146*5],,,
1900,1656603,[1146*5],,,
1950,1759334,[1146*5],,,
1880,1623503,[1146*5],,,
1310,568468,[1146*5],,,
1550,811645,[1146*5],,,
1940,1753561,[1146*5],,,
1960,1772081,[1146*5],,,
1560,824726,[1146*5],,,
1510,753850,[1146*5],,,
1930,1729227,[1146*5],,,
1600,975640,[1146*5],,,
1440,705567,[1146*5],,,
1750,1407638,[1146*5],,,
1920,1709772,[1146*5],,,
1910,1680956,[1146*5],,,
1950,1765872,[1146*5],,,
1660,1206917,[1146*5],,,
1350,488286,[1146*5],,,
1420,698839,[1146*5],,,
1620,1054293,[1146*5],,,
1960,1767096,[1146*5],,,
1900,1663739,[1146*5],,,
1530,790359,[1146*5],,,
1690,1337478,[1146*5],,,
1590,939642,[1146*5],,,
1350,493375,[1146*5],,,
1720,1384088,[1146*5],,,
1600,976998,[1146*5],,,
1170,65057,[1146*5],,,
1660,1214889,[1146*5],,,
1860,1590709,[1146*5],,,
1170,21314,[1146*5],,,
1910,1690653,[1146*5],,,
1930,1743819,[1146*5],,,
1920,1717643,[1146*5],,,
1610,1003354,[1146*5],,,
1920,1726580,[1146*5],,,
1620,1053789,[1146*5],,,
1870,1617698,[1146*5],,,
1940,1748801,[1146*5],,,
1590,917738,[1146*5],,,
1650,1175372,[1146*5],,,
1890,1632121,[1146*5],,,
1620,1049573,[1146*5],,,
1740,1782192,[1146*5],,,
1680,1269873,[1146*5],,,
1930,1745635,[1146*5],,,
1930,1738506,[1146*5],,,
1310,447134,[1146*5],,,
1720,1377084,[1146*5],,,
1910,1684189,[1146*5],,,
1750,1408084,[1146*5],,,
1820,1523030,[1146*5],,,
1590,939101,[1146*5],,,
1680,1728713,[1146*5],,,
1600,1131083,[1146*5],,,
1880,1619453,[1146*5],,,
1970,1775794,[1146*5],,,
1510,746887,[1146*5],,,
1620,1043749,[1146*5],,,
1870,1615700,[1146*5],,,
1910,1686300,[1146*5],,,
1930,1733505,[1146*5],,,
1700,1343853,[1146*5],,,
1930,1741688,[1146*5],,,
1910,1689054,[1146*5],,,
1950,1759774,[1146*5],,,
1800,1491552,[1146*5],,,
1690,1316573,[1146*5],,,
1910,1679764,[1146*5],,,
1910,1665419,[1146*5],,,
1390,656440,[1146*5],,,
1970,1778365,[1146*5],,,
1840,1556718,[1146*5],,,
1870,1612064,[1146*5],,,
1510,737773,[1146*5],,,
1820,2110554,[1146*5],,,
1970,1782103,[1146*5],,,
1840,1565625,[1146*5],,,
1920,1710112,[1146*5],,,
1530,782819,[1146*5],,,
1900,1651836,[1146*5],,,
1650,1169174,[1146*5],,,
1900,1653019,[1146*5],,,
1350,1819150,[1146*5],,,
1390,627694,[1146*5],,,
1850,1586101,[1146*5],,,
1920,1710191,[1146*60],,,
1910,1675733,[1146*5],,,
1440,715532,[1146*5],,,
1910,1674009,[1146*5],,,
1530,789642,[1146*5],,,
1970,1780633,[1146*5],,,
1610,990550,[1146*5],,,
1820,1536919,[1146*5],,,
1620,1052814,[1146*5],,,
1780,1457157,[1146*5],,,
1620,1612795,[1146*5],,,
1850,1573548,[1146*5],,,
1530,785540,[1146*5],,,
1270,299596,[1146*5],,,
1960,1768276,[1146*5],,,
1510,758015,[1146*5],,,
1550,804733,[1146*5],,,
1940,1748317,[1146*5],,,
1920,1719560,[1146*5],,,
1930,1746137,[1146*5],,,
1910,1705830,[1146*5],,,
1760,1427406,[1146*5],,,
1170,137343,[1146*5],,,
1900,1664094,[1146*5],,,
1910,1670510,[1146*5],,,
1930,1745754,[1146*5],,,
1920,1721711,[1146*5],,,
1540,799495,[1146*5],,,
1940,1746494,[1146*5],,,
1970,1780419,[1146*5],,,
1920,1725678,[1146*5],,,
1930,1727732,[1146*5],,,
1310,460459,[1146*5],,,
1940,1755477,[1146*5],,,
1920,1713546,[1146*5],,,
1590,930755,[1146*5],,,
1930,1734687,[1146*5],,,
1700,1769759,[1146*5],,,
1830,1544828,[1146*5],,,
1910,1684352,[1146*5],,,
1310,445223,[1146*5],,,
1460,726302,[1146*5],,,
1910,1680782,[1146*5],,,
1620,1052737,[1146*5],,,
1580,860920,[1146*5],,,
1930,2084326,[1146*5],,,
1390,652832,[1146*5],,,
1170,115852,[1146*5],,,
1900,1648753,[1146*5],,,
1580,900043,[1146*5],,,
1350,535779,[1146*5],,,
1650,1145182,[1146*5],,,
1590,940209,[1146*5],,,
1510,744165,[1146*5],,,
1910,1668505,[1146*5],,,
1910,1683574,[1146*5],,,
1400,664475,[1146*5],,,
1910,1688358,[1146*5],,,
1900,1651377,[1146*5],,,
1580,899466,[1146*5],,,
1170,101900,[1146*5],,,
1650,1155309,[1146*5],,,
1170,191701,[1146*5],,,
1830,1551809,[1146*5],,,
1960,1773280,[1146*5],,,
1910,1694952,[1146*5],,,
1620,1065546,[1146*5],,,
1920,1709876,[1146*5],,,
1910,1688751,[1146*5],,,
1540,797668,[1146*5],,,
1660,1202828,[1146*5],,,
1910,1668026,[1146*5],,,
1920,1723828,[1146*5],,,
1600,965093,[1146*5],,,
1550,803584,[1146*5],,,
1920,1713344,[1146*5],,,
1840,1566382,[1146*5],,,
1830,1548092,[1146*5],,,
1940,1756756,[1146*5],,,
1510,1647967,[1146*5],,,
1910,1703072,[1146*5],,,
1790,1474037,[1146*5],,,
1680,1279052,[1146*5],,,
1910,1701793,[1146*5],,,
1930,1743673,[1146*5],,,
1670,1240204,[1146*5],,,
1910,1674322,[1146*5],,,
1570,837687,[1146*5],,,
1760,1431978,[1146*5],,,
1510,774736,[1146*5],,,
1940,1755607,[1146*5],,,
1530,793910,[1146*5],,,
1580,900686,[1146*5],,,
1970,1776379,[1146*5],,,
1580,875773,[1146*5],,,
1970,1775944,[1146*5],,,
1920,1712274,[1146*5],,,
1930,1733127,[1146*5],,,
1310,404353,[1146*5],,,
1600,963161,[1146*5],,,
1590,913939,[1146*5],,,
1790,1479132,[1146*5],,,
1870,1617462,[1146*5],,,
1900,1653468,[1146*5],,,
1910,1670698,[1146*5],,,
1310,404402,[1146*5],,,
1400,673407,[1146*5],,,
1570,827364,[1146*5],,,
1620,1025435,[1146*5],,,
1970,1781540,[1146*5],,,
1920,1723726,[1146*5],,,
1920,1707361,[1146*5],,,
1920,1710158,[1146*5],,,
1350,545453,[1146*5],,,
1700,1342070,[1146*5],,,
1600,968073,[1146*5],,,
1740,1399165,[1146*5],,,
1920,1726842,[1146*5],,,
1420,694544,[1146*5],,,
1930,1736783,[1146*5],,,
1920,1708011,[1146*5],,,
1920,1709040,[1146*5],,,
1400,670601,[1146*5],,,
1780,1467360,[1146*5],,,
1620,1062010,[1146*5],,,
1420,1683875,[1146*5],,,
1440,2075597,[1146*5],,,
1620,1047883,[1146*5],,,
1440,711717,[1146*5],,,
1530,793026,[1146*5],,,
1700,1364031,[1146*5],,,
1440,758192,[1146*5],,,
1820,1532945,[1146*5],,,
1910,1690689,[1146*5],,,
1910,1700866,[1146*5],,,
1610,1019595,[1146*5],,,
1750,1412925,[1146*5],,,
1910,1704036,[1146*5],,,
1550,810225,[1146*5],,,
1580,869859,[1146*5],,,
1510,759472,[1146*5],,,
1600,976268,[1146*5],,,
1960,1768979,[1146*5],,,
1950,1761120,[1146*5],,,
1930,1732361,[1146*5],,,
1590,937405,[1146*5],,,
1740,1396103,[1146*5],,,
1810,1516817,[1146*5],,,
1860,1597559,[1146*5],,,
1830,1547639,[1146*5],,,
1930,1740265,[1146*5],,,
1590,939364,[1146*5],,,
1570,855190,[1146*5],,,
1710,1369246,[1146*5],,,
1740,1395192,[1146*5],,,
1170,72603,[1146*5],,,
1910,1691738,[1146*5],,,
1910,1665463,[1146*5],,,
1650,1174830,[1146*5],,,
1910,1698254,[1146*5],,,
1650,1158863,[1146*5],,,
1630,1079624,[1146*5],,,
1630,1104127,[1146*5],,,
1940,1753067,[1146*5],,,
1700,1365360,[1146*5],,,
1540,797301,[1146*5],,,
1910,1702581,[1146*5],,,
1940,1755311,[1146*5],,,
1390,608621,[1146*5],,,
1940,1757409,[1146*5],,,
1920,1712058,[1146*5],,,
1970,1974811,[1146*5],,,
1920,1709971,[1146*5],,,
1400,1563479,[1146*5],,,
1830,1544413,[1146*5],,,
1910,1683439,[1146*5],,,
1900,1663966,[1146*5],,,
1920,1726125,[1146*5],,,
1440,706162,[1146*5],,,
1590,939665,[1146*5],,,
1780,1467516,[1146*5],,,
1910,1691791,[1146*5],,,
1530,789340,[1146*5],,,
1640,1126140,[1146*5],,,
1670,1229073,[1146*5],,,
1920,1719572,[1146*5],,,
1960,1773578,[1146*5],,,
1970,1780485,[1146*5],,,
1930,1732863,[1146*5],,,
1660,1195541,[1146*5],,,
1400,980651,[1146*5],,,
1920,1714342,[1146*5],,,
1510,777226,[1146*5],,,
1820,1534369,[1146*5],,,
1670,1229805,[1146*5],,,
1640,1112151,[1146*5],,,
1700,1342620,[1146*5],,,
1930,1736870,[1146*5],,,
1950,1760334,[1146*5],,,
1640,1110558,[1146*5],,,
1530,779610,[1146*5],,,
1590,919491,[1146*5],,,
1890,1638719,[1146*5],,,
1170,1733455,[1146*5],,,
1860,1592320,[1146*5],,,
1920,1717100,[1146*5],,,
1310,435202,[1146*5],,,
1940,1753456,[1146*5],,,
1930,1742167,[1146*5],,,
1640,1118980,[1146*5],,,
1420,1644587,[1146*5],,,
1930,1745630,[1146*5],,,
1600,960543,[1146*5],,,
1610,988594,[1146*5],,,
1910,1700561,[1146*5],,,
1940,1748476,[1146*5],,,
1660,1374233,[1146*5],,,
1900,1644371,[1146*5],,,
1560,814604,[1146*5],,,
1580,868701,[1146*5],,,
1670,1257064,[1146*5],,,
1930,1735705,[1146*5],,,
1900,1659962,[1146*5],,,
1600,962939,[1146*5],,,
1570,844467,[1146*5],,,
1970,1775934,[1146*5],,,
1910,1700034,[1146*5],,,
1630,1089152,[1146*5],,,
1810,1509063,[1146*5],,,
1620,1024090,[1146*5],,,
1870,1606342,[1146*5],,,
1310,444328,[1146*5],,,
1620,1024204,[1146*5],,,
1860,1588110,[1146*5],,,
1930,1736916,[1146*5],,,
1890,1630483,[1146*5],,,
1650,1186004,[1146*5],,,
1770,1438395,[1146*5],,,
1900,1657269,[1146*5],,,
1510,748166,[1146*5],,,
1610,1019231,[1146*5],,,
1930,1740335,[1146*5],,,
1400,676514,[1146*5],,,
1750,1409097,[1146*5],,,
1640,1137306,[1146*5],,,
1770,1452329,[1146*5],,,
1910,1679246,[1146*5],,,
1170,186487,[1146*5],,,
1760,1425062,[1146*5],,,
1780,1479465,[1146*5],,,
1910,1702272,[1146*5],,,
1580,888165,[1146*5],,,
1390,595147,[1146*5],,,
1400,669117,[1146*5],,,
1720,1381564,[1146*5],,,
1730,1585238,[1146*5],,,
1910,1690458,[1146*5],,,
1930,1743024,[1146*5],,,
1930,1738106,[1146*5],,,
1910,1679394,[1146*5],,,
1640,1108781,[1146*5],,,
1510,742942,[1146*5],,,
1860,1594229,[1146*5],,,
1730,1391678,[1146*5],,,
1910,1686803,[1146*5],,,
1920,1716821,[1146*5],,,
1840,1571527,[1146*5],,,
1750,1413661,[1146*5],,,
1670,1633438,[1146*5],,,
1860,1601603,[1146*5],,,
1900,1657967,[1146*5],,,
1670,1255350,[1146*5],,,
1700,1358027,[1146*5],,,
1550,810691,[1146*5],,,
1660,1219244,[1146*5],,,
1600,970994,[1146*5],,,
1510,774895,[1146*5],,,
1680,1276212,[1146*5],,,
1970,1781933,[1146*5],,,
1910,1699537,[1146*5],,,
1810,1521772,[1146*5],,,
1420,695757,[1146*5],,,
1460,735639,[1146*5],,,
1900,1647001,[1146*5],,,
1650,1184220,[1146*5],,,
1920,1724023,[1146*5],,,
1910,1667895,[1146*5],,,
1970,1776857,[1146*5],,,
1910,1679686,[1146*5],,,
1940,1752486,[1146*5],,,
1930,1740910,[1146*5],,,
1390,655867,[1146*5],,,
1460,729209,[1146*5],,,
1930,1743626,[1146*5],,,
1960,1768878,[1146*5],,,
1920,1719801,[1146*5],,,
1920,1723653,[1146*5],,,
1310,424591,[1146*5],,,
1940,1752188,[1146*5],,,
1610,1379003,[1146*5],,,
1590,938135,[1146*5],,,
1930,1735636,[1146*5],,,
1390,638828,[1146*5],,,
1910,1665314,[1146*5],,,
1530,779502,[1146*5],,,
1690,1330139,[1146*5],,,
1620,1025010,[1146*5],,,
1910,1693418,[1146*5],,,
1460,734424,[1146*5],,,
1940,1752216,[1146*5],,,
1940,1749405,[1146*5],,,
1950,1761538,[1146*5],,,
1930,1734550,[1146*5],,,
1940,1754598,[1146*5],,,
1840,1559357,[1146*5],,,
1970,1779588,[1146*5],,,
1930,1742255,[1146*5],,,
1640,1109393,[1146*5],,,
1930,1744691,[1146*5],,,
1830,1552412,[1146*5],,,
1170,62449,[1146*5],,,
1910,1693367,[1146*5],,,
1940,1752540,[1146*5],,,
1970,1781758,[1146*5],,,
1650,1169064,[1146*5],,,
1960,1771162,[1146*5],,,
1580,869679,[1146*5],,,
1650,1162721,[1146*5],,,
1590,917642,[1146*5],,,
1690,1318167,[1146*5],,,
1590,923044,[1146*5],,,
1970,1775489,[1146*5],,,
1270,372699,[1146*5],,,
1620,1036769,[1146*5],,,
1530,785325,[1146*5],,,
1640,1112207,[1146*5],,,
1940,1754338,[1146*5],,,
1900,1657975,[1146*5],,,
1830,1550019,[1146*5],,,
1800,1498739,[1146*5],,,
1530,793068,[1146*5],,,
1460,729515,[1146*15],,,
1730,1393517,[1146*5],,,
1580,895801,[1146*5],,,
1970,1777257,[1146*5],,,
1930,1741813,[1146*5],,,
1750,1411812,[1146*5],,,
1940,1757272,[1146*5],,,
1930,1738715,[1146*5],,,
1350,503914,[1146*5],,,
1910,1674114,[1146*5],,,
1910,1680885,[1146*5],,,
1350,509200,[1146*5],,,
1390,561078,[1146*5],,,
1930,1740175,[1146*5],,,
1590,940093,[1146*5],,,
1950,1762930,[1146*5],,,
1820,1527257,[1146*5],,,
1940,1755872,[1146*5],,,
1390,657310,[1146*5],,,
1950,1759535,[1146*5],,,
1950,1758192,[1146*5],,,
1870,1616035,[1146*5],,,
1590,907761,[1146*5],,,
1440,717728,[1146*5],,,
1650,1187081,[1146*5],,,
1700,1349115,[1146*5],,,
1420,696033,[1146*5],,,
1970,1782147,[1146*5],,,
1600,957271,[1146*5],,,
1910,1680379,[1146*5],,,
1610,1785034,[1146*5],,,
1390,638953,[1146*5],,,
1830,1544370,[1146*5],,,
1650,1184089,[1146*5],,,
1170,82221,[1146*5],,,
1690,1317873,[1146*5],,,
1390,623081,[1146*5],,,
1540,797773,[1146*5],,,
1570,834589,[1146*5],,,
1530,783433,[1146*5],,,
1910,1688332,[1146*5],,,
1930,1732416,[1146*5],,,
1820,1530625,[1146*5],,,
1930,1727116,[1146*5],,,
1930,1734086,[1146*5],,,
1420,686984,[1146*5],,,
1610,995245,[1146*5],,,
1920,1722961,[1146*5],,,
1650,1151445,[1146*5],,,
1900,1662087,[1146*5],,,
1820,1536508,[1146*5],,,
1510,772995,[1146*5],,,
1910,1673129,[1146*5],,,
1930,1735669,[1146*5],,,
1740,1403218,[1146*5],,,
1170,27276,[1146*5],,,
1940,1756734,[1146*5],,,
1810,1516342,[1146*5],,,
1910,1672788,[1146*5],,,
1440,1398909,[1146*5],,,
1780,1465303,[1146*5],,,
1910,1696224,[1146*5],,,
1970,1778276,[1146*5],,,
1950,1759559,[1146*5],,,
1970,1774334,[1146*5],,,
1930,1738073,[1146*5],,,
1910,1695892,[1146*5],,,
1170,118271,[1146*5],,,
1910,1703559,[1146*5],,,
1600,948528,[1146*5],,,
1930,1740831,[1146*5],,,
1940,1746760,[1146*5],,,
1920,1709878,[1146*5],,,
1890,1636962,[1146*5],,,
1730,1392643,[1146*5],,,
1270,215260,[1146*5],,,
1630,1069665,[1146*5],,,
1910,1674267,[1146*5],,,
1420,688624,[1146*5],,,
1890,1638577,[1146*5],,,
1390,640234,[1146*5],,,
1700,1359585,[1146*5],,,
1310,446588,[1146*5],,,
1600,978216,[1146*5],,,
1510,755115,[1146*5],,,
1570,837340,[1146*5],,,
1600,976699,[1146*5],,,
1390,641352,[1146*5],,,
1930,1727223,[1146*5],,,
1550,804137,[1146*5],,,
1310,451999,[1146*5],,,
1850,1585463,[1146*5],,,
1540,798477,[1146*5],,,
1900,1655527,[1146*5],,,
1910,1680104,[1146*5],,,
1600,967114,[1146*5],,,
1800,1495159,[1146*5],,,
1580,892844,[1146*5],,,
1790,1476362,[1146*5],,,
1950,1764324,[1146*5],,,
1420,693145,[1146*5],,,
1940,1752315,[1146*5],,,
1960,1773784,[1146*5],,,
1900,1653916,[1146*5],,,
1420,686693,[1146*5],,,
1830,1554365,[1146*5],,,
1910,1683944,[1146*5],,,
1170,199622,[1146*5],,,
1510,762728,[1146*5],,,
1910,1690464,[1146*5],,,
1620,1991857,[1146*5],,,
1720,1377979,[1146*5],,,
1390,579997,[1146*5],,,
1580,897664,[1146*5],,,
1690,1330738,[1146*5],,,
1510,761494,[1146*5],,,
1910,1700251,[1146*5],,,
1630,1266554,[1146*5],,,
1930,1751691,[1146*5],,,
1570,836584,[1146*5],,,
1620,1033851,[1146*5],,,
1930,1740850,[1146*5],,,
1510,749354,[1146*5],,,
1390,553488,[1146*5],,,
1910,1689674,[1146*5],,,
1570,841351,[1146*5],,,
1600,976102,[1146*5],,,
1610,989031,[1146*5],,,
1620,2111584,[1146*5],,,
1920,1709821,[1146*5],,,
1930,1735763,[1146*5],,,
1910,1667682,[1146*5],,,
1800,1630904,[1146*5],,,
1660,1215667,[1146*5],,,
1960,1769831,[1146*5],,,
1960,1769779,[1146*5],,,
1930,1742329,[1146*5],,,
1680,1706555,[1146*5],,,
1650,1150622,[1146*5],,,
1510,746885,[1146*5],,,
1820,1524822,[1146*5],,,
1710,1369394,[1146*5],,,
1910,1675035,[1146*5],,,
1970,1779211,[1146*5],,,
1400,664762,[1146*5],,,
1950,1760527,[1146*5],,,
1440,702403,[1146*5],,,
1970,1778478,[1146*5],,,
1510,744040,[1146*5],,,
1600,978205,[1146*5],,,
1630,1103425,[1146*5],,,
1840,1558629,[1146*5],,,
1900,1664089,[1146*5],,,
1910,1691890,[1146*5],,,
1800,2035446,[1146*5],,,
1700,1958056,[1146*5],,,
1170,82700,[1146*5],,,
1650,1153394,[1146*5],,,
1910,1664848,[1146*5],,,
1350,482352,[1146*5],,,
1920,1714877,[1146*5],,,
1630,1110857,[1146*5],,,
1920,1714128,[1146*5],,,
1970,1781226,[1146*5],,,
1960,1771369,[1146*5],,,
1960,1770038,[1146*5],,,
1920,1712046,[1146*5],,,
1670,1224954,[1146*5],,,
1440,719661,[1146*5],,,
1570,843149,[1146*5],,,
1740,1402680,[1146*5],,,
1670,1232668,[1146*5],,,
1910,1697717,[1146*5],,,
1570,844937,[1146*5],,,
1550,1827129,[1146*5],,,
1440,720149,[1146*5],,,
1170,39357,[1146*5],,,
1700,1347522,[1146*5],,,
1570,842753,[1146*5],,,
1610,999603,[1146*5],,,
1770,1449087,[1146*5],,,
1870,1611682,[1146*5],,,
1600,947746,[1146*5],,,
1940,1753743,[1146*5],,,
1850,1583672,[1146*5],,,
1390,565158,[1146*5],,,
1910,1702896,[1146*5],,,
1910,1678006,[1146*5],,,
1510,769774,[1146*5],,,
1910,1848010,[1146*5],,,
1510,769163,[1146*5],,,
1870,1604737,[1146*5],,,
1510,756096,[1146*5],,,
1950,1761689,[1146*5],,,
1910,1681539,[1146*5],,,
1920,1707099,[1146*5],,,
1580,899257,[1146*5],,,
1610,1122682,[1146*5],,,
1960,1766734,[1146*5],,,
1170,717320,[1146*5],,,
1760,1431689,[1146*5],,,
1530,786316,[1146*5],,,
1970,1777905,[1146*5],,,
1170,160122,[1146*60],,,
1530,787100,[1146*5],,,
1400,672484,[1146*5],,,
1940,1756372,[1146*5],,,
1830,1543964,[1146*5],,,
1750,1414574,[1146*5],,,
1960,1769464,[1146*5],,,
1630,1099497,[1146*5],,,
1620,1066068,[1146*5],,,
1960,1771833,[1146*5],,,
1830,1550060,[1146*5],,,
1630,1069203,[1146*5],,,
1920,1710368,[1146*5],,,
1590,939448,[1146*5],,,
1850,1577485,[1146*5],,,
1890,1633499,[1146*5],,,
1440,713196,[1146*5],,,
1440,703978,[1146*5],,,
1770,1440955,[1146*5],,,
1440,1390714,[1146*5],,,
1950,1766411,[1146*5],,,
1630,1097947,[1146*5],,,
1940,1747636,[1146*5],,,
1510,776128,[1146*5],,,
1780,1459672,[1146*5],,,
1670,1225227,[1146*5],,,
1600,963489,[1146*5],,,
1670,1232257,[1146*5],,,
1510,762129,[1146*5],,,
1890,1638000,[1146*5],,,
1920,1721765,[1146*5],,,
1930,1740500,[1146*5],,,
1810,1513796,[1146*5],,,
1790,1475803,[1146*5],,,
1460,725923,[1146*5],,,
1970,1776737,[1146*5],,,
1920,1725192,[1146*5],,,
1910,1684901,[1146*5],,,
1800,1492863,[1146*5],,,
1910,1701892,[1146*5],,,
1970,1778144,[1146*5],,,
1900,1652100,[1146*5],,,
1930,1743008,[1146*5],,,
1930,1740288,[1146*5],,,
1950,1766594,[1146*5],,,
1970,2067711,[1146*5],,,
1920,1710124,[1146*5],,,
1850,1576758,[1146*5],,,
1460,723275,[1146*5],,,
1860,1603532,[1146*5],,,
1460,729515,[1146*30],,,
1970,1778773,[1146*5],,,
1800,1501588,[1146*5],,,
1930,1743841,[1146*5],,,
1560,814346,[1146*5],,,
1310,444288,[1146*5],,,
1770,1439133,[1146*5],,,
1850,1587737,[1146*5],,,
1960,1771639,[1146*5],,,
1420,691897,[1146*15],,,
1610,1014217,[1146*5],,,
1590,927425,[1146*5],,,
1420,694363,[1146*5],,,
1930,1727960,[1146*5],,,
1510,751702,[1146*5],,,
1960,1767722,[1146*5],,,
1960,1767793,[1146*5],,,
1940,1754162,[1146*5],,,
1680,1298336,[1146*5],,,
1610,1001544,[1146*5],,,
1640,1121336,[1146*5],,,
1860,1595933,[1146*5],,,
1630,1098187,[1146*5],,,
1780,1470994,[1146*5],,,
1920,1716516,[1146*5],,,
1740,1612901,[1146*5],,,
1950,1762709,[1146*5],,,
1880,1626905,[1146*5],,,
1930,1741984,[1146*5],,,
1890,1634721,[1146*5],,,
1950,1760941,[1146*5],,,
1940,1751012,[1146*5],,,
1620,1050864,[1146*5],,,
1580,894328,[1146*5],,,
1680,1282583,[1146*5],,,
1390,641516,[1146*5],,,
1620,1028705,[1146*5],,,
1440,701363,[1146*5],,,
1620,1047856,[1146*5],,,
1170,844755,[1146*5],,,
1530,787357,[1146*5],,,
1930,1731905,[1146*5],,,
1440,705871,[1146*5],,,
1350,498831,[1146*5],,,
1390,654826,[1146*5],,,
1920,1708044,[1146*5],,,
1940,1749233,[1146*5],,,
1600,972072,[1146*5],,,
1970,1776670,[1146*5],,,
1910,1674242,[1146*5],,,
1930,1740569,[1146*5],,,
1390,588523,[1146*5],,,
1510,769899,[1146*5],,,
1950,1760346,[1146*5],,,
1970,1774217,[1146*5],,,
1510,737393,[1146*5],,,
1700,1350473,[1146*5],,,
1860,1591209,[1146*5],,,
1600,965524,[1146*5],,,
1620,1024054,[1146*5],,,
1270,393949,[1146*5],,,
1630,1081417,[1146*5],,,
1690,1316761,[1146*5],,,
1600,977789,[1146*5],,,
1660,1204765,[1146*5],,,
1920,1706311,[1146*5],,,
1930,1739081,[1146*5],,,
1850,1587719,[1146*5],,,
1530,788535,[1146*5],,,
1830,1542603,[1146*5],,,
1920,1710851,[1146*5],,,
1310,420292,[1146*5],,,
1630,1079788,[1146*5],,,
1910,1705305,[1146*5],,,
1910,1697127,[1146*5],,,
1390,640881,[1146*5],,,
1440,711763,[1146*5],,,
1950,1766332,[1146*5],,,
1680,1285934,[1146*5],,,
1940,1756337,[1146*5],,,
1700,1363133,[1146*5],,,
1930,1733264,[1146*5],,,
1390,639579,[1146*5],,,
1670,1261704,[1146*5],,,
1970,1774553,[1146*5],,,
1930,1746332,[1146*5],,,
1950,1765805,[1146*5],,,
1890,1637431,[1146*5],,,
1590,927587,[1146*5],,,
1600,964527,[1146*5],,,
1730,1390362,[1146*5],,,
1310,412788,[1146*5],,,
1910,1674942,[1146*5],,,
1600,982929,[1146*5],,,
1310,455240,[1146*5],,,
1660,1217186,[1146*5],,,
1570,832361,[1146*5],,,
1920,1725734,[1146*5],,,
1590,920078,[1146*5],,,
1970,1776533,[1146*5],,,
1970,1778008,[1146*5],,,
1970,1782073,[1146*5],,,
1970,1774677,[1146*5],,,
1590,909790,[1146*5],,,
1510,760936,[1146*5],,,
1600,949295,[1146*5],,,
1950,1760313,[1146*5],,,
1900,1659804,[1146*5],,,
1930,1740007,[1146*5],,,
1910,1700955,[1146*5],,,
1910,1673212,[1146*5],,,
1400,658948,[1146*5],,,
1930,1729672,[1146*5],,,
1970,1775917,[1146*5],,,
1910,1675802,[1146*5],,,
1930,1733786,[1146*5],,,
1670,1242637,[1146*5],,,
1420,1117245,[1146*5],,,
1740,1403145,[1146*5],,,
1920,1719898,[1146*5],,,
1870,1615474,[1146*5],,,
1600,966093,[1146*5],,,
1270,337849,[1146*5],,,
1840,1561576,[1146*5],,,
1920,1720697,[1146*5],,,
1700,1362699,[1146*5],,,
1940,1756026,[1146*5],,,
1920,1708085,[1146*5],,,
1530,787007,[1146*5],,,
1910,1689679,[1146*5],,,
1910,1678814,[1146*5],,,
1790,1477684,[1146*5],,,
1510,767732,[1146*5],,,
1310,760606,[1146*5],,,
1590,928715,[1146*5],,,
1510,747850,[1146*5],,,
1560,1521716,[1146*5],,,
1750,1421441,[1146*5],,,
1400,987611,[1146*5],,,
1780,1462693,[1146*5],,,
1860,1593169,[1146*5],,,
1570,829805,[1146*5],,,
1600,950799,[1146*5],,,
1270,219801,[1146*5],,,
1570,838490,[1146*5],,,
1660,1206065,[1146*5],,,
1790,1481570,[1146*5],,,
1530,787221,[1146*30],,,
1950,1759653,[1146*5],,,
1640,1135180,[1146*60],,,
1690,1336716,[1146*5],,,
1900,1662644,[1146*5],,,
1910,1685974,[1146*5],,,
1510,758503,[1146*5],,,
1930,1733435,[1146*5],,,
1840,1571118,[1146*5],,,
1730,1389583,[1146*5],,,
1920,1724566,[1146*5],,,
1510,748671,[1146*5],,,
1440,1488368,[1146*5],,,
1910,1696577,[1146*5],,,
1950,1761725,[1146*5],,,
1940,1751902,[1146*5],,,
1940,1754835,[1146*5],,,
1940,1747246,[1146*5],,,
1620,1060334,[1146*5],,,
1970,1777019,[1146*5],,,
1930,1735422,[1146*5],,,
1420,688052,[1146*5],,,
1620,1034570,[1146*5],,,
1760,1432094,[1146*5],,,
1630,1096346,[1146*5],,,
1900,1644728,[1146*5],,,
1750,1418589,[1146*5],,,
1860,1589820,[1146*5],,,
1910,1673544,[1146*5],,,
1310,403822,[1146*5],,,
1630,1076696,[1146*5],,,
1910,1678613,[1146*5],,,
1670,1290741,[1146*5],,,
1170,20661,[1146*5],,,
1970,1775659,[1146*5],,,
1610,992206,[1146*5],,,
1910,1675956,[1146*5],,,
1620,1026770,[1146*5],,,
1910,1687179,[1146*5],,,
1950,1763315,[1146*5],,,
1510,736624,[1146*5],,,
1420,691897,[1146*30],,,
1630,1072223,[1146*5],,,
1930,1727903,[1146*5],,,
1930,1744542,[1146*5],,,
1920,1706344,[1146*5],,,
1870,1612874,[1146*5],,,
1610,1588232,[1146*5],,,
1940,1746765,[1146*5],,,
1620,1028159,[1146*5],,,
1750,1417382,[1146*5],,,
1510,750934,[1146*5],,,
1920,1717424,[1146*5],,,
1960,1771908,[1146*5],,,
1760,1435684,[1146*5],,,
1940,1755287,[1146*5],,,
1870,1616066,[1146*5],,,
1620,1036155,[1146*5],,,
1790,1479060,[1146*5],,,
1270,273660,[1146*5],,,
1640,1118952,[1146*5],,,
1900,1663578,[1146*5],,,
1930,1734816,[1146*5],,,
1590,913893,[1146*5],,,
1170,96505,[1146*5],,,
1970,1779270,[1146*5],,,
1970,1794347,[1146*5],,,
1630,1101682,[1146*5],,,
1780,1463317,[1146*5],,,
1170,33068,[1146*5],,,
1810,1516455,[1146*5],,,
1610,1008570,[1146*5],,,
1750,1420284,[1146*5],,,
1960,1769527,[1146*5],,,
1960,1772646,[1146*5],,,
1770,1445617,[1146*5],,,
1690,1330408,[1146*5],,,
1640,1130745,[1146*5],,,
1570,835124,[1146*5],,,
1860,1597389,[1146*5],,,
1780,1471170,[1146*5],,,
1920,1723014,[1146*5],,,
1950,1766376,[1146*5],,,
1960,1769465,[1146*5],,,
1910,1671123,[1146*5],,,
1620,1048541,[1146*5],,,
1970,1781088,[1146*5],,,
1910,1697553,[1146*5],,,
1630,1093815,[1146*5],,,
1600,957938,[1146*5],,,
1690,1334892,[1146*5],,,
1390,647732,[1146*5],,,
1910,1679748,[1146*5],,,
1630,1086710,[1146*5],,,
1660,1216234,[1146*5],,,
1600,976006,[1146*5],,,
1800,1504197,[1146*5],,,
1950,1764792,[1146*5],,,
1930,1740823,[1146*5],,,
1920,1709781,[1146*5],,,
1960,1767885,[1146*5],,,
1510,765970,[1146*5],,,
1170,1672529,[1146*5],,,
1930,1735477,[1146*5],,,
1890,1631500,[1146*5],,,
1930,1733401,[1146*5],,,
1350,498282,[1146*5],,,
1590,944064,[1146*5],,,
1770,1449287,[1146*5],,,
1650,1178795,[1146*5],,,
1940,1749432,[1146*5],,,
1630,1090513,[1146*5],,,
1530,780943,[1146*5],,,
1630,1071984,[1146*5],,,
1660,1192024,[1146*5],,,
1580,900686,[1146*15],,,
1970,1778408,[1146*5],,,
1580,886629,[1146*5],,,
1810,1896335,[1146*5],,,
1600,962833,[1146*5],,,
1770,1439670,[1146*5],,,
1930,1743034,[1146*5],,,
1970,1776676,[1146*5],,,
1530,784171,[1146*5],,,
1630,1088968,[1146*5],,,
1590,905235,[1146*5],,,
1270,240062,[1146*5],,,
1720,1379262,[1146*5],,,
1700,1347169,[1146*5],,,
1600,948234,[1146*5],,,
1560,815624,[1146*5],,,
1940,1753448,[1146*5],,,
1920,1718356,[1146*5],,,
1550,803904,[1146*5],,,
1630,1105012,[1146*5],,,
1930,1735822,[1146*5],,,
1910,1691007,[1146*5],,,
1910,1668416,[1146*5],,,
1800,1499684,[1146*5],,,
1810,1515531,[1146*5],,,
1930,1745554,[1146*5],,,
1950,1762016,[1146*5],,,
1900,1660941,[1146*5],,,
1510,737648,[1146*5],,,
1420,679669,[1146*5],,,
1650,1182814,[1146*5],,,
1920,1719476,[1146*5],,,
1660,1205712,[1146*5],,,
1310,404024,[1146*5],,,
1900,1655401,[1146*5],,,
1510,746842,[1146*5],,,
1920,1720005,[1146*5],,,
1960,1770676,[1146*5],,,
1170,70009,[1146*5],,,
1890,1634964,[1146*5],,,
1680,1292282,[1146*5],,,
1630,1092345,[1146*5],,,
1560,817712,[1146*5],,,
1600,962242,[1146*5],,,
1910,1703627,[1146*5],,,
1970,1779644,[1146*5],,,
1750,1413402,[1146*5],,,
1940,1748126,[1146*5],,,
1620,1024365,[1146*5],,,
1390,644504,[1146*5],,,
1510,759061,[1146*5],,,
1960,1768021,[1146*5],,,
1660,1221102,[1146*5],,,
1600,958979,[1146*5],,,
1270,277251,[1146*5],,,
1930,1743130,[1146*5],,,
1640,1111927,[1146*5],,,
1960,1770151,[1146*5],,,
1850,1581235,[1146*5],,,
1560,826058,[1146*5],,,
1880,1627644,[1146*5],,,
1920,1721176,[1146*5],,,
1930,1730940,[1146*5],,,
1620,1065835,[1146*5],,,
1600,977393,[1146*5],,,
1970,1777587,[1146*5],,,
1310,404498,[1146*5],,,
1690,1315886,[1146*5],,,
1170,59624,[1146*5],,,
1950,1757804,[1146*5],,,
1960,1773804,[1146*5],,,
1510,755384,[1146*5],,,
1860,1589730,[1146*5],,,
1910,1674580,[1146*5],,,
1920,1713224,[1146*5],,,
1590,906504,[1146*5],,,
1920,1725933,[1146*5],,,
1610,1017027,[1146*5],,,
1570,857710,[1146*5],,,
1530,788273,[1146*5],,,
1510,758184,[1146*5],,,
1510,775130,[1146*5],,,
1620,1024648,[1146*5],,,
1700,1341338,[1146*5],,,
1870,1608953,[1146*5],,,
1740,1395249,[1146*5],,,
1960,1772665,[1146*5],,,
1390,564584,[1146*5],,,
1350,485453,[1146*5],,,
1600,979388,[1146*5],,,
1670,1261314,[1146*5],,,
1970,1946738,[1146*5],,,
1790,1473897,[1146*5],,,
1170,124116,[1146*5],,,
1930,1732912,[1146*5],,,
1580,871790,[1146*5],,,
1540,798655,[1146*5],,,
1170,179176,[1146*5],,,
1830,2109006,[1146*5],,,
1650,1175990,[1146*5],,,
1510,771582,[1146*5],,,
1910,1674646,[1146*5],,,
1400,670174,[1146*5],,,
1930,1731820,[1146*5],,,
1910,1698841,[1146*5],,,
1350,478434,[1146*5],,,
1590,939744,[1146*5],,,
1390,593518,[1146*5],,,
1950,1762969,[1146*5],,,
1680,1411470,[1146*5],,,
1930,1733486,[1146*5],,,
1580,873390,[1146*5],,,
1920,1724577,[1146*5],,,
1970,1776933,[1146*5],,,
1650,1187235,[1146*5],,,
1970,1775513,[1146*5],,,
1390,632818,[1146*5],,,
1600,976987,[1146*5],,,
1530,783200,[1146*60],,,
1660,1198400,[1146*5],,,
1940,1748740,[1146*5],,,
1170,15918,[1146*5],,,
1930,1737292,[1146*5],,,
1810,1518451,[1146*5],,,
1920,1723034,[1146*5],,,
1800,1992716,[1146*5],,,
1570,832762,[1146*5],,,
1910,1685161,[1146*5],,,
1970,1777756,[1146*5],,,
1940,1747832,[1146*5],,,
1400,675219,[1146*5],,,
1740,1566405,[1146*5],,,
1820,1521973,[1146*5],,,
1920,1714256,[1146*5],,,
1530,789543,[1146*5],,,
1930,1736130,[1146*5],,,
1920,1720613,[1146*5],,,
1390,654477,[1146*5],,,
1930,1744935,[1146*5],,,
1570,859269,[1146*5],,,
1860,1593836,[1146*5],,,
1960,1772231,[1146*5],,,
1920,1720601,[1146*5],,,
1820,1538984,[1146*5],,,
1810,1512721,[1146*5],,,
1940,1747556,[1146*5],,,
1910,1704045,[1146*5],,,
1570,1575466,[1146*5],,,
1730,1386828,[1146*5],,,
1170,90949,[1146*5],,,
1700,1364137,[1146*5],,,
1630,1076723,[1146*5],,,
1880,1626736,[1146*5],,,
1910,1668711,[1146*5],,,
1350,502801,[1146*5],,,
1930,1732654,[1146*5],,,
1910,1697829,[1146*5],,,
1940,1752291,[1146*5],,,
1910,1696820,[1146*5],,,
1170,64100,[1146*5],,,
1460,728192,[1146*5],,,
1390,652462,[1146*5],,,
1390,556257,[1146*5],,,
1610,989342,[1146*5],,,
1270,289978,[1146*5],,,
1930,1732611,[1146*5],,,
1930,1740146,[1146*5],,,
1630,1080190,[1146*5],,,
1900,1658703,[1146*5],,,
1940,1756986,[1146*5],,,
1590,936524,[1146*5],,,
1610,990195,[1146*5],,,
1570,834478,[1146*5],,,
1590,912980,[1146*5],,,
1640,1124943,[1146*5],,,
1950,1761280,[1146*5],,,
1860,1596812,[1146*5],,,
1910,1686145,[1146*5],,,
1930,1745768,[1146*5],,,
1910,1687308,[1146*5],,,
1510,740548,[1146*5],,,
1590,911189,[1146*5],,,
1780,1470025,[1146*5],,,
1400,665776,[1146*5],,,
1920,1722319,[1146*5],,,
1920,1720269,[1146*5],,,
1700,1360194,[1146*5],,,
1970,1776059,[1146*5],,,
1830,1546113,[1146*5],,,
1560,815232,[1146*5],,,
1940,1747146,[1146*5],,,
1910,1677555,[1146*5],,,
1530,792735,[1146*5],,,
1940,1754892,[1146*5],,,
1720,1382237,[1146*5],,,
1570,856319,[1146*5],,,
1460,733172,[1146*5],,,
1900,1652865,[1146*5],,,
1780,1465555,[1146*5],,,
1580,870268,[1146*5],,,
1930,1741637,[1146*5],,,
1910,1701943,[1146*5],,,
1460,729515,[1146*5],,,
1510,749069,[1146*5],,,
1670,1233026,[1146*5],,,
1570,836937,[1146*5],,,
1680,1270936,[1146*5],,,
1740,1402821,[1146*5],,,
1910,1700807,[1146*5],,,
1950,1763984,[1146*5],,,
1910,1691088,[1146*5],,,
1440,718078,[1146*5],,,
1420,698687,[1146*5],,,
1460,733488,[1146*5],,,
1920,1722710,[1146*5],,,
1440,711818,[1146*5],,,
1750,1414989,[1146*5],,,
1580,878560,[1146*5],,,
1910,1678765,[1146*5],,,
1850,1585020,[1146*5],,,
1930,1744197,[1146*5],,,
1880,1625621,[1146*5],,,
1590,908845,[1146*5],,,
1600,947869,[1146*5],,,
1950,1762771,[1146*5],,,
1920,1711002,[1146*5],,,
1970,1774242,[1146*5],,,
1910,1673341,[1146*5],,,
1270,230092,[1146*5],,,
1910,1689350,[1146*5],,,
1600,953618,[1146*5],,,
1890,1634140,[1146*5],,,
1970,1774490,[1146*5],,,
1390,555152,[1146*5],,,
1900,2003478,[1146*5],,,
1850,1583397,[1146*5],,,
1910,1664754,[1146*5],,,
1730,1391617,[1146*5],,,
1940,1750191,[1146*5],,,
1900,1742972,[1146*5],,,
1820,1523141,[1146*5],,,
1600,971189,[1146*5],,,
1920,1725403,[1146*5],,,
1930,1743040,[1146*5],,,
1910,1695621,[1146*5],,,
1890,1631569,[1146*5],,,
1590,917127,[1146*5],,,
1950,1758103,[1146*5],,,
1960,1769789,[1146*5],,,
1930,1729613,[1146*5],,,
1920,1707238,[1146*5],,,
1950,1765128,[1146*5],,,
1860,1595409,[1146*5],,,
1950,1766059,[1146*5],,,
1910,1677877,[1146*5],,,
1540,801806,[1146*5],,,
1860,1603266,[1146*15],,,
1390,650842,[1146*5],,,
1460,724987,[1146*5],,,
1860,1592515,[1146*5],,,
1960,1769114,[1146*5],,,
1590,922795,[1146*5],,,
1920,1715708,[1146*5],,,
1830,1541355,[1146*5],,,
1830,1547282,[1146*5],,,
1920,1707033,[1146*5],,,
1510,1120898,[1146*5],,,
1310,1512181,[1146*5],,,
1310,437104,[1146*5],,,
1400,675567,[1146*5],,,
1920,1717838,[1146*5],,,
1970,1777196,[1146*5],,,
1920,1719544,[1146*5],,,
1760,1428272,[1146*5],,,
1900,1661121,[1146*5],,,
1310,425749,[1146*5],,,
1930,1741365,[1146*5],,,
1950,1763700,[1146*5],,,
1510,745915,[1146*5],,,
1750,1414007,[1146*5],,,
1950,1758086,[1146*5],,,
1270,276137,[1146*5],,,
1910,1700821,[1146*5],,,
1750,1408558,[1146*5],,,
1510,775119,[1146*5],,,
1680,1515460,[1146*5],,,
1830,1541656,[1146*5],,,
1640,1133173,[1146*5],,,
1800,1495227,[1146*5],,,
1910,1688100,[1146*5],,,
1620,1053635,[1146*5],,,
1910,1696828,[1146*5],,,
1510,736880,[1146*5],,,
1940,1751991,[1146*5],,,
1690,1312928,[1146*5],,,
1620,1046123,[1146*5],,,
1810,1516719,[1146*5],,,
1940,1747582,[1146*5],,,
1590,934161,[1146*5],,,
1560,818761,[1146*5],,,
1620,1022870,[1146*5],,,
1700,1346769,[1146*5],,,
1910,1668393,[1146*5],,,
1610,994681,[1146*5],,,
1630,1080193,[1146*5],,,
1960,1769700,[1146*5],,,
1650,1146798,[1146*5],,,
1560,812858,[1146*5],,,
1830,1544810,[1146*5],,,
1930,1742119,[1146*5],,,
1580,892119,[1146*5],,,
1940,1756177,[1146*5],,,
1610,998555,[1146*5],,,
1870,1617929,[1146*5],,,
1390,629663,[1146*5],,,
1960,1771098,[1146*5],,,
1170,87000,[1146*5],,,
1630,1097815,[1146*5],,,
1840,1561532,[1146*5],,,
1390,641670,[1146*5],,,
1930,1739669,[1146*5],,,
1930,1729821,[1146*5],,,
1510,754484,[1146*5],,,
1590,922637,[1146*5],,,
1420,692823,[1146*5],,,
1610,2105344,[1146*5],,,
1890,1631609,[1146*5],,,
1960,1771746,[1146*5],,,
1620,1024763,[1146*5],,,
1940,1751319,[1146*5],,,
1920,1715703,[1146*5],,,
1170,183383,[1146*5],,,
1510,1380008,[1146*5],,,
1870,1608186,[1146*5],,,
1950,1762024,[1146*5],,,
1930,1730070,[1146*5],,,
1440,719062,[1146*5],,,
1570,828253,[1146*5],,,
1930,1729380,[1146*5],,,
1510,759091,[1146*5],,,
1970,1774754,[1146*5],,,
1960,1770208,[1146*5],,,
1750,1408748,[1146*5],,,
1680,1270989,[1146*5],,,
1510,744982,[1146*5],,,
1920,1720174,[1146*5],,,
1530,793284,[1146*5],,,
1910,1694310,[1146*5],,,
1270,251902,[1146*5],,,
1930,1739575,[1146*5],,,
1870,1613587,[1146*5],,,
1940,1751124,[1146*5],,,
1170,702670,[1146*5],,,
1620,1034635,[1146*5],,,
1720,1382205,[1146*5],,,
1840,1566180,[1146*5],,,
1880,1625243,[1146*5],,,
1880,1622432,[1146*5],,,
1910,1701900,[1146*5],,,
1830,1541070,[1146*5],,,
1960,1768971,[1146*5],,,
1850,1578977,[1146*5],,,
1600,955953,[1146*5],,,
1550,805414,[1146*5],,,
1630,1090678,[1146*5],,,
1640,1118246,[1146*5],,,
1970,1779820,[1146*5],,,
1780,1471554,[1146*5],,,
1890,1638633,[1146*5],,,
1910,1700528,[1146*5],,,
1740,1407091,[1146*5],,,
1920,1896270,[1146*5],,,
1750,1415194,[1146*5],,,
1670,1249323,[1146*5],,,
1910,1678423,[1146*5],,,
1590,1009300,[1146*5],,,
1350,509060,[1146*5],,,
1920,1720397,[1146*5],,,
1530,780979,[1146*5],,,
1920,1721870,[1146*5],,,
1550,804459,[1146*5],,,
1640,1115062,[1146*5],,,
1880,1620730,[1146*5],,,
1920,1725896,[1146*5],,,
1850,1574050,[1146*5],,,
1910,1704982,[1146*5],,,
1580,883527,[1146*5],,,
1650,1186444,[1146*5],,,
1920,1708314,[1146*5],,,
1960,1772794,[1146*5],,,
1510,2060574,[1146*5],,,
1590,942727,[1146*5],,,
1440,702540,[1146*5],,,
1910,1700980,[1146*5],,,
1590,917389,[1146*5],,,
1560,816212,[1146*5],,,
1660,1191629,[1146*5],,,
1960,1766674,[1146*5],,,
1170,1697088,[1146*5],,,
1630,1094031,[1146*5],,,
1650,1188866,[1146*5],,,
1620,1049154,[1146*5],,,
1440,713592,[1146*5],,,
1890,1630823,[1146*5],,,
1610,1005820,[1146*5],,,
1950,1762906,[1146*5],,,
1910,1672347,[1146*5],,,
1840,1561890,[1146*5],,,
1900,1656918,[1146*5],,,
1910,1692898,[1146*5],,,
1780,1462287,[1146*5],,,
1740,1760561,[1146*5],,,
1760,1427871,[1146*5],,,
1950,1758795,[1146*5],,,
1580,877760,[1146*5],,,
1830,1541376,[1146*5],,,
1930,1743167,[1146*5],,,
1910,1666219,[1146*5],,,
1550,808605,[1146*5],,,
1170,66591,[1146*5],,,
1650,1157269,[1146*5],,,
1810,1509992,[1146*5],,,
1600,949825,[1146*5],,,
1920,1717355,[1146*5],,,
1900,1648573,[1146*5],,,
1730,1391689,[1146*5],,,
1640,1120052,[1146*5],,,
1960,1771260,[1146*5],,,
1710,1373045,[1146*5],,,
1700,1359813,[1146*5],,,
1350,502032,[1146*5],,,
1910,1703345,[1146*5],,,
1930,1738877,[1146*5],,,
1350,539002,[1146*5],,,
1420,697083,[1146*5],,,
1910,1687626,[1146*5],,,
1870,1612601,[1146*5],,,
1440,704553,[1146*5],,,
1560,813660,[1146*5],,,
1600,951128,[1146*5],,,
1910,1693617,[1146*5],,,
1390,653627,[1146*5],,,
1680,1274922,[1146*5],,,
1870,1607604,[1146*5],,,
1920,1725463,[1146*5],,,
1270,224416,[1146*5],,,
1930,1735740,[1146*5],,,
1690,1334590,[1146*5],,,
1770,1445192,[1146*5],,,
1900,1803279,[1146*5],,,
1560,815434,[1146*5],,,
1890,1643290,[1146*5],,,
1510,745142,[1146*5],,,
1920,1718333,[1146*5],,,
1630,1457876,[1146*5],,,
1590,926130,[1146*5],,,
1670,1246420,[1146*5],,,
1920,1724578,[1146*5],,,
1830,1554031,[1146*5],,,
1740,1561689,[1146*5],,,
1820,1899906,[1146*5],,,
1610,989938,[1146*5],,,
1420,685930,[1146*5],,,
1620,1025937,[1146*5],,,
1940,1750400,[1146*5],,,
1630,1074273,[1146*5],,,
1570,918419,[1146*5],,,
1640,1135180,[1146*30],,,
1610,984987,[1146*5],,,
1730,1391013,[1146*5],,,
1930,1742180,[1146*5],,,
1640,1139772,[1146*5],,,
1940,1750399,[1146*5],,,
1960,1768490,[1146*5],,,
1910,1684682,[1146*5],,,
1570,836515,[1146*5],,,
1570,858493,[1146*5],,,
1780,1469895,[1146*5],,,
1910,1676971,[1146*5],,,
1510,744882,[1146*5],,,
1910,1664390,[1146*5],,,
1840,1556112,[1146*5],,,
1930,1740981,[1146*5],,,
1270,286780,[1146*5],,,
1940,1754826,[1146*5],,,
1590,942575,[1146*5],,,
1440,709135,[1146*5],,,
1940,1750394,[1146*5],,,
1170,685797,[1146*5],,,
1570,848447,[1146*5],,,
1910,1669974,[1146*5],,,
1550,808778,[1146*5],,,
1940,1750510,[1146*5],,,
1910,1687986,[1146*5],,,
1170,193736,[1146*5],,,
1400,672138,[1146*5],,,
1950,1758894,[1146*5],,,
1910,1671773,[1146*5],,,
1390,650653,[1146*5],,,
1960,1767783,[1146*5],,,
1970,1776712,[1146*5],,,
1460,729435,[1146*5],,,
1400,673492,[1146*5],,,
1400,658722,[1146*5],,,
1930,1744964,[1146*5],,,
1630,1090072,[1146*5],,,
1510,736498,[1146*5],,,
1670,1241215,[1146*5],,,
1630,1087822,[1146*5],,,
1400,677557,[1146*5],,,
1890,1632957,[1146*5],,,
1740,1397499,[1146*5],,,
1420,691897,[1146*60],,,
1950,1762553,[1146*5],,,
1350,472844,[1146*5],,,
1390,626004,[1146*5],,,
1510,775280,[1146*5],,,
1600,952979,[1146*5],,,
1530,794239,[1146*5],,,
1650,1188016,[1146*5],,,
1610,987047,[1146*5],,,
1940,1749777,[1146*5],,,
1650,1169458,[1146*5],,,
1600,955483,[1146*5],,,
1760,1431322,[1146*5],,,
1910,1691569,[1146*5],,,
1920,1724868,[1146*5],,,
1910,1690032,[1146*5],,,
1420,689560,[1146*5],,,
1960,1770096,[1146*5],,,
1580,902181,[1146*5],,,
1740,1403559,[1146*5],,,
1860,1589691,[1146*5],,,
1650,1186262,[1146*5],,,
1620,1051880,[1146*5],,,
1910,1665968,[1146*5],,,
1920,1710939,[1146*5],,,
1890,1638246,[1146*5],,,
1550,1374979,[1146*5],,,
1920,1720736,[1146*5],,,
1930,1740672,[1146*5],,,
1900,1643774,[1146*5],,,
1560,814282,[1146*5],,,
1870,1615657,[1146*5],,,
1510,777061,[1146*5],,,
1440,714935,[1146*5],,,
1420,691897,[1146*5],,,
1600,963317,[1146*5],,,
1810,1512716,[1146*5],,,
1820,1525109,[1146*5],,,
1390,650293,[1146*5],,,
1920,1726078,[1146*5],,,
1560,820544,[1146*5],,,
1440,1406772,[1146*5],,,
1600,977014,[1146*5],,,
1530,2003840,[1146*5],,,
1950,1762526,[1146*5],,,
1670,1248699,[1146*5],,,
1870,1608434,[1146*5],,,
1920,1709603,[1146*5],,,
1950,1763480,[1146*5],,,
1910,1676605,[1146*5],,,
1350,471538,[1146*5],,,
1770,1444917,[1146*5],,,
1640,1135180,[1146*5],,,
1920,1716122,[1146*5],,,
1170,46553,[1146*5],,,
1880,1630338,[1146*5],,,
1880,1626726,[1146*5],,,
1610,1335533,[1146*5],,,
1310,427713,[1146*5],,,
1770,1452055,[1146*5],,,
1390,654511,[1146*5],,,
1920,1719841,[1146*5],,,
1900,1647635,[1146*5],,,
1540,796106,[1146*5],,,
1930,1742683,[1146*5],,,
1930,1739336,[1146*5],,,
1440,700961,[1146*5],,,
1910,1690132,[1146*5],,,
1600,970282,[1146*5],,,
1920,1719011,[1146*5],,,
1950,1759657,[1146*5],,,
1930,1739151,[1146*5],,,
1640,1114570,[1146*5],,,
1390,574237,[1146*5],,,
1270,267542,[1146*5],,,
1920,1726286,[1146*5],,,
1590,940540,[1146*5],,,
1910,1677844,[1146*5],,,
1910,1691722,[1146*5],,,
1170,130625,[1146*5],,,
1920,1709120,[1146*5],,,
1740,1402990,[1146*5],,,
1350,495723,[1146*5],,,
1600,960481,[1146*5],,,
1920,1723067,[1146*5],,,
1660,1217148,[1146*5],,,
1890,1641652,[1146*5],,,
1590,905271,[1146*5],,,
1640,1107233,[1146*5],,,
1910,1675158,[1146*5],,,
1920,1706292,[1146*5],,,
1460,733605,[1146*5],,,
1350,492750,[1146*5],,,
1670,1641612,[1146*5],,,
1910,1666406,[1146*5],,,
1530,790072,[1146*5],,,
1600,979354,[1146*5],,,
1590,907812,[1146*5],,,
1790,1475479,[1146*5],,,
1870,1608721,[1146*5],,,
1650,1146534,[1146*5],,,
1620,1050164,[1146*5],,,
1400,674860,[1146*5],,,
1880,2031704,[1146*5],,,
1820,1538591,[1146*5],,,
1820,1531613,[1146*5],,,
1870,1612225,[1146*5],,,
1920,1719962,[1146*5],,,
1600,971199,[1146*5],,,
1910,1674905,[1146*5],,,
1310,443879,[1146*5],,,
1950,1765852,[1146*5],,,
1860,1589757,[1146*5],,,
1810,2054720,[1146*5],,,
1540,801959,[1146*5],,,
1930,1728169,[1146*5],,,
1650,1146675,[1146*5],,,
1940,1746609,[1146*5],,,
1650,1147956,[1146*5],,,
1660,1213853,[1146*5],,,
1530,792482,[1146*5],,,
1460,727569,[1146*5],,,
1570,845823,[1146*5],,,
1930,1732009,[1146*5],,,
1620,1045257,[1146*5],,,
1390,652409,[1146*5],,,
1820,1529418,[1146*5],,,
1640,1111254,[1146*5],,,
1420,682169,[1146*5],,,
1770,1454604,[1146*5],,,
1970,1775462,[1146*5],,,
1570,856253,[1146*5],,,
1170,76109,[1146*5],,,
1540,800845,[1146*5],,,
1910,1679765,[1146*5],,,
1930,1741641,[1146*5],,,
1510,755930,[1146*5],,,
1940,1753694,[1146*5],,,
1930,1728701,[1146*5],,,
1930,1742859,[1146*5],,,
1440,714451,[1146*5],,,
1970,1774675,[1146*5],,,
1820,1529367,[1146*5],,,
1720,1377214,[1146*5],,,
1900,1661353,[1146*5],,,
1950,1759104,[1146*5],,,
1890,1637751,[1146*5],,,
1930,1729491,[1146*5],,,
1940,1748612,[1146*5],,,
1940,1749574,[1146*5],,,
1930,1732145,[1146*5],,,
1620,1039483,[1146*5],,,
1830,1553585,[1146*5],,,
1640,1108758,[1146*5],,,
1650,1183333,[1146*5],,,
1870,1617835,[1146*5],,,
1760,1431745,[1146*5],,,
1910,1678535,[1146*5],,,
1540,795998,[1146*5],,,
1590,936285,[1146*5],,,
1390,635887,[1146*5],,,
1510,747485,[1146*5],,,
1570,830367,[1146*5],,,
1530,786963,[1146*5],,,
1510,777545,[1146*5],,,
1440,704520,[1146*5],,,
1960,1768931,[1146*5],,,
1910,1682811,[1146*5],,,
1630,1070678,[1146*5],,,
1940,1749494,[1146*5],,,
1170,83928,[1146*5],,,
1730,1387581,[1146*5],,,
1920,1723109,[1146*5],,,
1570,848457,[1146*5],,,
1800,1506342,[1146*5],,,
1170,695676,[1146*5],,,
1680,1297029,[1146*5],,,
1270,221668,[1146*5],,,
1970,1776139,[1146*5],,,
1530,793969,[1146*5],,,
1510,741675,[1146*5],,,
1600,977749,[1146*5],,,
1930,1740887,[1146*5],,,
1630,1090679,[1146*5],,,
1510,763918,[1146*5],,,
1400,677117,[1146*15],,,
1700,1346705,[1146*5],,,
1750,1542005,[1146*5],,,
1420,683597,[1146*5],,,
1890,1634918,[1146*5],,,
1860,1593011,[1146*5],,,
1920,1718349,[1146*5],,,
1970,1779421,[1146*5],,,
1460,732623,[1146*5],,,
1960,1768488,[1146*5],,,
1920,1717123,[1146*5],,,
1570,855340,[1146*5],,,
1460,722098,[1146*5],,,
1920,1725989,[1146*5],,,
1530,787247,[1146*5],,,
1950,1758751,[1146*5],,,
1870,1612311,[1146*5],,,
1540,796373,[1146*5],,,
1460,733503,[1146*5],,,
1630,1069216,[1146*5],,,
1900,1656756,[1146*5],,,
1700,1362543,[1146*5],,,
1970,1779857,[1146*5],,,
1650,1146263,[1146*5],,,
1660,1202482,[1146*5],,,
1660,1202610,[1146*5],,,
1900,1655605,[1146*5],,,
1930,1744722,[1146*5],,,
1810,1507511,[1146*5],,,
1510,762465,[1146*5],,,
1510,751521,[1146*5],,,
1610,995288,[1146*5],,,
1570,848348,[1146*5],,,
1940,1748997,[1146*5],,,
1880,1621598,[1146*5],,,
1460,730875,[1146*5],,,
1600,948455,[1146*5],,,
1910,1698527,[1146*5],,,
1170,164776,[1146*5],,,
1580,866923,[1146*5],,,
1530,778808,[1146*5],,,
1810,1509878,[1146*5],,,
1950,1762824,[1146*5],,,
1390,597711,[1146*5],,,
1930,1740681,[1146*5],,,
1960,1769608,[1146*5],,,
1640,1129777,[1146*5],,,
1170,91744,[1146*5],,,
1790,1479370,[1146*5],,,
1620,1057760,[1146*5],,,
1910,1700037,[1146*5],,,
1910,1672291,[1146*5],,,
1710,1368868,[1146*5],,,
1930,1739565,[1146*5],,,
1310,1805941,[1146*5],,,
1920,1726803,[1146*5],,,
1270,234956,[1146*5],,,
1600,948622,[1146*5],,,
1170,41950,[1146*5],,,
1870,1615593,[1146*5],,,
1670,1227652,[1146*5],,,
1440,715759,[1146*5],,,
1510,758458,[1146*5],,,
1610,987237,[1146*5],,,
1960,1769385,[1146*5],,,
1950,1759959,[1146*5],,,
1550,811852,[1146*5],,,
1910,1694456,[1146*5],,,
1640,1125089,[1146*5],,,
1650,1183972,[1146*5],,,
1350,525752,[1146*5],,,
1910,1672642,[1146*5],,,
1590,932769,[1146*5],,,
1930,1731107,[1146*5],,,
1720,1381597,[1146*5],,,
1730,1391145,[1146*5],,,
1310,445130,[1146*5],,,
1620,1029009,[1146*5],,,
1960,1767313,[1146*5],,,
1790,1479533,[1146*5],,,
1920,1710009,[1146*5],,,
1960,1771897,[1146*5],,,
1920,1714770,[1146*5],,,
1560,817579,[1146*5],,,
1170,90313,[1146*5],,,
1170,192144,[1146*5],,,
1600,964072,[1146*5],,,
1540,801281,[1146*5],,,
1650,1170298,[1146*5],,,
1670,1229653,[1146*5],,,
1350,492553,[1146*5],,,
1930,1744311,[1146*5],,,
1680,1287846,[1146*5],,,
1630,1090710,[1146*5],,,
1570,846110,[1146*5],,,
1910,1691506,[1146*5],,,
1950,1763995,[1146*5],,,
1970,1779313,[1146*5],,,
1440,712715,[1146*5],,,
1590,941547,[1146*5],,,
1590,902751,[1146*5],,,
1750,1419746,[1146*5],,,
1170,26258,[1146*5],,,
1910,1688584,[1146*5],,,
1630,1103392,[1146*5],,,
1600,958810,[1146*5],,,
1910,1681411,[1146*5],,,
1970,1782427,[1146*5],,,
1960,1766684,[1146*5],,,
1700,1365490,[1146*5],,,
1580,886848,[1146*5],,,
1830,1553486,[1146*5],,,
1960,1769836,[1146*5],,,
1930,1733122,[1146*5],,,
1440,706981,[1146*5],,,
1970,1780523,[1146*5],,,
1540,843329,[1146*5],,,
1910,1670334,[1146*5],,,
1910,1685429,[1146*5],,,
1640,1120596,[1146*5],,,
1940,1748080,[1146*5],,,
1940,1753486,[1146*5],,,
1940,1746857,[1146*5],,,
1910,1675767,[1146*5],,,
1880,1626988,[1146*5],,,
1910,1699955,[1146*5],,,
1970,1780620,[1146*5],,,
1310,438989,[1146*5],,,
1170,15336,[1146*5],,,
1580,860012,[1146*5],,,
1580,877406,[1146*5],,,
1390,650346,[1146*5],,,
1970,1776517,[1146*5],,,
1970,1774853,[1146*5],,,
1640,1107595,[1146*5],,,
1680,1274644,[1146*5],,,
1910,1696020,[1146*5],,,
1930,1743013,[1146*5],,,
1630,1100366,[1146*5],,,
1970,1774809,[1146*5],,,
1930,1744811,[1146*5],,,
1920,1722704,[1146*5],,,
1420,696837,[1146*5],,,
1940,1757011,[1146*5],,,
1620,1060734,[1146*5],,,
1420,686808,[1146*5],,,
1800,1502121,[1146*5],,,
1640,1113944,[1146*5],,,
1970,1780875,[1146*5],,,
1170,20759,[1146*5],,,
1910,1693441,[1146*5],,,
1810,1515153,[1146*5],,,
1940,1748474,[1146*5],,,
1700,1351220,[1146*5],,,
1510,747644,[1146*5],,,
1510,770422,[1146*5],,,
1700,1354938,[1146*5],,,
1910,1697553,[1146*30],,,
1580,876122,[1146*5],,,
1940,1751466,[1146*5],,,
1910,1694975,[1146*5],,,
1920,1719564,[1146*5],,,
1950,1759286,[1146*5],,,
1590,940073,[1146*5],,,
1910,1665801,[1146*5],,,
1800,1512066,[1146*5],,,
1930,1733294,[1146*5],,,
1600,966548,[1146*5],,,
1530,783200,[1146*5],,,
1920,1720248,[1146*5],,,
1930,1739455,[1146*5],,,
1390,593222,[1146*5],,,
1510,743039,[1146*5],,,
1630,1078075,[1146*5],,,
1600,978075,[1146*5],,,
1970,1780072,[1146*5],,,
1910,1667407,[1146*5],,,
1910,1672873,[1146*5],,,
1580,867995,[1146*5],,,
1510,738000,[1146*5],,,
1440,708303,[1146*5],,,
1910,1684309,[1146*5],,,
1710,1368929,[1146*5],,,
1600,957102,[1146*5],,,
1910,1695640,[1146*5],,,
1970,1776628,[1146*5],,,
1910,1701307,[1146*5],,,
1850,1578339,[1146*5],,,
1400,660187,[1146*5],,,
1910,1680692,[1146*5],,,
1170,79023,[1146*5],,,
1870,1616724,[1146*5],,,
1850,1585037,[1146*5],,,
1910,1689450,[1146*5],,,
1930,1728754,[1146*5],,,
1740,1399447,[1146*5],,,
1570,844825,[1146*5],,,
1170,116461,[1146*5],,,
1270,333424,[1146*5],,,
1910,1690506,[1146*5],,,
1910,1675327,[1146*5],,,
1620,1023513,[1146*5],,,
1900,1659491,[1146*5],,,
1670,1237514,[1146*5],,,
1900,1648769,[1146*5],,,
1620,1050593,[1146*5],,,
1680,1276745,[1146*5],,,
1540,796796,[1146*5],,,
1920,1716639,[1146*5],,,
1900,1660438,[1146*5],,,
1910,1692593,[1146*5],,,
1310,426449,[1146*5],,,
1510,777360,[1146*5],,,
1510,762912,[1146*5],,,
1910,1670743,[1146*5],,,
1460,735345,[1146*5],,,
1620,1040733,[1146*5],,,
1570,847140,[1146*5],,,
1840,1565298,[1146*5],,,
1970,1782497,[1146*5],,,
1590,938422,[1146*5],,,
1620,1048615,[1146*5],,,
1390,653840,[1146*5],,,
1440,702293,[1146*5],,,
1970,1776868,[1146*5],,,
1620,1024538,[1146*5],,,
1920,1711899,[1146*5],,,
1900,1660696,[1146*5],,,
1950,1761175,[1146*5],,,
1510,760564,[1146*5],,,
1600,981638,[1146*5],,,
1540,796456,[1146*5],,,
1310,404504,[1146*5],,,
1620,1058275,[1146*5],,,
1390,678963,[1146*5],,,
1700,1597965,[1146*5],,,
1890,1642361,[1146*5],,,
1930,1744290,[1146*5],,,
1620,1049128,[1146*5],,,
1460,720332,[1146*5],,,
1920,1707996,[1146*5],,,
1950,1765403,[1146*5],,,
1620,1023644,[1146*5],,,
1960,1767451,[1146*5],,,
1270,325814,[1146*5],,,
1910,1685489,[1146*5],,,
1700,1362274,[1146*5],,,
1690,1319421,[1146*5],,,
1900,1659050,[1146*5],,,
1600,963654,[1146*5],,,
1880,1625203,[1146*5],,,
1540,800494,[1146*5],,,
1570,835185,[1146*15],,,
1970,1780375,[1146*5],,,
1600,948832,[1146*5],,,
1950,1762142,[1146*5],,,
1690,1327023,[1146*5],,,
1910,1665695,[1146*5],,,
1640,1122800,[1146*5],,,
1930,1744902,[1146*5],,,
1760,1432907,[1146*5],,,
1910,1679064,[1146*5],,,
1800,1501869,[1146*5],,,
1610,1959480,[1146*5],,,
1310,434255,[1146*5],,,
1170,376937,[1146*5],,,
1930,1739296,[1146*5],,,
1440,718194,[1146*5],,,
1960,1771411,[1146*5],,,
1940,1756430,[1146*5],,,
1930,1745391,[1146*5],,,
1730,1387428,[1146*5],,,
1510,761625,[1146*5],,,
1460,734310,[1146*5],,,
1910,1696428,[1146*5],,,
1600,977941,[1146*5],,,
1930,1742945,[1146*5],,,
1610,996713,[1146*5],,,
1880,1630053,[1146*5],,,
1930,1746078,[1146*5],,,
1830,1539227,[1146*5],,,
1530,792536,[1146*5],,,
1510,768880,[1146*5],,,
1900,1661555,[1146*5],,,
1550,803922,[1146*5],,,
1440,707317,[1146*5],,,
1750,1421252,[1146*5],,,
1910,1682812,[1146*5],,,
1910,1667050,[1146*5],,,
1350,467720,[1146*5],,,
1580,876458,[1146*5],,,
1650,1186100,[1146*5],,,
1840,1557509,[1146*5],,,
1910,1675632,[1146*5],,,
1830,1555079,[1146*5],,,
1650,1166736,[1146*5],,,
1690,1338056,[1146*5],,,
1400,675986,[1146*5],,,
1970,1777724,[1146*5],,,
1910,1675539,[1146*15],,,
1670,1228452,[1146*5],,,
1620,1052403,[1146*5],,,
1960,1769560,[1146*5],,,
1930,1732184,[1146*5],,,
1620,1034173,[1146*5],,,
1560,813185,[1146*5],,,
1830,1544941,[1146*5],,,
1930,1739578,[1146*5],,,
1910,1687417,[1146*5],,,
1740,1399506,[1146*5],,,
1590,930888,[1146*5],,,
1640,1110097,[1146*5],,,
1540,802626,[1146*5],,,
1730,1387146,[1146*5],,,
1930,1730935,[1146*5],,,
1930,1737975,[1146*5],,,
1860,1594504,[1146*5],,,
1950,1758546,[1146*5],,,
1910,1683947,[1146*5],,,
1170,178729,[1146*5],,,
1400,658923,[1146*5],,,
1880,1622699,[1146*5],,,
1270,329349,[1146*5],,,
1660,1200065,[1146*5],,,
1510,742380,[1146*5],,,
1910,1672352,[1146*5],,,
1630,1080363,[1146*5],,,
1590,936611,[1146*5],,,
1760,1425767,[1146*5],,,
1530,783250,[1146*5],,,
1910,1680617,[1146*5],,,
1580,894899,[1146*5],,,
1960,1769892,[1146*5],,,
1390,643013,[1146*5],,,
1910,1696619,[1146*5],,,
1550,803426,[1146*5],,,
1530,786487,[1146*5],,,
1840,1569583,[1146*5],,,
1270,306876,[1146*5],,,
1690,1313788,[1146*5],,,
1870,1617682,[1146*5],,,
1640,1107810,[1146*5],,,
1170,25410,[1146*5],,,
1270,440170,[1146*5],,,
1910,1677740,[1146*5],,,
1940,1757139,[1146*5],,,
1390,656140,[1146*5],,,
1900,1659697,[1146*5],,,
1460,735400,[1146*5],,,
1170,198075,[1146*5],,,
1660,1215338,[1146*5],,,
1640,1136983,[1146*5],,,
1900,1661291,[1146*5],,,
1420,694138,[1146*5],,,
1620,1033980,[1146*5],,,
1920,1706427,[1146*5],,,
1860,1590996,[1146*5],,,
1460,721122,[1146*5],,,
1770,1449637,[1146*5],,,
1710,1370294,[1146*5],,,
1270,1741080,[1146*5],,,
1830,1773230,[1146*5],,,
1890,1637075,[1146*5],,,
1400,668573,[1146*5],,,
1770,1443930,[1146*5],,,
1590,906848,[1146*5],,,
1540,801974,[1146*5],,,
1690,1324507,[1146*5],,,
1950,1758050,[1146*5],,,
1900,1649862,[1146*5],,,
1420,698438,[1146*5],,,
1910,1671183,[1146*5],,,
1900,1660208,[1146*5],,,
1860,1598805,[1146*5],,,
1950,1764935,[1146*5],,,
1790,1476089,[1146*5],,,
1170,33862,[1146*5],,,
1510,775322,[1146*5],,,
1440,709612,[1146*5],,,
1570,857480,[1146*5],,,
1910,1676247,[1146*5],,,
1460,725032,[1146*5],,,
1590,936275,[1146*5],,,
1630,1068371,[1146*5],,,
1920,1706156,[1146*5],,,
1970,1774500,[1146*5],,,
1460,724877,[1146*5],,,
1910,1686775,[1146*5],,,
1560,824757,[1146*5],,,
1970,1781082,[1146*5],,,
1660,1212453,[1146*5],,,
1350,532921,[1146*5],,,
1750,1411484,[1146*5],,,
1940,1750575,[1146*5],,,
1760,1427677,[1146*5],,,
1910,1695506,[1146*5],,,
1600,959834,[1146*5],,,
1900,1649027,[1146*5],,,
1530,785204,[1146*5],,,
1390,574169,[1146*5],,,
1700,1343267,[1146*5],,,
1910,1699357,[1146*5],,,
1640,1118656,[1146*5],,,
1910,1673762,[1146*5],,,
1920,1711770,[1146*5],,,
1860,1590308,[1146*5],,,
1920,1717004,[1146*5],,,
1770,1454435,[1146*5],,,
1390,641790,[1146*5],,,
1960,1773041,[1146*5],,,
1510,752788,[1146*5],,,
1270,322195,[1146*5],,,
1970,1775377,[1146*5],,,
1880,1984378,[1146*5],,,
1970,1776796,[1146*5],,,
1910,1675539,[1146*30],,,
1670,1226770,[1146*5],,,
1170,23638,[1146*5],,,
1750,1409148,[1146*5],,,
1600,956723,[1146*5],,,
1970,1777857,[1146*5],,,
1800,1498662,[1146*5],,,
1790,1475592,[1146*5],,,
1920,1717540,[1146*5],,,
1950,1763858,[1146*5],,,
1630,1071983,[1146*5],,,
1690,1320521,[1146*5],,,
1570,846517,[1146*5],,,
1920,1722142,[1146*5],,,
1930,1743759,[1146*5],,,
1660,1205333,[1146*5],,,
1510,737820,[1146*5],,,
1950,1763024,[1146*5],,,
1870,1609720,[1146*5],,,
1400,1597640,[1146*5],,,
1540,800513,[1146*5],,,
1600,958048,[1146*5],,,
1680,1275725,[1146*5],,,
1400,676408,[1146*5],,,
1600,971687,[1146*5],,,
1900,1660372,[1146*5],,,
1910,1673300,[1146*5],,,
1870,1605067,[1146*5],,,
1460,734563,[1146*5],,,
1780,1458101,[1146*5],,,
1840,1567377,[1146*5],,,
1920,1725238,[1146*5],,,
1920,1726612,[1146*5],,,
1920,1721643,[1146*5],,,
1920,1722748,[1146*5],,,
1920,1722717,[1146*5],,,
1890,1637973,[1146*5],,,
1770,1448232,[1146*5],,,
1910,1674626,[1146*5],,,
1910,1678363,[1146*5],,,
1960,1770737,[1146*5],,,
1700,1344201,[1146*5],,,
1800,1494082,[1146*5],,,
1880,1623226,[1146*5],,,
1810,1509599,[1146*5],,,
1970,1780965,[1146*5],,,
1610,1791257,[1146*5],,,
1910,1668085,[1146*5],,,
1910,1674316,[1146*5],,,
1750,2078412,[1146*5],,,
1900,1660760,[1146*5],,,
1970,1781354,[1146*5],,,
1800,1494474,[1146*5],,,
1420,680601,[1146*5],,,
1960,1771354,[1146*5],,,
1590,932220,[1146*5],,,
1550,806543,[1146*5],,,
1350,505273,[1146*5],,,
1850,1577732,[1146*5],,,
1930,1731776,[1146*5],,,
1550,806190,[1146*5],,,
1170,36350,[1146*5],,,
1950,1758008,[1146*5],,,
1890,1631435,[1146*5],,,
1590,914949,[1146*5],,,
1540,802958,[1146*5],,,
1610,984070,[1146*5],,,
1620,1050517,[1146*5],,,
1350,521817,[1146*5],,,
1930,1745452,[1146*5],,,
1640,1121652,[1146*5],,,
1560,814140,[1146*5],,,
1910,1676645,[1146*5],,,
1930,1733198,[1146*5],,,
1920,1709465,[1146*5],,,
1950,1757817,[1146*5],,,
1400,665872,[1146*5],,,
1460,734505,[1146*5],,,
1920,1715600,[1146*5],,,
1640,1108418,[1146*5],,,
1510,1032084,[1146*5],,,
1510,753811,[1146*5],,,
1910,1703228,[1146*5],,,
1820,1527821,[1146*5],,,
1970,1781702,[1146*5],,,
1930,1727343,[1146*5],,,
1930,1730555,[1146*5],,,
1530,794322,[1146*5],,,
1910,1664871,[1146*5],,,
1900,1660753,[1146*5],,,
1570,832176,[1146*5],,,
1950,1762005,[1146*5],,,
1570,830605,[1146*5],,,
1620,1049472,[1146*5],,,
1910,1687265,[1146*5],,,
1270,320726,[1146*5],,,
1700,1365016,[1146*5],,,
1940,1749691,[1146*5],,,
1510,754965,[1146*5],,,
1620,1038005,[1146*5],,,
1910,1692271,[1146*5],,,
1650,1148917,[1146*5],,,
1920,1717164,[1146*5],,,
1270,367170,[1146*5],,,
1460,720340,[1146*5],,,
1620,1027747,[1146*5],,,
1920,1712596,[1146*5],,,
1930,1744333,[1146*5],,,
1930,1740255,[1146*5],,,
1530,792972,[1146*5],,,
1390,634036,[1146*5],,,
1970,1776856,[1146*5],,,
1860,1589395,[1146*5],,,
1580,898989,[1146*5],,,
1400,673170,[1146*5],,,
1310,1533979,[1146*5],,,
1960,1769291,[1146*5],,,
1910,1674556,[1146*5],,,
1920,1706734,[1146*5],,,
1910,1672851,[1146*5],,,
1960,1766642,[1146*5],,,
1420,1634839,[1146*5],,,
1170,14547,[1146*5],,,
1970,1781202,[1146*5],,,
1900,1662647,[1146*5],,,
1930,1734149,[1146*5],,,
1390,644917,[1146*5],,,
1620,1050758,[1146*5],,,
1540,798531,[1146*5],,,
1950,1761253,[1146*5],,,
1870,1611989,[1146*5],,,
1650,1163432,[1146*5],,,
1720,1383991,[1146*5],,,
1580,865899,[1146*5],,,
1420,692590,[1146*5],,,
1890,1634806,[1146*5],,,
1510,1560864,[1146*5],,,
1630,1085343,[1146*5],,,
1400,661224,[1146*5],,,
1640,1118949,[1146*5],,,
1900,1664151,[1146*5],,,
1560,820778,[1146*5],,,
1900,1655405,[1146*5],,,
1910,1696484,[1146*5],,,
1620,1049955,[1146*5],,,
1170,580703,[1146*5],,,
1970,1774108,[1146*5],,,
1530,784626,[1146*5],,,
1670,1239701,[1146*5],,,
1570,843718,[1146*5],,,
1540,802452,[1146*5],,,
1940,1754810,[1146*5],,,
1310,417330,[1146*5],,,
1270,372217,[1146*5],,,
1950,1763371,[1146*5],,,
1910,1699803,[1146*5],,,
1910,1667340,[1146*5],,,
1940,1756757,[1146*5],,,
1690,1328564,[1146*5],,,
1580,898114,[1146*5],,,
1590,926982,[1146*5],,,
1940,1753849,[1146*5],,,
1560,822826,[1146*5],,,
1970,1779889,[1146*5],,,
1940,1748943,[1146*5],,,
1590,909614,[1146*5],,,
1880,1619578,[1146*5],,,
1900,1662191,[1146*5],,,
1910,1704334,[1146*5],,,
1800,1500592,[1146*5],,,
1950,1763591,[1146*5],,,
1620,1036088,[1146*5],,,
1680,1287286,[1146*5],,,
1670,1232282,[1146*5],,,
1920,1711876,[1146*5],,,
1670,1249274,[1146*5],,,
1820,1527412,[1146*5],,,
1310,1831327,[1146*5],,,
1550,810997,[1146*5],,,
1730,1391879,[1146*5],,,
1930,1735225,[1146*5],,,
1590,908399,[1146*5],,,
1640,1132517,[1146*5],,,
1700,1396920,[1146*5],,,
1440,700618,[1146*5],,,
1530,2002170,[1146*5],,,
1580,882506,[1146*5],,,
1970,1774173,[1146*5],,,
1900,1644726,[1146*5],,,
1840,1568920,[1146*5],,,
1930,1729323,[1146*5],,,
1630,1075412,[1146*5],,,
1970,1774873,[1146*5],,,
1910,1679250,[1146*5],,,
1910,1683685,[1146*5],,,
1680,1270750,[1146*5],,,
1910,1701950,[1146*5],,,
1510,1970372,[1146*5],,,
1400,675968,[1146*5],,,
1510,759830,[1146*5],,,
1690,1337263,[1146*5],,,
1880,1618569,[1146*5],,,
1560,816810,[1146*5],,,
1890,1637252,[1146*5],,,
1310,452114,[1146*5],,,
1920,1725185,[1146*5],,,
1610,986673,[1146*5],,,
1570,842753,[1146*15],,,
1440,700562,[1146*5],,,
1390,638370,[1146*5],,,
1840,1557820,[1146*5],,,
1540,800779,[1146*5],,,
1590,940032,[1146*5],,,
1860,1603266,[1146*5],,,
1860,1625609,[1146*5],,,
1700,1355756,[1146*5],,,
1640,1119062,[1146*5],,,
1600,970294,[1146*5],,,
1950,1761083,[1146*5],,,
1830,1549658,[1146*5],,,
1310,450300,[1146*5],,,
1910,1680583,[1146*5],,,
1630,1078356,[1146*5],,,
1810,2133526,[1146*5],,,
1310,436390,[1146*5],,,
1540,802007,[1146*5],,,
1830,1543268,[1146*5],,,
1530,795381,[1146*5],,,
1940,1754973,[1146*5],,,
1930,1727754,[1146*5],,,
1510,753982,[1146*5],,,
1510,751283,[1146*5],,,
