server_id,user_id,asset_id,change_count,partition_date,created_at
2037402,34627750,11117402,29,2026-03-13,2026-03-13 01:39:18.603
2006402,6124490,11117402,14,2026-03-18,2026-03-18 14:55:07.273
2006502,4407911,11117402,29,2026-03-18,2026-03-18 08:36:27.660
2013602,9643670,11117402,14,2026-03-18,2026-03-18 14:25:18.124
2018602,14488113,11117402,4,2026-03-18,2026-03-18 18:23:08.061
2018602,17673321,11117402,29,2026-03-18,2026-03-18 08:01:08.938
2018602,12498936,11117402,14,2026-03-18,2026-03-18 13:14:13.007
2022002,16213463,11117402,14,2026-03-18,2026-03-18 11:28:20.764
2022002,16506490,11117402,29,2026-03-18,2026-03-18 09:59:45.420
2022002,14614719,11117402,14,2026-03-18,2026-03-18 12:39:49.224
2024502,22628917,11117402,14,2026-03-18,2026-03-18 09:41:03.544
2024502,17392012,11117402,25,2026-03-18,2026-03-18 10:50:26.783
2024502,19454327,11117402,15,2026-03-18,2026-03-18 13:58:23.783
2024502,19600077,11117402,29,2026-03-18,2026-03-18 20:33:14.347
2024502,17680915,11117402,29,2026-03-18,2026-03-18 21:46:52.545
2024502,18322119,11117402,29,2026-03-18,2026-03-18 13:11:29.509
2024502,22539562,11117402,4,2026-03-18,2026-03-18 23:37:09.171
2024502,17390838,11117402,14,2026-03-18,2026-03-18 21:08:25.957
2024502,23171811,11117402,14,2026-03-18,2026-03-18 22:20:59.917
2024502,19721325,11117402,14,2026-03-18,2026-03-18 10:34:56.926
2024702,21447831,11117402,10,2026-03-18,2026-03-18 10:47:08.789
2024702,18580605,11117402,29,2026-03-18,2026-03-18 16:27:14.459
2024702,18570546,11117402,14,2026-03-18,2026-03-18 14:57:49.783
2024702,18580605,11117402,15,2026-03-18,2026-03-18 15:45:47.566
2024702,18480221,11117402,14,2026-03-18,2026-03-18 10:50:19.377
2033202,24868058,11117402,29,2026-03-18,2026-03-18 08:30:50.983
2050502,39828626,11117402,29,2026-03-18,2026-03-18 14:07:30.855
2052502,42556470,11117402,4,2026-03-18,2026-03-18 08:48:04.638
2052502,43557374,11117402,29,2026-03-18,2026-03-18 11:37:48.846
2052502,42926142,11117402,14,2026-03-18,2026-03-18 17:16:04.465
2052502,43655670,11117402,29,2026-03-18,2026-03-18 13:12:17.461
2013602,9435357,11117402,29,2026-03-19,2026-03-19 02:02:28.816
2018502,17864318,11117402,14,2026-03-19,2026-03-19 04:31:16.230
2018602,11493440,11117402,29,2026-03-19,2026-03-19 04:19:55.289
2024502,18234799,11117402,29,2026-03-19,2026-03-19 05:00:21.084
2024702,20722504,11117402,29,2026-03-19,2026-03-19 04:41:35.110
2050502,37342330,11117402,14,2026-03-19,2026-03-19 02:46:14.136
2052502,44745855,11117402,14,2026-03-19,2026-03-19 01:51:59.941
2091302,217737747,11117402,10,2026-03-19,2026-03-19 08:52:31.555
2001408,218903908,11117402,29,2026-03-25,2026-03-25 08:00:00.677
2006102,4518794,11117402,10,2026-03-25,2026-03-25 15:47:02.009
2006702,4301088,11117402,10,2026-03-25,2026-03-25 12:04:16.961
2007202,5307260,11117402,14,2026-03-25,2026-03-25 11:08:24.981
2008502,5736251,11117402,4,2026-03-25,2026-03-25 09:59:47.615
2008502,5862327,11117402,4,2026-03-25,2026-03-25 19:59:59.230
2008502,5673671,11117402,29,2026-03-25,2026-03-25 18:38:46.909
2010102,7668124,11117402,28,2026-03-25,2026-03-25 12:57:12.213
2010302,9156507,11117402,10,2026-03-25,2026-03-25 11:40:14.590
2010302,9271340,11117402,29,2026-03-25,2026-03-25 12:21:09.934
2010302,9162646,11117402,4,2026-03-25,2026-03-25 14:01:00.936
2012302,9000939,11117402,14,2026-03-25,2026-03-25 22:07:53.525
2012302,9037759,11117402,29,2026-03-25,2026-03-25 08:00:00.800
2012402,3565461,11117402,29,2026-03-25,2026-03-25 18:00:18.528
2012402,5430097,11117402,29,2026-03-25,2026-03-25 13:17:47.480
2012402,8937243,11117402,14,2026-03-25,2026-03-25 08:17:30.961
2013402,10071274,11117402,29,2026-03-25,2026-03-25 14:41:10.496
2013402,8327556,11117402,14,2026-03-25,2026-03-25 21:27:14.635
2013402,9557395,11117402,7,2026-03-25,2026-03-25 09:48:37.093
2013402,10085104,11117402,14,2026-03-25,2026-03-25 12:20:47.196
2013402,10069996,11117402,29,2026-03-25,2026-03-25 18:59:19.578
2014502,10233130,11117402,29,2026-03-25,2026-03-25 08:36:29.824
2015702,14911843,11117402,29,2026-03-25,2026-03-25 11:44:13.506
2015702,14101623,11117402,4,2026-03-25,2026-03-25 08:02:24.102
2016902,12209582,11117402,29,2026-03-25,2026-03-25 08:00:00.557
2016902,11344811,11117402,4,2026-03-25,2026-03-25 12:58:55.339
2017802,14679869,11117402,29,2026-03-25,2026-03-25 20:06:52.480
2018202,12609680,11117402,10,2026-03-25,2026-03-25 09:19:45.271
2018202,12321169,11117402,10,2026-03-25,2026-03-25 12:40:27.275
2018602,14433089,11117402,14,2026-03-25,2026-03-25 19:05:43.155
2020108,73030486,11117402,4,2026-03-25,2026-03-25 08:00:01.310
2020408,38613945,11117402,4,2026-03-25,2026-03-25 08:00:01.133
2020608,26125860,11117402,11,2026-03-25,2026-03-25 08:00:00.831
2020808,76730242,11117402,10,2026-03-25,2026-03-25 08:00:00.104
2020808,82350476,11117402,10,2026-03-25,2026-03-25 08:00:00.718
2020908,205166332,11117402,10,2026-03-25,2026-03-25 08:00:00.399
2021108,61038801,11117402,4,2026-03-25,2026-03-25 08:00:01.355
2021902,15449721,11117402,4,2026-03-25,2026-03-25 08:47:28.966
2021902,14781682,11117402,10,2026-03-25,2026-03-25 11:26:58.170
2021902,14565614,11117402,29,2026-03-25,2026-03-25 09:46:40.385
2022002,15693605,11117402,14,2026-03-25,2026-03-25 09:09:23.314
2022002,14269055,11117402,14,2026-03-25,2026-03-25 14:14:15.687
2023502,17645731,11117402,29,2026-03-25,2026-03-25 10:14:57.180
2023502,15796043,11117402,15,2026-03-25,2026-03-25 08:04:47.969
2023502,11514791,11117402,29,2026-03-25,2026-03-25 09:36:12.072
2023502,17349694,11117402,4,2026-03-25,2026-03-25 16:15:31.964
2024402,21027534,11117402,10,2026-03-25,2026-03-25 17:31:15.936
2024402,19178613,11117402,14,2026-03-25,2026-03-25 14:20:43.326
2025502,18033086,11117402,4,2026-03-25,2026-03-25 10:50:18.316
2025502,19164413,11117402,29,2026-03-25,2026-03-25 11:41:47.899
2027002,22717485,11117402,14,2026-03-25,2026-03-25 10:16:31.055
2028602,15253610,11117402,29,2026-03-25,2026-03-25 15:00:42.547
2028602,22984581,11117402,14,2026-03-25,2026-03-25 08:13:20.581
2028602,17292278,11117402,14,2026-03-25,2026-03-25 16:32:04.564
2028602,21658214,11117402,13,2026-03-25,2026-03-25 09:58:36.428
2028602,17148960,11117402,29,2026-03-25,2026-03-25 18:41:19.602
2028602,20998101,11117402,28,2026-03-25,2026-03-25 14:26:19.742
2029902,22275402,11117402,29,2026-03-25,2026-03-25 12:11:35.141
2029902,20081399,11117402,14,2026-03-25,2026-03-25 20:57:23.575
2030002,23173683,11117402,14,2026-03-25,2026-03-25 10:15:03.195
2030002,23424006,11117402,4,2026-03-25,2026-03-25 21:52:35.800
2030502,23708923,11117402,4,2026-03-25,2026-03-25 11:01:39.051
2030502,23316245,11117402,15,2026-03-25,2026-03-25 12:34:58.729
2031402,25752082,11117402,29,2026-03-25,2026-03-25 10:28:55.098
2031402,27343936,11117402,10,2026-03-25,2026-03-25 12:30:21.839
2032402,25193299,11117402,14,2026-03-25,2026-03-25 08:44:38.632
2032402,25443376,11117402,29,2026-03-25,2026-03-25 08:00:00.754
2033202,25189731,11117402,10,2026-03-25,2026-03-25 16:51:23.588
2033902,21995479,11117402,4,2026-03-25,2026-03-25 15:25:18.524
2037402,34766622,11117402,29,2026-03-25,2026-03-25 11:46:14.112
2037402,30573964,11117402,29,2026-03-25,2026-03-25 17:21:16.226
2037402,33809175,11117402,29,2026-03-25,2026-03-25 09:07:48.378
2037402,29795089,11117402,14,2026-03-25,2026-03-25 15:20:59.399
2037402,34574116,11117402,14,2026-03-25,2026-03-25 11:02:44.101
2038602,34537037,11117402,29,2026-03-25,2026-03-25 20:52:35.038
2038602,34631138,11117402,29,2026-03-25,2026-03-25 09:01:36.307
2038602,31477972,11117402,4,2026-03-25,2026-03-25 17:31:00.603
2038602,221271046,11117402,10,2026-03-25,2026-03-25 08:00:00.775
2038602,34286887,11117402,29,2026-03-25,2026-03-25 12:30:06.791
2039502,36651288,11117402,28,2026-03-25,2026-03-25 17:10:30.606
2039502,33867988,11117402,10,2026-03-25,2026-03-25 16:14:48.797
2041002,32789846,11117402,15,2026-03-25,2026-03-25 08:05:52.360
2041002,35472678,11117402,29,2026-03-25,2026-03-25 19:48:49.056
2041002,33720456,11117402,29,2026-03-25,2026-03-25 21:21:49.265
2043802,35237732,11117402,29,2026-03-25,2026-03-25 08:52:23.147
2043802,30255513,11117402,29,2026-03-25,2026-03-25 15:22:49.059
2043802,35517908,11117402,29,2026-03-25,2026-03-25 12:53:08.082
2044602,35945548,11117402,29,2026-03-25,2026-03-25 14:10:15.726
2044602,36383669,11117402,29,2026-03-25,2026-03-25 11:28:19.394
2044602,36100391,11117402,29,2026-03-25,2026-03-25 14:05:17.435
2046502,38255324,11117402,4,2026-03-25,2026-03-25 23:51:38.302
2047102,38999353,11117402,29,2026-03-25,2026-03-25 16:26:02.683
2047102,36965778,11117402,29,2026-03-25,2026-03-25 08:28:30.702
2047102,37180276,11117402,14,2026-03-25,2026-03-25 13:15:21.831
2047102,38202601,11117402,29,2026-03-25,2026-03-25 11:36:12.729
2047102,37893569,11117402,15,2026-03-25,2026-03-25 18:44:49.963
2047502,38473327,11117402,29,2026-03-25,2026-03-25 08:00:00.028
2047502,38518525,11117402,15,2026-03-25,2026-03-25 11:18:01.843
2047502,38070099,11117402,14,2026-03-25,2026-03-25 08:00:00.027
2049702,40342119,11117402,29,2026-03-25,2026-03-25 16:08:20.763
2050802,40448845,11117402,10,2026-03-25,2026-03-25 08:00:00.568
2050802,39726626,11117402,14,2026-03-25,2026-03-25 13:08:11.616
2051002,37777943,11117402,29,2026-03-25,2026-03-25 08:34:05.519
2051002,37861437,11117402,29,2026-03-25,2026-03-25 08:04:32.351
2051002,37634758,11117402,29,2026-03-25,2026-03-25 08:47:04.514
2051002,37857182,11117402,15,2026-03-25,2026-03-25 08:31:38.868
2051002,41811660,11117402,10,2026-03-25,2026-03-25 21:27:55.609
2051302,42147446,11117402,29,2026-03-25,2026-03-25 12:41:24.824
2051302,54318641,11117402,4,2026-03-25,2026-03-25 13:06:01.845
2051302,49264391,11117402,29,2026-03-25,2026-03-25 08:51:08.277
2051302,54274604,11117402,13,2026-03-25,2026-03-25 11:34:14.526
2051302,49229750,11117402,29,2026-03-25,2026-03-25 08:00:00.459
2052702,50534664,11117402,29,2026-03-25,2026-03-25 09:54:17.841
2052702,56172163,11117402,14,2026-03-25,2026-03-25 11:29:30.124
2052702,43866835,11117402,29,2026-03-25,2026-03-25 18:14:56.679
2052702,43888808,11117402,4,2026-03-25,2026-03-25 14:38:38.901
2054002,44881393,11117402,29,2026-03-25,2026-03-25 10:26:38.917
2054002,56079415,11117402,10,2026-03-25,2026-03-25 09:33:32.421
2054002,55625751,11117402,14,2026-03-25,2026-03-25 12:42:50.562
2054002,44437762,11117402,29,2026-03-25,2026-03-25 13:06:08.213
2054002,44009394,11117402,14,2026-03-25,2026-03-25 11:46:19.883
2054002,43971518,11117402,29,2026-03-25,2026-03-25 09:40:29.348
2054002,55416009,11117402,4,2026-03-25,2026-03-25 15:31:51.142
2054202,46695184,11117402,29,2026-03-25,2026-03-25 08:48:52.095
2054202,45700479,11117402,15,2026-03-25,2026-03-25 11:55:23.125
2054202,46561134,11117402,29,2026-03-25,2026-03-25 08:00:00.154
2054202,45738722,11117402,29,2026-03-25,2026-03-25 10:44:21.657
2055302,42750440,11117402,3,2026-03-25,2026-03-25 17:34:04.450
2055302,42406395,11117402,14,2026-03-25,2026-03-25 14:05:13.634
2055802,47280721,11117402,4,2026-03-25,2026-03-25 08:00:00.377
2055802,48123842,11117402,29,2026-03-25,2026-03-25 08:34:28.904
2055802,50177634,11117402,15,2026-03-25,2026-03-25 08:00:00.377
2055802,50469173,11117402,29,2026-03-25,2026-03-25 13:32:28.365
2055802,48136275,11117402,29,2026-03-25,2026-03-25 08:50:13.306
2056102,53016855,11117402,29,2026-03-25,2026-03-25 09:43:49.674
2056102,45077858,11117402,29,2026-03-25,2026-03-25 08:00:00.569
2058302,52505272,11117402,10,2026-03-25,2026-03-25 09:59:15.441
2058302,48811209,11117402,29,2026-03-25,2026-03-25 17:51:07.471
2058302,51747517,11117402,10,2026-03-25,2026-03-25 08:24:49.884
2058302,51564845,11117402,29,2026-03-25,2026-03-25 11:46:48.877
2058302,51338998,11117402,29,2026-03-25,2026-03-25 14:21:30.989
2058402,56406903,11117402,29,2026-03-25,2026-03-25 11:13:26.015
2058402,52847084,11117402,14,2026-03-25,2026-03-25 20:33:19.037
2058802,47148619,11117402,29,2026-03-25,2026-03-25 08:08:01.776
2060302,63829245,11117402,29,2026-03-25,2026-03-25 18:35:10.982
2060902,58849865,11117402,29,2026-03-25,2026-03-25 13:58:51.102
2060902,59914911,11117402,15,2026-03-25,2026-03-25 21:36:36.213
2061402,62577942,11117402,4,2026-03-25,2026-03-25 11:59:50.361
2061402,60118287,11117402,29,2026-03-25,2026-03-25 09:45:57.911
2062402,64295331,11117402,14,2026-03-25,2026-03-25 21:48:11.583
2062402,61027994,11117402,29,2026-03-25,2026-03-25 10:29:03.332
2062602,62924001,11117402,15,2026-03-25,2026-03-25 10:06:03.456
2063202,63467181,11117402,4,2026-03-25,2026-03-25 10:17:52.098
2063202,63477560,11117402,25,2026-03-25,2026-03-25 14:37:59.999
2066102,68616983,11117402,29,2026-03-25,2026-03-25 16:25:47.069
2066102,73942835,11117402,9,2026-03-25,2026-03-25 11:27:29.294
2068602,72315226,11117402,14,2026-03-25,2026-03-25 12:45:04.235
2068602,71810828,11117402,15,2026-03-25,2026-03-25 16:43:10.697
2068602,69593416,11117402,14,2026-03-25,2026-03-25 08:00:00.521
2069702,70260972,11117402,4,2026-03-25,2026-03-25 15:36:49.750
2069702,70766677,11117402,14,2026-03-25,2026-03-25 13:06:14.616
2074702,77837316,11117402,10,2026-03-25,2026-03-25 15:53:10.288
2074702,76407300,11117402,29,2026-03-25,2026-03-25 09:50:29.850
2074702,76527080,11117402,24,2026-03-25,2026-03-25 09:22:08.003
2075802,77044213,11117402,29,2026-03-25,2026-03-25 10:33:09.181
2075802,221706773,11117402,14,2026-03-25,2026-03-25 16:38:36.483
2077702,200914659,11117402,29,2026-03-25,2026-03-25 10:01:12.863
2077702,200976066,11117402,29,2026-03-25,2026-03-25 12:37:53.801
2078402,87324159,11117402,14,2026-03-25,2026-03-25 10:33:09.892
2078402,88231983,11117402,13,2026-03-25,2026-03-25 08:44:10.884
2079102,203491170,11117402,14,2026-03-25,2026-03-25 10:45:07.901
2079302,84669715,11117402,4,2026-03-25,2026-03-25 13:09:16.846
2079302,84274988,11117402,10,2026-03-25,2026-03-25 08:07:17.254
2079302,200011513,11117402,29,2026-03-25,2026-03-25 18:07:58.083
2079402,203110864,11117402,4,2026-03-25,2026-03-25 13:52:02.777
2079402,83800758,11117402,29,2026-03-25,2026-03-25 10:40:29.549
2079402,85433292,11117402,14,2026-03-25,2026-03-25 15:53:52.851
2079402,86099899,11117402,24,2026-03-25,2026-03-25 22:54:27.876
2084102,205275918,11117402,15,2026-03-25,2026-03-25 23:07:18.105
2084102,205891242,11117402,4,2026-03-25,2026-03-25 11:24:00.614
2085302,207072109,11117402,25,2026-03-25,2026-03-25 08:00:00.689
2085302,209070981,11117402,29,2026-03-25,2026-03-25 20:31:14.087
2086302,208432223,11117402,25,2026-03-25,2026-03-25 09:49:12.447
2086302,208459853,11117402,14,2026-03-25,2026-03-25 21:30:39.426
2086302,207771845,11117402,4,2026-03-25,2026-03-25 09:12:19.978
2087402,212978154,11117402,14,2026-03-25,2026-03-25 08:00:48.757
2087402,212072978,11117402,10,2026-03-25,2026-03-25 15:16:33.071
2087402,210671446,11117402,4,2026-03-25,2026-03-25 22:12:20.575
2087402,211244156,11117402,4,2026-03-25,2026-03-25 08:34:12.889
2087402,211691265,11117402,29,2026-03-25,2026-03-25 17:45:43.721
2088202,211817775,11117402,29,2026-03-25,2026-03-25 09:20:19.932
2088302,210899656,11117402,14,2026-03-25,2026-03-25 14:19:10.246
2088802,213517567,11117402,10,2026-03-25,2026-03-25 09:06:29.060
2088802,213540253,11117402,29,2026-03-25,2026-03-25 10:34:06.694
2088902,214914361,11117402,10,2026-03-25,2026-03-25 09:40:51.314
2088902,213710005,11117402,4,2026-03-25,2026-03-25 08:00:00.748
2088902,213344685,11117402,4,2026-03-25,2026-03-25 10:57:32.707
2089202,212889085,11117402,14,2026-03-25,2026-03-25 19:36:44.922
2089802,215158243,11117402,10,2026-03-25,2026-03-25 08:05:00.370
2089802,214965207,11117402,14,2026-03-25,2026-03-25 08:52:46.105
2089802,215154060,11117402,29,2026-03-25,2026-03-25 09:14:49.918
2090002,216606276,11117402,10,2026-03-25,2026-03-25 11:14:29.470
2090402,215791173,11117402,14,2026-03-25,2026-03-25 20:52:37.709
2090402,216392556,11117402,4,2026-03-25,2026-03-25 11:34:16.302
2090402,216175391,11117402,10,2026-03-25,2026-03-25 12:39:53.114
2090402,216249080,11117402,4,2026-03-25,2026-03-25 08:33:34.805
2090402,214972540,11117402,15,2026-03-25,2026-03-25 08:43:58.643
2090402,216221503,11117402,29,2026-03-25,2026-03-25 13:32:35.431
2090402,216194998,11117402,15,2026-03-25,2026-03-25 08:56:58.922
2090902,217114077,11117402,15,2026-03-25,2026-03-25 08:27:20.913
2091102,217380833,11117402,10,2026-03-25,2026-03-25 11:19:15.280
2091102,217431631,11117402,4,2026-03-25,2026-03-25 12:03:46.151
2091102,217554550,11117402,4,2026-03-25,2026-03-25 13:54:34.767
2091102,217479044,11117402,10,2026-03-25,2026-03-25 10:16:14.064
2091202,217638034,11117402,10,2026-03-25,2026-03-25 08:05:48.840
2091202,217563600,11117402,4,2026-03-25,2026-03-25 16:53:52.453
2091202,217560311,11117402,4,2026-03-25,2026-03-25 11:40:43.551
2091202,217632368,11117402,10,2026-03-25,2026-03-25 18:41:19.610
2091302,217734433,11117402,4,2026-03-25,2026-03-25 19:43:50.304
2091802,218596467,11117402,29,2026-03-25,2026-03-25 15:40:59.442
2092002,219075642,11117402,29,2026-03-25,2026-03-25 14:51:09.590
2092002,219069764,11117402,10,2026-03-25,2026-03-25 12:27:49.753
2092202,219601977,11117402,14,2026-03-25,2026-03-25 13:30:58.552
2092302,219708276,11117402,10,2026-03-25,2026-03-25 11:45:06.685
2092302,219640670,11117402,4,2026-03-25,2026-03-25 21:43:28.883
2092302,219818959,11117402,11,2026-03-25,2026-03-25 08:14:33.467
2092402,219856253,11117402,29,2026-03-25,2026-03-25 10:14:37.507
2092402,220083986,11117402,4,2026-03-25,2026-03-25 09:08:17.811
2092502,220131079,11117402,4,2026-03-25,2026-03-25 10:21:23.988
2092602,220392936,11117402,29,2026-03-25,2026-03-25 08:00:00.634
2092602,220286219,11117402,10,2026-03-25,2026-03-25 12:42:25.490
2092602,220257994,11117402,4,2026-03-25,2026-03-25 14:47:55.310
2092702,220479496,11117402,15,2026-03-25,2026-03-25 08:00:38.777
2092702,220526640,11117402,10,2026-03-25,2026-03-25 09:14:02.809
2092702,220471163,11117402,4,2026-03-25,2026-03-25 14:18:55.575
2092702,220482807,11117402,14,2026-03-25,2026-03-25 13:04:50.580
2092702,220389218,11117402,19,2026-03-25,2026-03-25 08:08:17.199
2092802,220740454,11117402,14,2026-03-25,2026-03-25 14:21:57.416
2092802,220856086,11117402,4,2026-03-25,2026-03-25 08:47:07.831
2092802,220577834,11117402,17,2026-03-25,2026-03-25 09:06:51.530
2092802,220622754,11117402,15,2026-03-25,2026-03-25 09:02:11.143
2092802,220743555,11117402,15,2026-03-25,2026-03-25 22:37:34.699
2092802,220568276,11117402,10,2026-03-25,2026-03-25 10:30:27.309
2092802,220865127,11117402,14,2026-03-25,2026-03-25 12:37:23.442
2092802,220778151,11117402,29,2026-03-25,2026-03-25 10:44:56.849
2092802,220852404,11117402,14,2026-03-25,2026-03-25 09:33:14.495
2092802,220568074,11117402,14,2026-03-25,2026-03-25 10:05:18.915
2092902,220725620,11117402,29,2026-03-25,2026-03-25 10:22:56.433
2600502,123929106,11117402,14,2026-03-25,2026-03-25 13:00:43.937
2600502,123034587,11117402,29,2026-03-25,2026-03-25 11:41:16.681
2608102,220218615,11117402,15,2026-03-25,2026-03-25 08:43:43.923
2007202,7787494,11117402,14,2026-03-26,2026-03-26 05:59:53.574
2010102,9492440,11117402,4,2026-03-26,2026-03-26 06:57:19.271
2010102,6844884,11117402,10,2026-03-26,2026-03-26 07:30:43.936
2010302,9257195,11117402,10,2026-03-26,2026-03-26 23:12:05.868
2013402,9633396,11117402,15,2026-03-26,2026-03-26 00:12:07.710
2013402,9580459,11117402,14,2026-03-26,2026-03-26 07:36:42.515
2017802,12252590,11117402,29,2026-03-26,2026-03-26 00:51:28.506
2019202,11185703,11117402,4,2026-03-26,2026-03-26 00:02:56.696
2021902,15581627,11117402,4,2026-03-26,2026-03-26 00:08:21.797
2022002,14594888,11117402,14,2026-03-26,2026-03-26 13:15:34.649
2024402,21210005,11117402,29,2026-03-26,2026-03-26 03:05:14.000
2025502,19334221,11117402,29,2026-03-26,2026-03-26 00:18:58.925
2030502,23811967,11117402,14,2026-03-26,2026-03-26 16:20:23.708
2032002,26644639,11117402,29,2026-03-26,2026-03-26 02:47:50.707
2032402,27931306,11117402,29,2026-03-26,2026-03-26 21:36:05.392
2041002,33654539,11117402,4,2026-03-26,2026-03-26 01:11:46.735
2054202,46089616,11117402,14,2026-03-26,2026-03-26 12:54:45.390
2055802,48954813,11117402,29,2026-03-26,2026-03-26 03:28:10.921
2058302,52628839,11117402,4,2026-03-26,2026-03-26 04:14:39.985
2062402,64135802,11117402,10,2026-03-26,2026-03-26 03:12:52.764
2079102,203521644,11117402,4,2026-03-26,2026-03-26 03:17:22.046
2089202,213150429,11117402,4,2026-03-26,2026-03-26 06:45:02.505
2089802,215330313,11117402,10,2026-03-26,2026-03-26 02:40:41.384
2090402,216328753,11117402,29,2026-03-26,2026-03-26 04:14:31.113
2090402,214820411,11117402,10,2026-03-26,2026-03-26 18:27:13.641
2090802,216875915,11117402,20,2026-03-26,2026-03-26 03:37:05.493
2092102,219314346,11117402,4,2026-03-26,2026-03-26 09:28:57.971
2092202,219588717,11117402,14,2026-03-26,2026-03-26 00:05:15.094
2092302,219796247,11117402,14,2026-03-26,2026-03-26 02:01:11.878
2092602,220310024,11117402,10,2026-03-26,2026-03-26 08:49:50.604
2092802,220566740,11117402,4,2026-03-26,2026-03-26 03:40:42.779
2092802,220767853,11117402,4,2026-03-26,2026-03-26 15:30:20.161
2006102,4212141,11117402,4,2026-03-27,2026-03-27 23:30:50.196
2010302,9363384,11117402,4,2026-03-27,2026-03-27 12:54:16.655
2013602,10636189,11117402,29,2026-03-27,2026-03-27 22:41:32.201
2016902,9483861,11117402,15,2026-03-27,2026-03-27 04:51:33.392
2025502,18497070,11117402,4,2026-03-27,2026-03-27 10:26:24.004
2027002,22702681,11117402,29,2026-03-27,2026-03-27 16:36:10.898
2037402,30870783,11117402,3,2026-03-27,2026-03-27 00:42:29.746
2058302,51628574,11117402,4,2026-03-27,2026-03-27 01:44:59.967
2060902,58428003,11117402,4,2026-03-27,2026-03-27 07:39:35.405
2078702,87858224,11117402,15,2026-03-27,2026-03-27 13:45:57.086
2088302,212496431,11117402,4,2026-03-27,2026-03-27 14:37:00.862
2091202,217591631,11117402,29,2026-03-27,2026-03-27 12:37:10.089
2092902,220693634,11117402,29,2026-03-27,2026-03-27 03:07:02.141
2604402,205775862,11117402,15,2026-03-27,2026-03-27 11:41:05.565
2029902,21026765,11117402,29,2026-03-28,2026-03-28 18:38:47.204
2052502,43705449,11117402,11,2026-03-28,2026-03-28 17:50:03.303
2086302,208447448,11117402,4,2026-03-28,2026-03-28 10:57:17.624
2091402,217915280,11117402,14,2026-03-28,2026-03-28 09:17:07.939
2077702,201722326,11117402,29,2026-03-29,2026-03-29 00:39:25.197
2092302,219705226,11117402,4,2026-03-29,2026-03-29 21:47:57.692
2006102,3292838,11117402,14,2026-03-30,2026-03-30 08:04:06.463
2012402,9118756,11117402,29,2026-03-30,2026-03-30 08:00:10.596
2021902,14302591,11117402,15,2026-03-30,2026-03-30 08:03:32.099
2022002,15364202,11117402,4,2026-03-30,2026-03-30 08:04:22.112
2027002,20097877,11117402,14,2026-03-30,2026-03-30 08:03:36.228
2031402,29238599,11117402,4,2026-03-30,2026-03-30 08:03:54.803
2032002,24729085,11117402,10,2026-03-30,2026-03-30 08:05:09.160
2032402,28165463,11117402,15,2026-03-30,2026-03-30 08:01:04.676
2033202,26475280,11117402,4,2026-03-30,2026-03-30 08:05:02.344
2033202,25921923,11117402,4,2026-03-30,2026-03-30 03:12:52.151
2038602,33172032,11117402,15,2026-03-30,2026-03-30 08:03:46.006
2052502,49494431,11117402,4,2026-03-30,2026-03-30 08:04:35.049
2052502,49489342,11117402,4,2026-03-30,2026-03-30 08:03:57.465
2054002,54940736,11117402,10,2026-03-30,2026-03-30 08:00:19.914
2055302,47460245,11117402,14,2026-03-30,2026-03-30 08:00:24.200
2055802,48242635,11117402,4,2026-03-30,2026-03-30 02:37:37.019
2068602,72635564,11117402,10,2026-03-30,2026-03-30 08:04:27.725
2073702,73398103,11117402,4,2026-03-30,2026-03-30 03:49:41.100
2074702,77787575,11117402,15,2026-03-30,2026-03-30 08:03:25.512
2077002,200477543,11117402,15,2026-03-30,2026-03-30 08:03:18.112
2078702,82167794,11117402,29,2026-03-30,2026-03-30 18:10:05.185
2088302,210874664,11117402,15,2026-03-30,2026-03-30 08:00:06.234
2605102,207820001,11117402,10,2026-03-30,2026-03-30 08:03:22.780
2001408,218964092,11117402,29,2026-03-31,2026-03-31 08:59:17.757
2006102,4501842,11117402,15,2026-03-31,2026-03-31 09:27:03.241
2006102,3955240,11117402,10,2026-03-31,2026-03-31 12:58:08.902
2006102,3956815,11117402,15,2026-03-31,2026-03-31 19:07:38.375
2006102,4518794,11117402,10,2026-03-31,2026-03-31 10:34:50.986
2006402,8160573,11117402,4,2026-03-31,2026-03-31 17:49:18.036
2006402,11092474,11117402,29,2026-03-31,2026-03-31 12:38:35.459
2006402,8012761,11117402,29,2026-03-31,2026-03-31 08:02:38.051
2006402,4639371,11117402,15,2026-03-31,2026-03-31 13:44:59.479
2006702,7339349,11117402,14,2026-03-31,2026-03-31 15:10:51.644
2006702,3687622,11117402,4,2026-03-31,2026-03-31 08:18:06.810
2006702,7631259,11117402,4,2026-03-31,2026-03-31 20:15:15.933
2007202,8072619,11117402,10,2026-03-31,2026-03-31 23:09:37.842
2007202,7122376,11117402,4,2026-03-31,2026-03-31 08:25:52.919
2007202,5197394,11117402,29,2026-03-31,2026-03-31 20:37:07.735
2007202,7156815,11117402,15,2026-03-31,2026-03-31 08:20:16.884
2008502,5736251,11117402,4,2026-03-31,2026-03-31 15:44:03.621
2008502,7269796,11117402,29,2026-03-31,2026-03-31 09:04:55.253
2008502,5851739,11117402,4,2026-03-31,2026-03-31 10:06:53.973
2008502,5778667,11117402,10,2026-03-31,2026-03-31 11:29:13.617
2008502,7269796,11117402,14,2026-03-31,2026-03-31 09:05:49.020
2008502,7214009,11117402,29,2026-03-31,2026-03-31 12:07:20.671
2008502,6000947,11117402,14,2026-03-31,2026-03-31 11:29:29.655
2010102,7668124,11117402,14,2026-03-31,2026-03-31 12:34:13.612
2010102,7719081,11117402,29,2026-03-31,2026-03-31 21:29:45.226
2010102,7684652,11117402,29,2026-03-31,2026-03-31 12:47:25.976
2010102,6827693,11117402,4,2026-03-31,2026-03-31 08:00:00.489
2010102,47478138,11117402,10,2026-03-31,2026-03-31 13:23:33.136
2010102,7668124,11117402,29,2026-03-31,2026-03-31 12:35:09.452
2010108,216591355,11117402,4,2026-03-31,2026-03-31 13:51:44.302
2010108,212663492,11117402,15,2026-03-31,2026-03-31 13:52:51.897
2010108,216128242,11117402,10,2026-03-31,2026-03-31 09:16:26.685
2010108,214070581,11117402,15,2026-03-31,2026-03-31 12:54:38.273
2010108,213165338,11117402,4,2026-03-31,2026-03-31 21:56:08.707
2010108,216606276,11117402,10,2026-03-31,2026-03-31 09:44:19.249
2010108,214910070,11117402,10,2026-03-31,2026-03-31 10:30:52.280
2010108,213360179,11117402,2,2026-03-31,2026-03-31 13:36:08.402
2010108,216061899,11117402,15,2026-03-31,2026-03-31 08:00:00.364
2010108,215164277,11117402,15,2026-03-31,2026-03-31 11:00:39.470
2010108,215213554,11117402,15,2026-03-31,2026-03-31 09:21:38.587
2010108,216529889,11117402,15,2026-03-31,2026-03-31 11:49:43.659
2010302,9339576,11117402,15,2026-03-31,2026-03-31 13:25:49.580
2010302,9146798,11117402,15,2026-03-31,2026-03-31 11:26:23.450
2012102,10605582,11117402,14,2026-03-31,2026-03-31 10:00:31.707
2012102,6225227,11117402,4,2026-03-31,2026-03-31 08:28:52.147
2012102,6561279,11117402,10,2026-03-31,2026-03-31 08:34:29.244
2012302,7912336,11117402,10,2026-03-31,2026-03-31 11:51:19.840
2012302,8226888,11117402,4,2026-03-31,2026-03-31 16:02:14.186
2012302,9030564,11117402,15,2026-03-31,2026-03-31 09:36:48.781
2012302,8542215,11117402,4,2026-03-31,2026-03-31 08:23:46.969
2012302,8452753,11117402,29,2026-03-31,2026-03-31 14:56:46.933
2012302,3203434,11117402,4,2026-03-31,2026-03-31 12:58:18.575
2012302,9037759,11117402,29,2026-03-31,2026-03-31 08:01:53.159
2012402,5430097,11117402,29,2026-03-31,2026-03-31 08:04:01.128
2012402,3565461,11117402,29,2026-03-31,2026-03-31 16:10:13.154
2012402,8937243,11117402,4,2026-03-31,2026-03-31 08:17:16.783
2012402,5449769,11117402,10,2026-03-31,2026-03-31 18:41:26.722
2013402,8327905,11117402,23,2026-03-31,2026-03-31 13:42:39.809
2013402,9773456,11117402,4,2026-03-31,2026-03-31 17:56:51.723
2013402,10072707,11117402,8,2026-03-31,2026-03-31 19:18:16.527
2013402,10071274,11117402,29,2026-03-31,2026-03-31 12:23:03.072
2013402,9634253,11117402,18,2026-03-31,2026-03-31 19:05:15.548
2013402,10071274,11117402,29,2026-03-31,2026-03-31 12:28:37.119
2013402,10069996,11117402,15,2026-03-31,2026-03-31 08:45:23.307
2013402,23315171,11117402,4,2026-03-31,2026-03-31 10:40:00.407
2013602,9435357,11117402,29,2026-03-31,2026-03-31 12:10:37.580
2013602,9435357,11117402,29,2026-03-31,2026-03-31 12:10:03.339
2013602,9372966,11117402,4,2026-03-31,2026-03-31 18:08:53.102
2013602,9722318,11117402,25,2026-03-31,2026-03-31 19:41:10.672
2013602,9871704,11117402,4,2026-03-31,2026-03-31 09:32:08.299
2013602,10180870,11117402,15,2026-03-31,2026-03-31 08:00:00.339
2014502,13579540,11117402,25,2026-03-31,2026-03-31 09:36:54.656
2014502,10547810,11117402,29,2026-03-31,2026-03-31 21:59:42.689
2014502,13646884,11117402,29,2026-03-31,2026-03-31 14:33:52.256
2015702,13489561,11117402,4,2026-03-31,2026-03-31 10:37:32.080
2015702,14051302,11117402,10,2026-03-31,2026-03-31 17:15:14.761
2015702,10838477,11117402,4,2026-03-31,2026-03-31 16:42:10.977
2015702,15924453,11117402,87,2026-03-31,2026-03-31 08:50:49.705
2015702,14038457,11117402,29,2026-03-31,2026-03-31 19:25:13.208
2015702,11001270,11117402,15,2026-03-31,2026-03-31 09:56:31.507
2015702,14911843,11117402,29,2026-03-31,2026-03-31 11:12:24.103
2015702,14911843,11117402,29,2026-03-31,2026-03-31 11:12:03.205
2015702,14227795,11117402,22,2026-03-31,2026-03-31 12:13:33.739
2015702,14038457,11117402,29,2026-03-31,2026-03-31 19:26:34.238
2016902,12180136,11117402,4,2026-03-31,2026-03-31 20:14:20.888
2016902,12180136,11117402,4,2026-03-31,2026-03-31 20:05:24.519
2016902,11455472,11117402,25,2026-03-31,2026-03-31 08:27:31.154
2016902,11344811,11117402,4,2026-03-31,2026-03-31 12:04:11.420
2016902,10717415,11117402,4,2026-03-31,2026-03-31 10:29:39.372
2017802,11624693,11117402,4,2026-03-31,2026-03-31 08:46:25.422
2017802,12252590,11117402,4,2026-03-31,2026-03-31 15:59:59.772
2017802,14626006,11117402,10,2026-03-31,2026-03-31 09:52:34.389
2017802,12252590,11117402,4,2026-03-31,2026-03-31 16:01:42.778
2017802,16234638,11117402,10,2026-03-31,2026-03-31 16:26:54.067
2018202,11289390,11117402,10,2026-03-31,2026-03-31 10:51:49.512
2018202,12495012,11117402,4,2026-03-31,2026-03-31 08:14:32.058
2018202,12321169,11117402,4,2026-03-31,2026-03-31 11:57:58.552
2018202,12495012,11117402,29,2026-03-31,2026-03-31 08:07:59.018
2018202,12986866,11117402,4,2026-03-31,2026-03-31 09:28:28.912
2018202,12472432,11117402,15,2026-03-31,2026-03-31 12:48:15.603
2018502,16988379,11117402,4,2026-03-31,2026-03-31 19:24:10.010
2018502,17146082,11117402,15,2026-03-31,2026-03-31 08:09:30.877
2018502,12673676,11117402,29,2026-03-31,2026-03-31 10:07:47.860
2018502,12673676,11117402,4,2026-03-31,2026-03-31 10:08:18.249
2018502,17072178,11117402,10,2026-03-31,2026-03-31 10:43:37.630
2018602,11835901,11117402,87,2026-03-31,2026-03-31 13:57:41.541
2018602,30806398,11117402,4,2026-03-31,2026-03-31 11:55:13.572
2018602,11493440,11117402,4,2026-03-31,2026-03-31 13:58:44.732
2019202,13122282,11117402,4,2026-03-31,2026-03-31 15:04:00.864
2019202,11873196,11117402,4,2026-03-31,2026-03-31 12:11:34.640
2019202,13075258,11117402,4,2026-03-31,2026-03-31 13:39:09.016
2019202,13488403,11117402,4,2026-03-31,2026-03-31 14:44:41.710
2021902,19068760,11117402,25,2026-03-31,2026-03-31 09:30:48.060
2022002,16506490,11117402,29,2026-03-31,2026-03-31 10:06:31.491
2022002,16213463,11117402,4,2026-03-31,2026-03-31 12:30:21.459
2022002,14657960,11117402,4,2026-03-31,2026-03-31 14:03:45.734
2022002,16506490,11117402,29,2026-03-31,2026-03-31 10:06:56.671
2022002,14547240,11117402,29,2026-03-31,2026-03-31 16:07:37.920
2023502,13284717,11117402,4,2026-03-31,2026-03-31 22:27:52.188
2023502,17195349,11117402,25,2026-03-31,2026-03-31 11:19:43.347
2023502,17645731,11117402,29,2026-03-31,2026-03-31 08:44:54.882
2023502,11514791,11117402,4,2026-03-31,2026-03-31 13:35:49.105
2023502,15112189,11117402,14,2026-03-31,2026-03-31 17:37:21.162
2023502,15796043,11117402,4,2026-03-31,2026-03-31 10:53:04.910
2023502,15792507,11117402,15,2026-03-31,2026-03-31 17:48:37.902
2023502,17645731,11117402,29,2026-03-31,2026-03-31 11:42:26.665
2024402,21210005,11117402,29,2026-03-31,2026-03-31 10:43:04.664
2024402,20065072,11117402,14,2026-03-31,2026-03-31 11:17:53.589
2024402,21210005,11117402,29,2026-03-31,2026-03-31 10:44:50.636
2024502,22350763,11117402,4,2026-03-31,2026-03-31 08:02:30.755
2024502,22623571,11117402,10,2026-03-31,2026-03-31 09:17:50.073
2024502,18234799,11117402,14,2026-03-31,2026-03-31 14:43:09.616
2024502,17392012,11117402,29,2026-03-31,2026-03-31 11:25:08.471
2024502,18315228,11117402,29,2026-03-31,2026-03-31 16:47:31.787
2024502,17392012,11117402,25,2026-03-31,2026-03-31 11:24:00.901
2024502,18234799,11117402,25,2026-03-31,2026-03-31 14:38:57.488
2024502,18224157,11117402,14,2026-03-31,2026-03-31 11:19:00.689
2024502,22653584,11117402,15,2026-03-31,2026-03-31 12:26:11.810
2024702,18580605,11117402,29,2026-03-31,2026-03-31 09:46:04.085
2025502,18504836,11117402,10,2026-03-31,2026-03-31 12:04:35.580
2025502,18679728,11117402,4,2026-03-31,2026-03-31 11:45:10.927
2025502,20827165,11117402,14,2026-03-31,2026-03-31 22:58:44.417
2025502,18560059,11117402,4,2026-03-31,2026-03-31 08:20:10.241
2025502,18146919,11117402,4,2026-03-31,2026-03-31 23:56:17.459
2025502,19113483,11117402,15,2026-03-31,2026-03-31 10:55:22.032
2025502,18033086,11117402,25,2026-03-31,2026-03-31 10:19:21.706
2026002,19084554,11117402,10,2026-03-31,2026-03-31 10:51:22.880
2026002,18951155,11117402,4,2026-03-31,2026-03-31 17:55:24.012
2026002,19084554,11117402,4,2026-03-31,2026-03-31 10:47:25.127
2026002,19047456,11117402,10,2026-03-31,2026-03-31 16:12:24.180
2027002,20861187,11117402,10,2026-03-31,2026-03-31 10:43:26.000
2027002,20610030,11117402,14,2026-03-31,2026-03-31 10:10:01.436
2027002,20353072,11117402,10,2026-03-31,2026-03-31 19:31:02.244
2027002,22717485,11117402,14,2026-03-31,2026-03-31 19:22:13.850
2027002,19911485,11117402,4,2026-03-31,2026-03-31 14:06:31.400
2028602,17318536,11117402,29,2026-03-31,2026-03-31 13:36:25.191
2028602,21760041,11117402,4,2026-03-31,2026-03-31 19:47:16.001
2028602,20998101,11117402,29,2026-03-31,2026-03-31 22:20:46.407
2028602,17287093,11117402,4,2026-03-31,2026-03-31 10:18:01.358
2029902,20135906,11117402,4,2026-03-31,2026-03-31 14:45:49.493
2029902,21256242,11117402,29,2026-03-31,2026-03-31 09:04:01.323
2029902,21026765,11117402,29,2026-03-31,2026-03-31 10:25:43.433
2029902,22275402,11117402,29,2026-03-31,2026-03-31 11:50:38.724
2029902,22965502,11117402,4,2026-03-31,2026-03-31 08:32:22.509
2029902,19934713,11117402,15,2026-03-31,2026-03-31 08:58:17.678
2029902,22275402,11117402,4,2026-03-31,2026-03-31 11:50:17.171
2029902,19934713,11117402,14,2026-03-31,2026-03-31 12:47:35.325
2029902,20247205,11117402,29,2026-03-31,2026-03-31 19:16:13.715
2030002,23424006,11117402,4,2026-03-31,2026-03-31 10:12:57.810
2030002,23173683,11117402,4,2026-03-31,2026-03-31 10:25:02.275
2030002,25972832,11117402,29,2026-03-31,2026-03-31 20:55:08.058
2030502,24670288,11117402,29,2026-03-31,2026-03-31 08:09:23.926
2030502,24670288,11117402,15,2026-03-31,2026-03-31 08:09:08.681
2030502,23350328,11117402,4,2026-03-31,2026-03-31 10:19:22.692
2030502,23316245,11117402,10,2026-03-31,2026-03-31 10:42:55.667
2031402,25752082,11117402,4,2026-03-31,2026-03-31 11:27:33.223
2031402,24139730,11117402,15,2026-03-31,2026-03-31 14:01:51.076
2031402,27150518,11117402,29,2026-03-31,2026-03-31 23:57:29.236
2031402,25675613,11117402,29,2026-03-31,2026-03-31 08:35:47.010
2032002,25642564,11117402,29,2026-03-31,2026-03-31 21:00:45.818
2032002,25642564,11117402,4,2026-03-31,2026-03-31 21:01:59.244
2032002,26618971,11117402,4,2026-03-31,2026-03-31 19:02:54.982
2032402,27635827,11117402,15,2026-03-31,2026-03-31 12:19:50.529
2032402,27909564,11117402,29,2026-03-31,2026-03-31 11:57:57.091
2033202,26483382,11117402,4,2026-03-31,2026-03-31 13:03:21.552
2033202,27179212,11117402,25,2026-03-31,2026-03-31 11:05:09.519
2033902,21071657,11117402,15,2026-03-31,2026-03-31 15:35:59.079
2033902,26596776,11117402,29,2026-03-31,2026-03-31 08:59:46.901
2033902,21840540,11117402,25,2026-03-31,2026-03-31 13:22:41.783
2033902,26596776,11117402,29,2026-03-31,2026-03-31 09:03:55.971
2033902,21105885,11117402,4,2026-03-31,2026-03-31 08:08:18.992
2037402,36439403,11117402,29,2026-03-31,2026-03-31 12:17:23.636
2037402,33704130,11117402,10,2026-03-31,2026-03-31 18:53:30.093
2037402,33359352,11117402,8,2026-03-31,2026-03-31 11:45:45.610
2037402,33809175,11117402,29,2026-03-31,2026-03-31 09:24:30.502
2037402,33809175,11117402,29,2026-03-31,2026-03-31 09:26:15.931
2038602,31672508,11117402,4,2026-03-31,2026-03-31 15:12:43.621
2038602,34631138,11117402,58,2026-03-31,2026-03-31 11:09:07.633
2038602,31477972,11117402,4,2026-03-31,2026-03-31 11:04:15.582
2038602,34286887,11117402,14,2026-03-31,2026-03-31 11:10:28.423
2038602,34537037,11117402,29,2026-03-31,2026-03-31 08:24:35.142
2038602,34404342,11117402,15,2026-03-31,2026-03-31 08:41:15.381
2038602,34537037,11117402,29,2026-03-31,2026-03-31 08:23:14.168
2038602,33120427,11117402,14,2026-03-31,2026-03-31 11:48:03.452
2038602,32970084,11117402,29,2026-03-31,2026-03-31 15:58:58.771
2038602,34031723,11117402,4,2026-03-31,2026-03-31 14:16:50.082
2039502,31564145,11117402,15,2026-03-31,2026-03-31 22:03:55.234
2039502,31903209,11117402,10,2026-03-31,2026-03-31 11:43:15.116
2039502,33024652,11117402,14,2026-03-31,2026-03-31 14:56:51.515
2039502,31770614,11117402,4,2026-03-31,2026-03-31 09:35:10.527
2039502,31582450,11117402,14,2026-03-31,2026-03-31 12:14:06.145
2039502,31903502,11117402,29,2026-03-31,2026-03-31 11:00:00.263
2039502,31888806,11117402,29,2026-03-31,2026-03-31 20:15:19.586
2039502,29871584,11117402,10,2026-03-31,2026-03-31 17:49:00.640
2041002,33720456,11117402,4,2026-03-31,2026-03-31 08:11:34.029
2041002,29241979,11117402,10,2026-03-31,2026-03-31 13:50:40.792
2041002,35472678,11117402,29,2026-03-31,2026-03-31 19:22:28.625
2041002,33720456,11117402,4,2026-03-31,2026-03-31 08:11:13.376
2041002,15138155,11117402,10,2026-03-31,2026-03-31 08:22:57.069
2041002,35472678,11117402,29,2026-03-31,2026-03-31 19:21:56.518
2041002,33165300,11117402,4,2026-03-31,2026-03-31 09:00:56.465
2041002,32789846,11117402,23,2026-03-31,2026-03-31 08:18:02.098
2043802,30595225,11117402,4,2026-03-31,2026-03-31 12:13:41.154
2043802,30679517,11117402,29,2026-03-31,2026-03-31 12:37:00.723
2043802,35237732,11117402,14,2026-03-31,2026-03-31 08:00:00.734
2043802,35237732,11117402,29,2026-03-31,2026-03-31 09:59:24.801
2043802,35517908,11117402,15,2026-03-31,2026-03-31 09:23:42.261
2044602,36103065,11117402,29,2026-03-31,2026-03-31 11:17:51.474
2044602,35945548,11117402,29,2026-03-31,2026-03-31 18:00:35.381
2044602,35945548,11117402,29,2026-03-31,2026-03-31 18:00:59.474
2044602,39475626,11117402,25,2026-03-31,2026-03-31 10:51:25.709
2044602,36100391,11117402,15,2026-03-31,2026-03-31 13:39:44.266
2044602,36383669,11117402,4,2026-03-31,2026-03-31 11:01:29.511
2044602,36100391,11117402,10,2026-03-31,2026-03-31 13:32:01.119
2044602,36094522,11117402,15,2026-03-31,2026-03-31 18:18:12.096
2044602,36383669,11117402,4,2026-03-31,2026-03-31 08:27:16.024
2044602,36103065,11117402,29,2026-03-31,2026-03-31 11:18:48.343
2046502,38784518,11117402,4,2026-03-31,2026-03-31 10:16:54.963
2046502,38541239,11117402,10,2026-03-31,2026-03-31 18:44:19.317
2046502,38548386,11117402,43,2026-03-31,2026-03-31 13:16:37.642
2047102,39290153,11117402,4,2026-03-31,2026-03-31 11:27:50.834
2047102,38961671,11117402,4,2026-03-31,2026-03-31 14:47:18.250
2047102,39399666,11117402,10,2026-03-31,2026-03-31 08:02:40.617
2047102,39166061,11117402,29,2026-03-31,2026-03-31 14:10:42.756
2047102,38138221,11117402,29,2026-03-31,2026-03-31 09:08:05.382
2047102,7577633,11117402,29,2026-03-31,2026-03-31 08:18:21.402
2047102,36911926,11117402,15,2026-03-31,2026-03-31 11:37:33.811
2047102,37279442,11117402,4,2026-03-31,2026-03-31 08:34:24.752
2047102,38186232,11117402,29,2026-03-31,2026-03-31 14:19:53.453
2047102,38961671,11117402,15,2026-03-31,2026-03-31 14:47:56.433
2047102,38186031,11117402,10,2026-03-31,2026-03-31 12:00:29.339
2047102,38999353,11117402,29,2026-03-31,2026-03-31 18:41:37.428
2047102,36965778,11117402,29,2026-03-31,2026-03-31 10:05:27.944
2047102,36965778,11117402,14,2026-03-31,2026-03-31 10:19:11.620
2047502,38489121,11117402,10,2026-03-31,2026-03-31 13:57:56.704
2047502,38070099,11117402,14,2026-03-31,2026-03-31 15:23:32.786
2049702,40342119,11117402,29,2026-03-31,2026-03-31 18:20:04.424
2049702,41703085,11117402,10,2026-03-31,2026-03-31 21:26:16.303
2049702,39713274,11117402,10,2026-03-31,2026-03-31 20:41:30.752
2049702,38623963,11117402,25,2026-03-31,2026-03-31 08:00:36.722
2049702,40342119,11117402,29,2026-03-31,2026-03-31 12:17:43.336
2050502,39828626,11117402,29,2026-03-31,2026-03-31 14:38:33.767
2050502,41235708,11117402,10,2026-03-31,2026-03-31 19:58:28.836
2050802,40448845,11117402,10,2026-03-31,2026-03-31 08:18:24.771
2050802,40369099,11117402,4,2026-03-31,2026-03-31 22:09:15.426
2050802,40558089,11117402,4,2026-03-31,2026-03-31 09:01:40.095
2050802,40267233,11117402,29,2026-03-31,2026-03-31 12:36:02.040
2050802,41489768,11117402,4,2026-03-31,2026-03-31 10:58:08.046
2051002,37634758,11117402,29,2026-03-31,2026-03-31 18:04:49.039
2051002,37777943,11117402,4,2026-03-31,2026-03-31 09:13:15.858
2051002,38332753,11117402,10,2026-03-31,2026-03-31 10:10:59.776
2051002,37857182,11117402,15,2026-03-31,2026-03-31 10:13:32.065
2051002,41448533,11117402,38,2026-03-31,2026-03-31 13:33:08.078
2051002,38332753,11117402,15,2026-03-31,2026-03-31 10:15:40.070
2051002,41811660,11117402,4,2026-03-31,2026-03-31 12:59:42.787
2051302,54274604,11117402,29,2026-03-31,2026-03-31 10:18:41.440
2051302,42857039,11117402,10,2026-03-31,2026-03-31 21:02:04.894
2051302,42235454,11117402,44,2026-03-31,2026-03-31 21:26:51.415
2051302,42147446,11117402,29,2026-03-31,2026-03-31 12:22:12.507
2051302,54274604,11117402,6,2026-03-31,2026-03-31 10:15:16.730
2051302,49229750,11117402,10,2026-03-31,2026-03-31 11:05:31.936
2051302,42147446,11117402,29,2026-03-31,2026-03-31 12:23:18.740
2051302,42157224,11117402,15,2026-03-31,2026-03-31 14:53:14.306
2052502,49866549,11117402,4,2026-03-31,2026-03-31 20:00:51.788
2052502,43655670,11117402,10,2026-03-31,2026-03-31 22:21:32.619
2052502,43655670,11117402,4,2026-03-31,2026-03-31 17:54:01.290
2052502,44670969,11117402,4,2026-03-31,2026-03-31 20:29:01.656
2052502,43785598,11117402,29,2026-03-31,2026-03-31 10:58:25.513
2052502,44563694,11117402,4,2026-03-31,2026-03-31 20:58:39.180
2052502,42926142,11117402,14,2026-03-31,2026-03-31 16:01:53.927
2052702,44224418,11117402,4,2026-03-31,2026-03-31 15:22:28.404
2052702,43481378,11117402,4,2026-03-31,2026-03-31 20:52:31.061
2052702,52216301,11117402,4,2026-03-31,2026-03-31 14:52:48.590
2052702,50534664,11117402,29,2026-03-31,2026-03-31 09:36:10.860
2052702,50534664,11117402,29,2026-03-31,2026-03-31 08:00:00.688
2052702,44205032,11117402,14,2026-03-31,2026-03-31 10:55:08.052
2052702,43866835,11117402,29,2026-03-31,2026-03-31 11:30:03.851
2052702,56172163,11117402,29,2026-03-31,2026-03-31 14:58:33.480
2054002,43943176,11117402,4,2026-03-31,2026-03-31 15:30:00.821
2054002,44437762,11117402,29,2026-03-31,2026-03-31 13:40:46.373
2054002,44009394,11117402,4,2026-03-31,2026-03-31 10:46:49.760
2054002,44437762,11117402,29,2026-03-31,2026-03-31 13:42:37.025
2054002,44881393,11117402,29,2026-03-31,2026-03-31 17:12:06.366
2054002,44009394,11117402,29,2026-03-31,2026-03-31 10:52:09.047
2054002,56106685,11117402,15,2026-03-31,2026-03-31 12:12:18.063
2054002,56079415,11117402,4,2026-03-31,2026-03-31 08:12:18.781
2054202,46497364,11117402,15,2026-03-31,2026-03-31 13:10:07.710
2054202,46244488,11117402,4,2026-03-31,2026-03-31 19:37:23.774
2054202,46707680,11117402,4,2026-03-31,2026-03-31 12:41:57.313
2054202,46693597,11117402,10,2026-03-31,2026-03-31 14:04:53.654
2054202,46561134,11117402,29,2026-03-31,2026-03-31 09:16:25.016
2054202,46308238,11117402,10,2026-03-31,2026-03-31 19:29:12.336
2054202,45700479,11117402,29,2026-03-31,2026-03-31 12:14:51.869
2054202,46493607,11117402,29,2026-03-31,2026-03-31 18:51:49.457
2054202,46561134,11117402,29,2026-03-31,2026-03-31 09:14:41.986
2055302,42406395,11117402,29,2026-03-31,2026-03-31 09:39:34.285
2055302,47547819,11117402,14,2026-03-31,2026-03-31 10:17:55.106
2055302,42683155,11117402,4,2026-03-31,2026-03-31 13:44:26.360
2055302,47433954,11117402,15,2026-03-31,2026-03-31 10:04:15.273
2055302,47476365,11117402,14,2026-03-31,2026-03-31 13:45:19.771
2055302,42329058,11117402,15,2026-03-31,2026-03-31 14:19:01.737
2055302,43415574,11117402,15,2026-03-31,2026-03-31 08:37:48.996
2055302,42406395,11117402,4,2026-03-31,2026-03-31 09:37:37.896
2055302,42329058,11117402,29,2026-03-31,2026-03-31 10:01:56.253
2055802,50863133,11117402,4,2026-03-31,2026-03-31 17:19:57.052
2055802,50406467,11117402,14,2026-03-31,2026-03-31 12:35:46.738
2055802,48123842,11117402,29,2026-03-31,2026-03-31 08:00:00.937
2055802,48123842,11117402,29,2026-03-31,2026-03-31 13:21:18.441
2055802,48248561,11117402,4,2026-03-31,2026-03-31 14:00:56.886
2055802,50100879,11117402,15,2026-03-31,2026-03-31 14:01:22.360
2055802,48954813,11117402,4,2026-03-31,2026-03-31 13:08:21.522
2055802,53170351,11117402,14,2026-03-31,2026-03-31 08:03:12.262
2055802,48267190,11117402,10,2026-03-31,2026-03-31 10:38:10.822
2055802,50940025,11117402,29,2026-03-31,2026-03-31 12:03:09.374
2055802,48248561,11117402,4,2026-03-31,2026-03-31 14:01:07.050
2055802,53170351,11117402,14,2026-03-31,2026-03-31 08:04:35.618
2055802,50940025,11117402,29,2026-03-31,2026-03-31 12:06:04.296
2055802,50726628,11117402,4,2026-03-31,2026-03-31 12:32:27.384
2056102,45052970,11117402,10,2026-03-31,2026-03-31 16:06:30.732
2056102,45077858,11117402,14,2026-03-31,2026-03-31 08:49:59.731
2056102,53016855,11117402,29,2026-03-31,2026-03-31 23:45:33.457
2058302,48811209,11117402,14,2026-03-31,2026-03-31 14:42:13.245
2058302,52770969,11117402,4,2026-03-31,2026-03-31 12:34:39.080
2058302,49607696,11117402,29,2026-03-31,2026-03-31 10:59:26.015
2058302,52505272,11117402,10,2026-03-31,2026-03-31 10:28:33.643
2058302,51564845,11117402,29,2026-03-31,2026-03-31 13:36:33.894
2058302,51338998,11117402,14,2026-03-31,2026-03-31 08:36:19.234
2058302,48811209,11117402,15,2026-03-31,2026-03-31 14:44:45.069
2058302,51564845,11117402,29,2026-03-31,2026-03-31 13:33:06.974
2058302,52575999,11117402,10,2026-03-31,2026-03-31 21:28:47.011
2058302,52770969,11117402,4,2026-03-31,2026-03-31 12:37:03.220
2058402,52740332,11117402,15,2026-03-31,2026-03-31 10:00:31.358
2058402,57674712,11117402,4,2026-03-31,2026-03-31 22:41:27.976
2058402,56406903,11117402,29,2026-03-31,2026-03-31 11:18:37.868
2058402,47827094,11117402,29,2026-03-31,2026-03-31 20:30:50.154
2058402,52733037,11117402,4,2026-03-31,2026-03-31 09:05:39.374
2058402,47827094,11117402,29,2026-03-31,2026-03-31 18:42:17.837
2058402,53189663,11117402,4,2026-03-31,2026-03-31 08:45:35.235
2058402,56406903,11117402,29,2026-03-31,2026-03-31 11:24:36.672
2058402,47616344,11117402,4,2026-03-31,2026-03-31 09:46:47.738
2058802,48439386,11117402,15,2026-03-31,2026-03-31 08:02:42.799
2058802,48482613,11117402,4,2026-03-31,2026-03-31 08:40:01.902
2058802,47148619,11117402,15,2026-03-31,2026-03-31 13:23:28.516
2058802,48375215,11117402,10,2026-03-31,2026-03-31 10:43:42.912
2060302,65821560,11117402,14,2026-03-31,2026-03-31 15:49:16.056
2060302,65098142,11117402,4,2026-03-31,2026-03-31 15:27:36.359
2060302,63829245,11117402,14,2026-03-31,2026-03-31 08:11:42.119
2060302,56841369,11117402,15,2026-03-31,2026-03-31 09:46:44.228
2060902,59884229,11117402,14,2026-03-31,2026-03-31 21:18:49.513
2060902,61903830,11117402,4,2026-03-31,2026-03-31 16:37:28.967
2060902,61935856,11117402,29,2026-03-31,2026-03-31 17:57:24.127
2060902,59793165,11117402,29,2026-03-31,2026-03-31 21:43:52.896
2061402,60118287,11117402,10,2026-03-31,2026-03-31 10:17:42.336
2061402,59570249,11117402,4,2026-03-31,2026-03-31 09:53:12.228
2061402,57015847,11117402,4,2026-03-31,2026-03-31 17:30:21.643
2061402,62462682,11117402,4,2026-03-31,2026-03-31 12:50:58.180
2061402,60239137,11117402,4,2026-03-31,2026-03-31 08:35:50.328
2061402,60118287,11117402,29,2026-03-31,2026-03-31 10:23:07.420
2061402,57713820,11117402,4,2026-03-31,2026-03-31 23:20:07.712
2062402,64211197,11117402,10,2026-03-31,2026-03-31 10:41:22.991
2062402,61228990,11117402,14,2026-03-31,2026-03-31 18:51:30.701
2062402,64447942,11117402,14,2026-03-31,2026-03-31 12:01:04.982
2062402,64389408,11117402,4,2026-03-31,2026-03-31 16:34:18.994
2062402,61205712,11117402,4,2026-03-31,2026-03-31 15:29:51.413
2062402,61699422,11117402,4,2026-03-31,2026-03-31 19:41:57.489
2062402,61071799,11117402,4,2026-03-31,2026-03-31 10:09:33.426
2062402,61027994,11117402,29,2026-03-31,2026-03-31 12:51:58.656
2062402,62159531,11117402,25,2026-03-31,2026-03-31 10:46:06.502
2062402,61027994,11117402,29,2026-03-31,2026-03-31 12:51:01.348
2062402,64447942,11117402,4,2026-03-31,2026-03-31 12:02:28.343
2062402,60673243,11117402,4,2026-03-31,2026-03-31 18:25:35.225
2062402,61049726,11117402,29,2026-03-31,2026-03-31 23:34:06.596
2062602,60751039,11117402,4,2026-03-31,2026-03-31 15:44:06.796
2062602,63260967,11117402,10,2026-03-31,2026-03-31 12:17:23.431
2062602,63278481,11117402,10,2026-03-31,2026-03-31 11:31:47.953
2062602,63215693,11117402,10,2026-03-31,2026-03-31 21:03:13.945
2062602,62924001,11117402,15,2026-03-31,2026-03-31 10:24:57.435
2063202,63960297,11117402,29,2026-03-31,2026-03-31 08:44:58.945
2063202,59284193,11117402,10,2026-03-31,2026-03-31 23:52:23.781
2063202,59284193,11117402,4,2026-03-31,2026-03-31 23:54:19.608
2063202,64018972,11117402,4,2026-03-31,2026-03-31 18:56:32.390
2063202,59394555,11117402,4,2026-03-31,2026-03-31 21:15:23.992
2066102,71341602,11117402,58,2026-03-31,2026-03-31 09:11:49.236
2066102,67020519,11117402,15,2026-03-31,2026-03-31 11:29:01.301
2066102,73942835,11117402,4,2026-03-31,2026-03-31 11:51:55.920
2066102,73093731,11117402,4,2026-03-31,2026-03-31 10:04:34.929
2066102,73746879,11117402,10,2026-03-31,2026-03-31 08:14:58.900
2066102,71196247,11117402,14,2026-03-31,2026-03-31 13:01:03.132
2066102,73093731,11117402,4,2026-03-31,2026-03-31 10:04:01.594
2066102,68616983,11117402,29,2026-03-31,2026-03-31 11:04:54.228
2066102,73942835,11117402,29,2026-03-31,2026-03-31 11:53:15.198
2066102,67463323,11117402,29,2026-03-31,2026-03-31 16:04:33.317
2066102,73891390,11117402,4,2026-03-31,2026-03-31 16:49:46.677
2066102,68635237,11117402,14,2026-03-31,2026-03-31 18:41:23.804
2068602,73349248,11117402,15,2026-03-31,2026-03-31 12:33:36.869
2068602,71810828,11117402,10,2026-03-31,2026-03-31 14:58:51.572
2068602,69403203,11117402,10,2026-03-31,2026-03-31 16:59:35.604
2068602,71922992,11117402,4,2026-03-31,2026-03-31 14:10:27.117
2069702,71763137,11117402,29,2026-03-31,2026-03-31 08:37:35.439
2069702,73175911,11117402,4,2026-03-31,2026-03-31 23:10:29.136
2073702,74752760,11117402,15,2026-03-31,2026-03-31 22:47:19.060
2073702,74217496,11117402,14,2026-03-31,2026-03-31 14:39:42.527
2073702,75578484,11117402,29,2026-03-31,2026-03-31 13:15:27.192
2073702,75451382,11117402,25,2026-03-31,2026-03-31 11:21:56.880
2073702,75950065,11117402,15,2026-03-31,2026-03-31 14:49:49.914
2073702,75950065,11117402,15,2026-03-31,2026-03-31 14:48:36.791
2073702,78825258,11117402,15,2026-03-31,2026-03-31 08:00:00.075
2073702,74217496,11117402,15,2026-03-31,2026-03-31 14:22:33.370
2074702,75169517,11117402,29,2026-03-31,2026-03-31 23:32:05.180
2074702,74022398,11117402,4,2026-03-31,2026-03-31 10:03:07.454
2074702,75149009,11117402,29,2026-03-31,2026-03-31 08:18:10.553
2074702,76226595,11117402,4,2026-03-31,2026-03-31 11:02:57.627
2074702,76527080,11117402,10,2026-03-31,2026-03-31 09:13:23.531
2074702,76527080,11117402,10,2026-03-31,2026-03-31 09:15:45.758
2075202,77706639,11117402,29,2026-03-31,2026-03-31 08:12:23.124
2075202,78622622,11117402,4,2026-03-31,2026-03-31 17:00:17.596
2075802,77075536,11117402,27,2026-03-31,2026-03-31 08:16:57.233
2075802,88150231,11117402,10,2026-03-31,2026-03-31 20:18:47.227
2075802,77044213,11117402,29,2026-03-31,2026-03-31 16:05:25.823
2077002,200062242,11117402,15,2026-03-31,2026-03-31 14:01:03.239
2077002,80409865,11117402,4,2026-03-31,2026-03-31 12:30:01.693
2077102,80823407,11117402,10,2026-03-31,2026-03-31 13:48:17.832
2077102,204381415,11117402,4,2026-03-31,2026-03-31 20:50:41.420
2077102,204381415,11117402,10,2026-03-31,2026-03-31 20:52:13.213
2077102,204379540,11117402,10,2026-03-31,2026-03-31 21:31:51.318
2077102,204255661,11117402,10,2026-03-31,2026-03-31 11:17:38.634
2077102,202870064,11117402,4,2026-03-31,2026-03-31 12:12:55.967
2077102,80638272,11117402,29,2026-03-31,2026-03-31 12:19:19.052
2077102,80638272,11117402,29,2026-03-31,2026-03-31 12:18:49.646
2077702,200976066,11117402,25,2026-03-31,2026-03-31 12:03:51.772
2077702,81511351,11117402,4,2026-03-31,2026-03-31 10:17:42.038
2077702,82506924,11117402,4,2026-03-31,2026-03-31 20:58:10.229
2077702,202272388,11117402,4,2026-03-31,2026-03-31 11:01:05.755
2077702,200914659,11117402,29,2026-03-31,2026-03-31 08:05:24.028
2078402,87012310,11117402,29,2026-03-31,2026-03-31 09:21:06.056
2078402,81421496,11117402,4,2026-03-31,2026-03-31 08:23:45.052
2078402,88499679,11117402,14,2026-03-31,2026-03-31 08:42:39.759
2078402,87324159,11117402,29,2026-03-31,2026-03-31 11:05:53.610
2078402,88403332,11117402,58,2026-03-31,2026-03-31 08:28:04.377
2078402,88492396,11117402,4,2026-03-31,2026-03-31 13:51:03.937
2078702,81776468,11117402,4,2026-03-31,2026-03-31 14:29:28.218
2078702,86490482,11117402,10,2026-03-31,2026-03-31 11:11:19.928
2078702,82327119,11117402,29,2026-03-31,2026-03-31 19:27:04.822
2078702,86547949,11117402,15,2026-03-31,2026-03-31 08:00:00.881
2078702,82936950,11117402,4,2026-03-31,2026-03-31 11:26:16.719
2078702,82309991,11117402,29,2026-03-31,2026-03-31 14:51:34.168
2079102,203829770,11117402,25,2026-03-31,2026-03-31 09:41:44.784
2079102,203491170,11117402,10,2026-03-31,2026-03-31 09:41:25.049
2079102,203491170,11117402,10,2026-03-31,2026-03-31 09:40:43.449
2079102,203829770,11117402,29,2026-03-31,2026-03-31 11:11:02.425
2079102,203915986,11117402,4,2026-03-31,2026-03-31 11:41:07.575
2079302,84669715,11117402,14,2026-03-31,2026-03-31 12:22:46.705
2079302,84233773,11117402,4,2026-03-31,2026-03-31 20:02:12.065
2079302,84152201,11117402,29,2026-03-31,2026-03-31 12:49:00.749
2079302,200011513,11117402,23,2026-03-31,2026-03-31 18:13:44.454
2079302,84296210,11117402,4,2026-03-31,2026-03-31 08:28:46.657
2079302,84669715,11117402,29,2026-03-31,2026-03-31 11:57:43.265
2079302,85637282,11117402,29,2026-03-31,2026-03-31 13:26:04.683
2079302,84239934,11117402,4,2026-03-31,2026-03-31 15:30:16.352
2079302,200011513,11117402,29,2026-03-31,2026-03-31 18:23:14.954
2079302,87773907,11117402,15,2026-03-31,2026-03-31 11:38:58.995
2079402,203314600,11117402,15,2026-03-31,2026-03-31 23:41:27.962
2079402,83800758,11117402,29,2026-03-31,2026-03-31 12:35:23.107
2079402,85100419,11117402,10,2026-03-31,2026-03-31 21:43:41.594
2079402,83800758,11117402,14,2026-03-31,2026-03-31 12:45:50.711
2084102,204672477,11117402,4,2026-03-31,2026-03-31 15:12:02.933
2084102,205289181,11117402,4,2026-03-31,2026-03-31 13:41:46.265
2084102,205354992,11117402,4,2026-03-31,2026-03-31 16:31:27.492
2084102,204704372,11117402,15,2026-03-31,2026-03-31 09:13:19.253
2084102,205891242,11117402,4,2026-03-31,2026-03-31 11:12:38.536
2084502,209723233,11117402,14,2026-03-31,2026-03-31 13:56:40.093
2084502,208549753,11117402,15,2026-03-31,2026-03-31 15:49:12.438
2084502,210004920,11117402,4,2026-03-31,2026-03-31 16:19:44.004
2085302,206361368,11117402,29,2026-03-31,2026-03-31 14:58:11.066
2085302,209070981,11117402,14,2026-03-31,2026-03-31 22:53:19.756
2085302,207072109,11117402,10,2026-03-31,2026-03-31 11:29:30.420
2085302,207072109,11117402,4,2026-03-31,2026-03-31 11:42:52.383
2086302,207314833,11117402,15,2026-03-31,2026-03-31 09:49:25.802
2086302,206909734,11117402,14,2026-03-31,2026-03-31 20:32:30.412
2086302,208463029,11117402,14,2026-03-31,2026-03-31 19:38:07.892
2086302,208432223,11117402,29,2026-03-31,2026-03-31 08:16:11.594
2086302,208459853,11117402,4,2026-03-31,2026-03-31 17:31:55.345
2086302,207323584,11117402,10,2026-03-31,2026-03-31 08:46:41.027
2086302,208828948,11117402,14,2026-03-31,2026-03-31 14:59:10.101
2086302,208776854,11117402,25,2026-03-31,2026-03-31 08:01:33.076
2086302,208459853,11117402,4,2026-03-31,2026-03-31 16:28:24.574
2086302,208432223,11117402,15,2026-03-31,2026-03-31 08:15:58.237
2086302,206824732,11117402,15,2026-03-31,2026-03-31 12:52:53.440
2086302,208091620,11117402,10,2026-03-31,2026-03-31 12:19:05.640
2087402,210603011,11117402,4,2026-03-31,2026-03-31 19:58:42.794
2087402,212033613,11117402,4,2026-03-31,2026-03-31 08:11:43.993
2088202,210420754,11117402,4,2026-03-31,2026-03-31 17:48:46.384
2088202,211817775,11117402,29,2026-03-31,2026-03-31 13:08:06.971
2088202,211817775,11117402,29,2026-03-31,2026-03-31 08:10:46.271
2088202,211925802,11117402,10,2026-03-31,2026-03-31 12:08:44.509
2088202,210391336,11117402,25,2026-03-31,2026-03-31 23:22:29.950
2088302,210899656,11117402,4,2026-03-31,2026-03-31 16:21:17.210
2088802,213555419,11117402,29,2026-03-31,2026-03-31 08:00:00.762
2088802,213540253,11117402,29,2026-03-31,2026-03-31 08:57:15.867
2088802,213555419,11117402,29,2026-03-31,2026-03-31 09:03:28.469
2089202,212873640,11117402,15,2026-03-31,2026-03-31 19:46:47.609
2089202,214195431,11117402,33,2026-03-31,2026-03-31 09:26:56.668
2089802,215154060,11117402,29,2026-03-31,2026-03-31 17:57:00.537
2089802,215330313,11117402,10,2026-03-31,2026-03-31 15:29:07.183
2089802,215154060,11117402,29,2026-03-31,2026-03-31 17:55:10.260
2089802,215060510,11117402,4,2026-03-31,2026-03-31 09:56:25.080
2090402,215010796,11117402,29,2026-03-31,2026-03-31 18:40:27.356
2090402,216221503,11117402,14,2026-03-31,2026-03-31 18:36:46.628
2090402,215715701,11117402,25,2026-03-31,2026-03-31 17:51:12.100
2090402,215759898,11117402,4,2026-03-31,2026-03-31 10:55:15.182
2090402,215712733,11117402,29,2026-03-31,2026-03-31 14:37:46.488
2090402,214972540,11117402,10,2026-03-31,2026-03-31 08:23:38.523
2090802,217053364,11117402,14,2026-03-31,2026-03-31 16:30:15.015
2090802,221275099,11117402,15,2026-03-31,2026-03-31 22:03:33.362
2090902,217114077,11117402,4,2026-03-31,2026-03-31 12:03:41.354
2091002,217361107,11117402,4,2026-03-31,2026-03-31 15:28:11.271
2091002,217268949,11117402,10,2026-03-31,2026-03-31 11:31:46.470
2091002,217248309,11117402,10,2026-03-31,2026-03-31 19:51:16.821
2091002,217248309,11117402,4,2026-03-31,2026-03-31 08:00:00.686
2091102,217404584,11117402,14,2026-03-31,2026-03-31 08:16:16.588
2091102,217404584,11117402,10,2026-03-31,2026-03-31 12:20:59.746
2091202,217628598,11117402,4,2026-03-31,2026-03-31 14:24:54.116
2091202,217694694,11117402,25,2026-03-31,2026-03-31 08:30:36.051
2091202,217560311,11117402,4,2026-03-31,2026-03-31 13:10:08.765
2091302,217815810,11117402,15,2026-03-31,2026-03-31 16:22:16.303
2091302,217780489,11117402,4,2026-03-31,2026-03-31 08:17:29.796
2091302,217734433,11117402,4,2026-03-31,2026-03-31 19:07:39.705
2091302,217720858,11117402,14,2026-03-31,2026-03-31 10:34:22.212
2091302,217720858,11117402,14,2026-03-31,2026-03-31 10:32:59.366
2091302,217734593,11117402,15,2026-03-31,2026-03-31 08:00:00.967
2091302,217737747,11117402,10,2026-03-31,2026-03-31 10:39:38.345
2091402,221280996,11117402,15,2026-03-31,2026-03-31 08:00:00.072
2091502,218235246,11117402,14,2026-03-31,2026-03-31 16:34:13.056
2091502,218224319,11117402,4,2026-03-31,2026-03-31 17:28:18.512
2091502,218102188,11117402,4,2026-03-31,2026-03-31 16:54:54.913
2091702,218435831,11117402,58,2026-03-31,2026-03-31 08:32:35.074
2091702,218484462,11117402,10,2026-03-31,2026-03-31 04:45:53.334
2092002,219086990,11117402,4,2026-03-31,2026-03-31 08:04:05.702
2092002,219069764,11117402,4,2026-03-31,2026-03-31 19:23:16.686
2092002,219069764,11117402,4,2026-03-31,2026-03-31 14:14:14.765
2092102,219253980,11117402,4,2026-03-31,2026-03-31 11:28:50.585
2092102,219245782,11117402,10,2026-03-31,2026-03-31 08:41:22.120
2092102,219355646,11117402,14,2026-03-31,2026-03-31 11:17:16.907
2092202,219557356,11117402,10,2026-03-31,2026-03-31 14:10:24.179
2092302,219684338,11117402,10,2026-03-31,2026-03-31 09:05:17.732
2092302,219812039,11117402,4,2026-03-31,2026-03-31 22:03:32.157
2092302,219818959,11117402,10,2026-03-31,2026-03-31 08:08:15.319
2092302,219672585,11117402,15,2026-03-31,2026-03-31 20:04:23.370
2092302,219812039,11117402,10,2026-03-31,2026-03-31 22:04:54.574
2092302,219722649,11117402,4,2026-03-31,2026-03-31 16:12:41.111
2092402,219981553,11117402,4,2026-03-31,2026-03-31 08:00:00.513
2092402,219868479,11117402,10,2026-03-31,2026-03-31 18:42:03.905
2092402,219868479,11117402,4,2026-03-31,2026-03-31 18:45:05.853
2092502,220149572,11117402,4,2026-03-31,2026-03-31 15:30:52.807
2092602,220283881,11117402,4,2026-03-31,2026-03-31 11:32:39.360
2092602,220197307,11117402,15,2026-03-31,2026-03-31 08:13:44.794
2092602,220198521,11117402,29,2026-03-31,2026-03-31 09:08:47.544
2092602,220217749,11117402,4,2026-03-31,2026-03-31 13:15:12.279
2092602,220283881,11117402,4,2026-03-31,2026-03-31 11:34:46.026
2092602,220251469,11117402,4,2026-03-31,2026-03-31 13:08:56.917
2092602,220194067,11117402,10,2026-03-31,2026-03-31 11:42:51.925
2092602,220379392,11117402,4,2026-03-31,2026-03-31 22:28:50.338
2092702,220506803,11117402,29,2026-03-31,2026-03-31 11:19:34.039
2092702,220420920,11117402,4,2026-03-31,2026-03-31 19:28:02.669
2092702,220418273,11117402,10,2026-03-31,2026-03-31 10:02:35.363
2092702,220458850,11117402,15,2026-03-31,2026-03-31 14:05:10.170
2092702,220433442,11117402,4,2026-03-31,2026-03-31 12:55:17.721
2092702,220389218,11117402,29,2026-03-31,2026-03-31 08:14:18.417
2092702,220418273,11117402,10,2026-03-31,2026-03-31 09:47:49.107
2092702,220426859,11117402,10,2026-03-31,2026-03-31 09:00:34.701
2092702,220417156,11117402,15,2026-03-31,2026-03-31 14:09:45.700
2092802,220778151,11117402,15,2026-03-31,2026-03-31 09:05:41.992
2092802,220840809,11117402,29,2026-03-31,2026-03-31 13:32:16.726
2092802,220620717,11117402,10,2026-03-31,2026-03-31 13:14:25.170
2092802,220809417,11117402,29,2026-03-31,2026-03-31 09:00:21.430
2092802,220577834,11117402,4,2026-03-31,2026-03-31 09:14:30.479
2092802,220852404,11117402,14,2026-03-31,2026-03-31 20:35:29.511
2092802,220577834,11117402,14,2026-03-31,2026-03-31 21:25:10.492
2092802,220667075,11117402,10,2026-03-31,2026-03-31 22:12:38.368
2092802,220568276,11117402,4,2026-03-31,2026-03-31 10:08:21.341
2092802,220778151,11117402,15,2026-03-31,2026-03-31 08:57:27.417
2092902,220693634,11117402,4,2026-03-31,2026-03-31 10:39:53.993
2092902,220700735,11117402,29,2026-03-31,2026-03-31 18:07:14.034
2092902,220714622,11117402,10,2026-03-31,2026-03-31 11:00:13.820
2092902,220693477,11117402,15,2026-03-31,2026-03-31 10:09:44.143
2600202,121281470,11117402,14,2026-03-31,2026-03-31 08:21:50.942
2600502,122182691,11117402,4,2026-03-31,2026-03-31 11:16:58.066
2600502,122182691,11117402,14,2026-03-31,2026-03-31 11:17:40.746
2603602,120414726,11117402,4,2026-03-31,2026-03-31 21:06:07.018
2603602,120781801,11117402,58,2026-03-31,2026-03-31 12:07:03.245
2604002,203688579,11117402,15,2026-03-31,2026-03-31 09:16:09.717
2605102,209013234,11117402,10,2026-03-31,2026-03-31 23:09:28.243
2605902,210681764,11117402,4,2026-03-31,2026-03-31 18:27:11.442
2607202,219784578,11117402,14,2026-03-31,2026-03-31 12:54:23.105
2607702,217933129,11117402,15,2026-03-31,2026-03-31 08:00:00.692
2608002,220071743,11117402,4,2026-03-31,2026-03-31 11:40:36.732
2608102,220212659,11117402,4,2026-03-31,2026-03-31 14:35:13.751
2608202,220997153,11117402,4,2026-03-31,2026-03-31 15:28:02.218
2006102,31273060,11117402,4,2026-04-01,2026-04-01 08:01:09.199
2007202,6339926,11117402,4,2026-04-01,2026-04-01 00:50:54.282
2007202,5197394,11117402,25,2026-04-01,2026-04-01 16:39:01.058
2007202,5142171,11117402,29,2026-04-01,2026-04-01 05:32:06.193
2008502,5840148,11117402,10,2026-04-01,2026-04-01 07:27:17.069
2008502,8859778,11117402,10,2026-04-01,2026-04-01 17:41:59.949
2010102,10502979,11117402,4,2026-04-01,2026-04-01 12:08:42.099
2010302,9156507,11117402,4,2026-04-01,2026-04-01 04:43:36.894
2010302,9167714,11117402,15,2026-04-01,2026-04-01 00:20:35.672
2012402,3757917,11117402,15,2026-04-01,2026-04-01 05:07:08.996
2013402,9782022,11117402,15,2026-04-01,2026-04-01 09:51:31.501
2013402,9557395,11117402,10,2026-04-01,2026-04-01 05:16:40.312
2014502,13416872,11117402,10,2026-04-01,2026-04-01 14:56:58.821
2014502,13416872,11117402,29,2026-04-01,2026-04-01 16:02:39.960
2014502,10228578,11117402,4,2026-04-01,2026-04-01 11:46:39.085
2015702,10854646,11117402,4,2026-04-01,2026-04-01 12:26:14.157
2015702,14098979,11117402,4,2026-04-01,2026-04-01 04:38:23.573
2015702,10866326,11117402,10,2026-04-01,2026-04-01 01:25:18.937
2016902,11635777,11117402,15,2026-04-01,2026-04-01 00:55:31.204
2016902,12652836,11117402,14,2026-04-01,2026-04-01 03:40:51.491
2016902,11443763,11117402,10,2026-04-01,2026-04-01 02:50:20.221
2018202,31857845,11117402,4,2026-04-01,2026-04-01 00:49:13.117
2019202,11064723,11117402,10,2026-04-01,2026-04-01 03:50:59.525
2019202,11114922,11117402,4,2026-04-01,2026-04-01 12:38:39.683
2019202,13030531,11117402,15,2026-04-01,2026-04-01 02:06:35.272
2022002,14294076,11117402,15,2026-04-01,2026-04-01 01:12:47.937
2022002,15704283,11117402,25,2026-04-01,2026-04-01 11:11:11.248
2023502,13129297,11117402,4,2026-04-01,2026-04-01 03:39:21.661
2024402,19133094,11117402,29,2026-04-01,2026-04-01 01:28:16.746
2024502,17680915,11117402,15,2026-04-01,2026-04-01 15:03:00.652
2024502,23319282,11117402,10,2026-04-01,2026-04-01 03:19:31.217
2024502,17680915,11117402,10,2026-04-01,2026-04-01 20:31:32.053
2027002,20347342,11117402,14,2026-04-01,2026-04-01 13:47:47.394
2027002,23544890,11117402,4,2026-04-01,2026-04-01 05:31:36.787
2028602,15253610,11117402,14,2026-04-01,2026-04-01 22:35:30.192
2029902,22254756,11117402,8,2026-04-01,2026-04-01 16:50:40.726
2030002,25866471,11117402,4,2026-04-01,2026-04-01 03:03:30.240
2030502,21379559,11117402,29,2026-04-01,2026-04-01 05:52:45.568
2031402,24225305,11117402,4,2026-04-01,2026-04-01 07:58:52.464
2031402,25752082,11117402,14,2026-04-01,2026-04-01 04:07:11.249
2033202,24850429,11117402,10,2026-04-01,2026-04-01 06:21:51.163
2033202,24868058,11117402,15,2026-04-01,2026-04-01 04:12:45.317
2037402,29795089,11117402,10,2026-04-01,2026-04-01 02:26:15.751
2037402,30573964,11117402,10,2026-04-01,2026-04-01 00:32:27.340
2038602,28802570,11117402,4,2026-04-01,2026-04-01 06:30:44.255
2038602,31477972,11117402,14,2026-04-01,2026-04-01 04:23:35.532
2039502,31903502,11117402,29,2026-04-01,2026-04-01 00:46:29.934
2041002,33474373,11117402,29,2026-04-01,2026-04-01 11:58:11.397
2041002,32381984,11117402,25,2026-04-01,2026-04-01 01:01:33.700
2041002,33654539,11117402,15,2026-04-01,2026-04-01 03:12:57.275
2041002,35758032,11117402,73,2026-04-01,2026-04-01 05:11:07.596
2041002,33474373,11117402,14,2026-04-01,2026-04-01 11:57:49.523
2041002,28955578,11117402,4,2026-04-01,2026-04-01 07:47:05.885
2041002,32776827,11117402,4,2026-04-01,2026-04-01 18:49:03.938
2041002,28739584,11117402,4,2026-04-01,2026-04-01 06:01:25.540
2044602,36503572,11117402,4,2026-04-01,2026-04-01 06:18:12.794
2044602,36125008,11117402,10,2026-04-01,2026-04-01 10:59:50.355
2047102,38202601,11117402,29,2026-04-01,2026-04-01 01:06:17.389
2047102,38999353,11117402,29,2026-04-01,2026-04-01 04:39:39.362
2047502,38473327,11117402,29,2026-04-01,2026-04-01 00:53:30.788
2051002,37777943,11117402,4,2026-04-01,2026-04-01 07:52:55.376
2052502,52029772,11117402,14,2026-04-01,2026-04-01 00:13:57.937
2052702,43437787,11117402,29,2026-04-01,2026-04-01 02:13:53.660
2052702,43322994,11117402,4,2026-04-01,2026-04-01 05:04:47.204
2054202,45700479,11117402,25,2026-04-01,2026-04-01 00:42:06.318
2054202,46128479,11117402,4,2026-04-01,2026-04-01 02:01:08.624
2054202,44933916,11117402,4,2026-04-01,2026-04-01 05:43:25.006
2055802,50919833,11117402,10,2026-04-01,2026-04-01 02:53:32.276
2058302,52075356,11117402,4,2026-04-01,2026-04-01 04:55:43.408
2058302,51403502,11117402,4,2026-04-01,2026-04-01 02:23:01.403
2058402,47807208,11117402,4,2026-04-01,2026-04-01 05:27:24.609
2058402,47614180,11117402,4,2026-04-01,2026-04-01 01:37:47.986
2058402,47815646,11117402,14,2026-04-01,2026-04-01 18:52:48.827
2058802,46037700,11117402,4,2026-04-01,2026-04-01 05:41:18.453
2060302,56673083,11117402,10,2026-04-01,2026-04-01 02:14:05.655
2062402,60717927,11117402,10,2026-04-01,2026-04-01 23:31:16.089
2062602,64921154,11117402,4,2026-04-01,2026-04-01 15:38:55.295
2066102,71341602,11117402,29,2026-04-01,2026-04-01 22:05:52.038
2068602,72313209,11117402,4,2026-04-01,2026-04-01 02:33:02.759
2068602,72788632,11117402,4,2026-04-01,2026-04-01 21:41:24.334
2068602,69569889,11117402,29,2026-04-01,2026-04-01 11:41:52.594
2069702,71997224,11117402,10,2026-04-01,2026-04-01 00:07:56.946
2073702,79620658,11117402,4,2026-04-01,2026-04-01 02:31:07.823
2073702,81102066,11117402,15,2026-04-01,2026-04-01 02:54:07.733
2073702,81102066,11117402,14,2026-04-01,2026-04-01 02:55:19.648
2075802,76762801,11117402,10,2026-04-01,2026-04-01 05:20:19.350
2075802,77148175,11117402,4,2026-04-01,2026-04-01 03:28:58.599
2075802,76953880,11117402,4,2026-04-01,2026-04-01 04:05:04.048
2077702,201916735,11117402,15,2026-04-01,2026-04-01 02:59:37.318
2077702,200809899,11117402,4,2026-04-01,2026-04-01 17:01:56.631
2078402,82904570,11117402,15,2026-04-01,2026-04-01 09:31:31.623
2079102,203521644,11117402,4,2026-04-01,2026-04-01 03:51:30.794
2079102,203521644,11117402,4,2026-04-01,2026-04-01 04:14:15.727
2084502,220864111,11117402,4,2026-04-01,2026-04-01 04:05:37.825
2085302,206977025,11117402,29,2026-04-01,2026-04-01 19:05:30.816
2085302,206507837,11117402,10,2026-04-01,2026-04-01 06:53:48.658
2088202,212405357,11117402,29,2026-04-01,2026-04-01 04:54:59.036
2088202,211083186,11117402,4,2026-04-01,2026-04-01 12:43:37.001
2088202,212220520,11117402,4,2026-04-01,2026-04-01 06:23:11.808
2088202,211967405,11117402,4,2026-04-01,2026-04-01 00:16:15.822
2088202,210542044,11117402,29,2026-04-01,2026-04-01 12:16:37.060
2088802,213528624,11117402,4,2026-04-01,2026-04-01 09:18:49.223
2088802,212683167,11117402,29,2026-04-01,2026-04-01 16:00:03.620
2088902,214914361,11117402,4,2026-04-01,2026-04-01 13:18:10.775
2089202,213063405,11117402,10,2026-04-01,2026-04-01 04:16:30.447
2089202,212889085,11117402,4,2026-04-01,2026-04-01 15:10:41.250
2089202,212852715,11117402,4,2026-04-01,2026-04-01 01:31:25.395
2089802,215124663,11117402,4,2026-04-01,2026-04-01 06:15:56.267
2090402,215791173,11117402,4,2026-04-01,2026-04-01 00:10:51.533
2090402,214820411,11117402,14,2026-04-01,2026-04-01 00:46:39.616
2091902,218853343,11117402,4,2026-04-01,2026-04-01 08:32:24.258
2092802,220568074,11117402,10,2026-04-01,2026-04-01 01:43:42.051
2092802,220787240,11117402,4,2026-04-01,2026-04-01 04:05:21.199
2603602,120781801,11117402,29,2026-04-01,2026-04-01 21:33:51.405
2006402,8012761,11117402,29,2026-04-02,2026-04-02 00:09:10.160
2006702,8391170,11117402,15,2026-04-02,2026-04-02 15:29:40.377
2010302,9271340,11117402,29,2026-04-02,2026-04-02 01:57:10.146
2010302,9271340,11117402,29,2026-04-02,2026-04-02 01:43:15.026
2017802,14679869,11117402,29,2026-04-02,2026-04-02 08:43:59.415
2018602,11493440,11117402,10,2026-04-02,2026-04-02 03:21:10.595
2022002,14613975,11117402,47,2026-04-02,2026-04-02 04:27:03.434
2022002,15680789,11117402,25,2026-04-02,2026-04-02 03:09:16.322
2024402,18057794,11117402,4,2026-04-02,2026-04-02 01:59:50.620
2026002,24055891,11117402,14,2026-04-02,2026-04-02 19:53:55.243
2032002,26644639,11117402,14,2026-04-02,2026-04-02 21:42:13.489
2032402,25193299,11117402,29,2026-04-02,2026-04-02 19:17:29.436
2033202,27979292,11117402,10,2026-04-02,2026-04-02 18:18:39.622
2033202,26133162,11117402,10,2026-04-02,2026-04-02 05:49:37.982
2033902,28085877,11117402,4,2026-04-02,2026-04-02 01:42:41.512
2038602,28747343,11117402,15,2026-04-02,2026-04-02 16:28:52.579
2041002,35757690,11117402,4,2026-04-02,2026-04-02 05:55:29.336
2041002,32212054,11117402,29,2026-04-02,2026-04-02 16:12:53.108
2047502,40612313,11117402,4,2026-04-02,2026-04-02 18:23:56.834
2050502,41040874,11117402,25,2026-04-02,2026-04-02 09:45:12.334
2051002,40086144,11117402,8,2026-04-02,2026-04-02 18:40:23.013
2054002,45509457,11117402,29,2026-04-02,2026-04-02 11:32:10.746
2054202,45711719,11117402,29,2026-04-02,2026-04-02 08:08:46.043
2056102,47040304,11117402,14,2026-04-02,2026-04-02 13:53:27.941
2058802,53483231,11117402,14,2026-04-02,2026-04-02 01:04:38.856
2060302,65105808,11117402,29,2026-04-02,2026-04-02 08:32:25.383
2060902,58849865,11117402,14,2026-04-02,2026-04-02 14:06:09.686
2061402,60346012,11117402,29,2026-04-02,2026-04-02 12:44:34.158
2062402,61241395,11117402,29,2026-04-02,2026-04-02 13:13:58.503
2066102,70697729,11117402,29,2026-04-02,2026-04-02 15:27:32.215
2068602,72552879,11117402,10,2026-04-02,2026-04-02 09:58:16.859
2077102,80871708,11117402,4,2026-04-02,2026-04-02 00:53:25.799
2077702,201591952,11117402,14,2026-04-02,2026-04-02 01:56:11.996
2078702,87244262,11117402,15,2026-04-02,2026-04-02 01:26:25.481
2079302,85020213,11117402,15,2026-04-02,2026-04-02 07:23:30.349
2079302,87790316,11117402,29,2026-04-02,2026-04-02 02:20:22.673
2079302,84239934,11117402,14,2026-04-02,2026-04-02 15:54:07.605
2079402,86127758,11117402,14,2026-04-02,2026-04-02 11:24:24.728
2087402,211216833,11117402,4,2026-04-02,2026-04-02 12:28:30.338
2089202,213816128,11117402,14,2026-04-02,2026-04-02 21:18:49.428
2090402,214950417,11117402,29,2026-04-02,2026-04-02 18:37:09.250
2090402,214950417,11117402,29,2026-04-02,2026-04-02 18:28:13.965
2091102,217431631,11117402,4,2026-04-02,2026-04-02 11:41:10.016
2091102,217463998,11117402,10,2026-04-02,2026-04-02 04:12:40.712
2092202,219595760,11117402,15,2026-04-02,2026-04-02 09:08:13.907
2006702,8405395,11117402,24,2026-04-03,2026-04-03 01:32:45.898
2010302,9363384,11117402,15,2026-04-03,2026-04-03 19:38:18.964
2010302,9252499,11117402,4,2026-04-03,2026-04-03 08:16:52.845
2013602,10214417,11117402,29,2026-04-03,2026-04-03 20:23:31.885
2022002,14948302,11117402,25,2026-04-03,2026-04-03 03:18:10.073
2025502,19164413,11117402,29,2026-04-03,2026-04-03 21:03:05.337
2026002,22033340,11117402,4,2026-04-03,2026-04-03 05:19:45.010
2030002,23173683,11117402,4,2026-04-03,2026-04-03 10:40:25.814
2037402,30579271,11117402,29,2026-04-03,2026-04-03 10:54:19.558
2041002,31004499,11117402,29,2026-04-03,2026-04-03 20:09:27.631
2043802,31009896,11117402,29,2026-04-03,2026-04-03 18:14:31.858
2046502,38294570,11117402,10,2026-04-03,2026-04-03 22:30:05.562
2047502,37393277,11117402,4,2026-04-03,2026-04-03 06:29:32.636
2050802,39726626,11117402,14,2026-04-03,2026-04-03 13:22:34.231
2051302,53569193,11117402,10,2026-04-03,2026-04-03 00:56:22.364
2051302,49264391,11117402,29,2026-04-03,2026-04-03 01:40:33.938
2054202,47852050,11117402,29,2026-04-03,2026-04-03 11:23:16.211
2055302,42266809,11117402,4,2026-04-03,2026-04-03 20:42:08.068
2055302,47016960,11117402,29,2026-04-03,2026-04-03 10:39:15.900
2055802,48159309,11117402,29,2026-04-03,2026-04-03 06:06:54.317
2058302,51628574,11117402,4,2026-04-03,2026-04-03 01:19:41.585
2058402,53264356,11117402,29,2026-04-03,2026-04-03 16:29:24.951
2058402,47568171,11117402,29,2026-04-03,2026-04-03 05:05:31.821
2061402,58826335,11117402,4,2026-04-03,2026-04-03 01:45:00.562
2063202,63477560,11117402,4,2026-04-03,2026-04-03 18:50:55.087
2077702,200809899,11117402,4,2026-04-03,2026-04-03 20:27:26.170
2079402,85212297,11117402,4,2026-04-03,2026-04-03 05:52:46.848
2086302,207819477,11117402,14,2026-04-03,2026-04-03 23:36:29.893
2087402,211691265,11117402,29,2026-04-03,2026-04-03 04:12:11.893
2089202,213838118,11117402,29,2026-04-03,2026-04-03 21:53:06.079
2089802,215397494,11117402,4,2026-04-03,2026-04-03 11:40:54.200
2090002,216585447,11117402,29,2026-04-03,2026-04-03 21:51:28.641
2090002,216546763,11117402,4,2026-04-03,2026-04-03 16:14:23.675
2091702,221579087,11117402,15,2026-04-03,2026-04-03 13:36:23.005
2092802,220855713,11117402,4,2026-04-03,2026-04-03 07:43:32.130
2006502,4407911,11117403,9,2026-03-18,2026-03-18 08:36:27.660
2018602,17673321,11117403,9,2026-03-18,2026-03-18 08:01:08.938
2018602,14472017,11117403,9,2026-03-18,2026-03-18 09:03:33.945
2022002,16506490,11117403,9,2026-03-18,2026-03-18 09:59:45.420
2024502,22623571,11117403,3,2026-03-18,2026-03-18 09:58:23.612
2024502,19600077,11117403,9,2026-03-18,2026-03-18 20:33:14.347
2024502,18322119,11117403,9,2026-03-18,2026-03-18 13:11:29.509
2024502,17392012,11117403,9,2026-03-18,2026-03-18 10:50:26.783
2033202,24868058,11117403,3,2026-03-18,2026-03-18 08:30:50.983
2050502,39828626,11117403,9,2026-03-18,2026-03-18 14:07:30.855
2052502,43655670,11117403,3,2026-03-18,2026-03-18 13:12:17.461
2052502,222012669,11117403,9,2026-03-18,2026-03-18 09:05:38.337
2006402,8012761,11117403,9,2026-03-19,2026-03-19 05:59:02.719
2013602,9435357,11117403,9,2026-03-19,2026-03-19 02:02:28.816
2024702,20722504,11117403,9,2026-03-19,2026-03-19 04:41:35.110
2010302,9271340,11117403,9,2026-03-25,2026-03-25 12:21:09.934
2012302,8450553,11117403,6,2026-03-25,2026-03-25 08:00:00.801
2012302,9037759,11117403,9,2026-03-25,2026-03-25 08:00:00.801
2012402,3565461,11117403,3,2026-03-25,2026-03-25 18:00:18.528
2012402,3796734,11117403,4,2026-03-25,2026-03-25 15:42:39.600
2012402,5430097,11117403,9,2026-03-25,2026-03-25 13:17:47.481
2013402,10069996,11117403,3,2026-03-25,2026-03-25 18:59:19.578
2014502,10233130,11117403,9,2026-03-25,2026-03-25 08:36:29.824
2015702,14911843,11117403,9,2026-03-25,2026-03-25 11:44:13.506
2015702,13488247,11117403,3,2026-03-25,2026-03-25 08:07:02.822
2016902,12209582,11117403,9,2026-03-25,2026-03-25 08:00:00.618
2017802,14679869,11117403,8,2026-03-25,2026-03-25 20:06:52.481
2018202,11268607,11117403,3,2026-03-25,2026-03-25 08:11:08.166
2020808,82382887,11117403,6,2026-03-25,2026-03-25 08:00:00.881
2021902,14565614,11117403,9,2026-03-25,2026-03-25 09:46:40.386
2023502,17645731,11117403,9,2026-03-25,2026-03-25 10:14:57.180
2024402,21153162,11117403,3,2026-03-25,2026-03-25 11:43:32.635
2025502,19164413,11117403,9,2026-03-25,2026-03-25 11:41:47.899
2027002,23544890,11117403,3,2026-03-25,2026-03-25 08:00:00.137
2028602,17148960,11117403,3,2026-03-25,2026-03-25 18:41:19.602
2028602,20998101,11117403,9,2026-03-25,2026-03-25 14:26:19.743
2029902,19934713,11117403,3,2026-03-25,2026-03-25 09:03:13.400
2030502,24670288,11117403,6,2026-03-25,2026-03-25 08:49:57.758
2032402,25443376,11117403,9,2026-03-25,2026-03-25 08:00:00.754
2037402,33809175,11117403,9,2026-03-25,2026-03-25 09:07:48.378
2037402,30573964,11117403,3,2026-03-25,2026-03-25 17:21:16.226
2037402,34766622,11117403,9,2026-03-25,2026-03-25 11:46:14.112
2038602,34537037,11117403,9,2026-03-25,2026-03-25 20:52:35.039
2038602,34631138,11117403,9,2026-03-25,2026-03-25 09:01:36.307
2038602,34286887,11117403,3,2026-03-25,2026-03-25 12:30:06.791
2039502,32346790,11117403,6,2026-03-25,2026-03-25 08:00:00.737
2039502,31903209,11117403,6,2026-03-25,2026-03-25 13:20:04.067
2039502,36651288,11117403,9,2026-03-25,2026-03-25 17:10:30.606
2041002,32789846,11117403,9,2026-03-25,2026-03-25 08:05:52.360
2041002,35472678,11117403,3,2026-03-25,2026-03-25 19:48:49.056
2043802,35517908,11117403,3,2026-03-25,2026-03-25 12:53:08.082
2043802,30255513,11117403,9,2026-03-25,2026-03-25 15:22:49.059
2044602,39475626,11117403,6,2026-03-25,2026-03-25 12:46:05.995
2044602,36094522,11117403,3,2026-03-25,2026-03-25 16:28:39.916
2044602,36464289,11117403,6,2026-03-25,2026-03-25 12:14:03.075
2044602,36100391,11117403,3,2026-03-25,2026-03-25 14:05:17.436
2044602,35945548,11117403,9,2026-03-25,2026-03-25 14:10:15.726
2047102,38202601,11117403,9,2026-03-25,2026-03-25 11:36:12.729
2047102,38999353,11117403,9,2026-03-25,2026-03-25 16:26:02.684
2047102,36965778,11117403,9,2026-03-25,2026-03-25 08:28:30.702
2047502,38473327,11117403,9,2026-03-25,2026-03-25 08:00:00.037
2049702,40342119,11117403,9,2026-03-25,2026-03-25 16:08:20.763
2049702,38640833,11117403,3,2026-03-25,2026-03-25 14:15:31.113
2051002,37861437,11117403,9,2026-03-25,2026-03-25 08:04:32.351
2051002,37634758,11117403,9,2026-03-25,2026-03-25 08:47:04.515
2051002,38332753,11117403,3,2026-03-25,2026-03-25 11:32:05.811
2051002,37857182,11117403,3,2026-03-25,2026-03-25 08:31:38.868
2051302,49264391,11117403,9,2026-03-25,2026-03-25 08:51:08.277
2051302,54274604,11117403,1,2026-03-25,2026-03-25 11:34:14.526
2051302,42147446,11117403,9,2026-03-25,2026-03-25 12:41:24.824
2052702,50534664,11117403,9,2026-03-25,2026-03-25 09:54:17.841
2052702,43866835,11117403,9,2026-03-25,2026-03-25 18:14:56.679
2054002,44881393,11117403,9,2026-03-25,2026-03-25 10:26:38.917
2054002,44437762,11117403,9,2026-03-25,2026-03-25 13:06:08.213
2054202,46561134,11117403,9,2026-03-25,2026-03-25 08:00:00.156
2054202,46746081,11117403,3,2026-03-25,2026-03-25 14:13:29.765
2054202,45807993,11117403,3,2026-03-25,2026-03-25 12:26:28.447
2054202,45738722,11117403,9,2026-03-25,2026-03-25 10:44:21.657
2055802,50469173,11117403,3,2026-03-25,2026-03-25 13:32:28.365
2055802,48123842,11117403,9,2026-03-25,2026-03-25 08:34:28.904
2056102,45077858,11117403,3,2026-03-25,2026-03-25 08:00:00.570
2056102,53016855,11117403,9,2026-03-25,2026-03-25 09:43:49.674
2058302,48811209,11117403,3,2026-03-25,2026-03-25 17:51:07.471
2058302,51564845,11117403,9,2026-03-25,2026-03-25 11:46:48.877
2058402,56406903,11117403,3,2026-03-25,2026-03-25 11:13:26.015
2058802,47148619,11117403,9,2026-03-25,2026-03-25 08:08:01.776
2060302,63829245,11117403,9,2026-03-25,2026-03-25 18:35:10.982
2060902,58849865,11117403,3,2026-03-25,2026-03-25 13:58:51.102
2060902,59195532,11117403,6,2026-03-25,2026-03-25 09:10:05.762
2062402,61027994,11117403,9,2026-03-25,2026-03-25 10:29:03.332
2062602,62924001,11117403,3,2026-03-25,2026-03-25 10:06:03.456
2063202,63477560,11117403,3,2026-03-25,2026-03-25 14:37:59.999
2066102,68616983,11117403,3,2026-03-25,2026-03-25 16:25:47.069
2066102,73942835,11117403,3,2026-03-25,2026-03-25 11:27:29.294
2073702,74217496,11117403,3,2026-03-25,2026-03-25 10:49:32.008
2073702,78825258,11117403,9,2026-03-25,2026-03-25 22:27:22.459
2073702,75950065,11117403,6,2026-03-25,2026-03-25 10:17:04.488
2074702,76527080,11117403,3,2026-03-25,2026-03-25 09:22:08.003
2074702,76407300,11117403,9,2026-03-25,2026-03-25 09:50:29.850
2075202,77683775,11117403,6,2026-03-25,2026-03-25 08:24:29.609
2075802,77044213,11117403,9,2026-03-25,2026-03-25 10:33:09.181
2077702,200914659,11117403,9,2026-03-25,2026-03-25 10:01:12.863
2079102,203604039,11117403,3,2026-03-25,2026-03-25 14:28:20.371
2079102,203829770,11117403,9,2026-03-25,2026-03-25 09:43:48.567
2079102,85879245,11117403,9,2026-03-25,2026-03-25 13:16:57.277
2079302,200011513,11117403,9,2026-03-25,2026-03-25 18:07:58.083
2079302,84903781,11117403,3,2026-03-25,2026-03-25 14:21:01.231
2079402,86099899,11117403,9,2026-03-25,2026-03-25 22:54:27.876
2079402,83800758,11117403,9,2026-03-25,2026-03-25 10:40:29.549
2085302,207033720,11117403,6,2026-03-25,2026-03-25 18:21:43.924
2086302,208432223,11117403,3,2026-03-25,2026-03-25 09:49:12.447
2087402,211691265,11117403,9,2026-03-25,2026-03-25 17:45:43.721
2087402,211189088,11117403,6,2026-03-25,2026-03-25 14:35:54.627
2088202,211817775,11117403,9,2026-03-25,2026-03-25 09:20:19.932
2088302,212512616,11117403,3,2026-03-25,2026-03-25 11:35:59.480
2088802,213555419,11117403,6,2026-03-25,2026-03-25 08:00:00.375
2088802,213540253,11117403,9,2026-03-25,2026-03-25 10:34:06.694
2088902,213560257,11117403,3,2026-03-25,2026-03-25 10:30:27.090
2089802,215154060,11117403,9,2026-03-25,2026-03-25 09:14:49.918
2089802,215145267,11117403,6,2026-03-25,2026-03-25 10:00:55.776
2090002,215591532,11117403,3,2026-03-25,2026-03-25 11:36:51.608
2090002,216596435,11117403,3,2026-03-25,2026-03-25 08:47:19.890
2090402,216221503,11117403,3,2026-03-25,2026-03-25 13:32:35.431
2091802,218650976,11117403,3,2026-03-25,2026-03-25 12:23:59.285
2092202,219595760,11117403,9,2026-03-25,2026-03-25 13:14:31.585
2092202,219521262,11117403,3,2026-03-25,2026-03-25 08:00:00.346
2092202,219552719,11117403,6,2026-03-25,2026-03-25 08:00:00.346
2092402,219868479,11117403,3,2026-03-25,2026-03-25 18:35:12.804
2092602,220392936,11117403,9,2026-03-25,2026-03-25 08:00:00.635
2092602,220317668,11117403,3,2026-03-25,2026-03-25 16:54:09.883
2092702,220506803,11117403,6,2026-03-25,2026-03-25 13:06:20.317
2092902,220695495,11117403,3,2026-03-25,2026-03-25 08:00:00.111
2600502,123034587,11117403,9,2026-03-25,2026-03-25 11:41:16.682
2604402,206322082,11117403,3,2026-03-25,2026-03-25 10:27:25.903
2024402,21210005,11117403,9,2026-03-26,2026-03-26 03:05:14.000
2025502,19334221,11117403,9,2026-03-26,2026-03-26 00:18:58.925
2032002,26644639,11117403,9,2026-03-26,2026-03-26 02:47:50.708
2058302,49607696,11117403,9,2026-03-26,2026-03-26 00:58:06.264
2058302,51465031,11117403,3,2026-03-26,2026-03-26 01:40:29.388
2058402,47749872,11117403,3,2026-03-26,2026-03-26 03:55:10.369
2090402,216328753,11117403,9,2026-03-26,2026-03-26 04:14:31.113
2013602,10636189,11117403,3,2026-03-27,2026-03-27 22:41:32.201
2027002,22702681,11117403,3,2026-03-27,2026-03-27 16:36:10.898
2091002,217282276,11117403,6,2026-03-27,2026-03-27 08:00:43.378
2091202,217591631,11117403,9,2026-03-27,2026-03-27 12:37:10.090
2092902,220693634,11117403,3,2026-03-27,2026-03-27 03:07:02.141
2029902,21026765,11117403,9,2026-03-28,2026-03-28 18:38:47.204
2077702,201722326,11117403,9,2026-03-29,2026-03-29 00:39:25.197
2012402,9118756,11117403,9,2026-03-30,2026-03-30 08:00:10.597
2033202,204876526,11117403,6,2026-03-30,2026-03-30 08:04:21.724
2086302,206888530,11117403,6,2026-03-30,2026-03-30 08:03:24.892
2006502,5268132,11117403,9,2026-03-31,2026-03-31 10:23:51.618
2007202,5802697,11117403,16,2026-03-31,2026-03-31 08:00:00.252
2007202,5197394,11117403,9,2026-03-31,2026-03-31 20:37:07.735
2008502,7269796,11117403,9,2026-03-31,2026-03-31 09:04:55.253
2008502,5861504,11117403,6,2026-03-31,2026-03-31 21:05:12.274
2008502,7214009,11117403,9,2026-03-31,2026-03-31 12:07:20.672
2010102,7687760,11117403,9,2026-03-31,2026-03-31 12:49:58.409
2010102,7684652,11117403,9,2026-03-31,2026-03-31 12:47:25.976
2012302,8450553,11117403,9,2026-03-31,2026-03-31 08:00:00.859
2012302,8452753,11117403,9,2026-03-31,2026-03-31 14:56:46.933
2012302,7875978,11117403,3,2026-03-31,2026-03-31 17:33:38.289
2012302,8450553,11117403,3,2026-03-31,2026-03-31 08:01:39.820
2012402,5585274,11117403,3,2026-03-31,2026-03-31 16:23:26.530
2012402,5430097,11117403,9,2026-03-31,2026-03-31 08:04:01.128
2013602,9435357,11117403,9,2026-03-31,2026-03-31 12:10:03.339
2013602,9435357,11117403,9,2026-03-31,2026-03-31 12:10:37.580
2014502,13646884,11117403,9,2026-03-31,2026-03-31 14:33:52.256
2015702,14911843,11117403,9,2026-03-31,2026-03-31 11:12:24.103
2015702,15924453,11117403,27,2026-03-31,2026-03-31 08:50:49.705
2015702,14911843,11117403,9,2026-03-31,2026-03-31 11:12:03.206
2015702,14038457,11117403,9,2026-03-31,2026-03-31 19:26:34.238
2015702,13786919,11117403,3,2026-03-31,2026-03-31 08:47:19.743
2015702,10852862,11117403,6,2026-03-31,2026-03-31 18:50:44.783
2016902,10735057,11117403,3,2026-03-31,2026-03-31 09:32:24.694
2016902,11225640,11117403,3,2026-03-31,2026-03-31 11:39:30.824
2018202,12504668,11117403,9,2026-03-31,2026-03-31 08:20:14.810
2018202,12472432,11117403,3,2026-03-31,2026-03-31 12:48:15.604
2018202,12495012,11117403,3,2026-03-31,2026-03-31 08:07:59.018
2018502,10900179,11117403,3,2026-03-31,2026-03-31 08:04:40.574
2018602,11835901,11117403,27,2026-03-31,2026-03-31 13:57:41.541
2021902,14565614,11117403,6,2026-03-31,2026-03-31 09:09:52.829
2022002,14547240,11117403,12,2026-03-31,2026-03-31 16:07:37.920
2022002,16506490,11117403,9,2026-03-31,2026-03-31 10:06:56.671
2022002,16506490,11117403,9,2026-03-31,2026-03-31 10:06:31.491
2023502,13167307,11117403,3,2026-03-31,2026-03-31 09:46:35.705
2023502,17645731,11117403,3,2026-03-31,2026-03-31 11:42:26.665
2024402,21210005,11117403,9,2026-03-31,2026-03-31 10:43:04.664
2024402,19791705,11117403,3,2026-03-31,2026-03-31 08:05:41.464
2024402,21210005,11117403,9,2026-03-31,2026-03-31 10:44:50.636
2024502,19718770,11117403,3,2026-03-31,2026-03-31 08:36:07.364
2024702,20783920,11117403,9,2026-03-31,2026-03-31 15:04:08.397
2024702,18580605,11117403,3,2026-03-31,2026-03-31 10:07:14.936
2024702,19659598,11117403,6,2026-03-31,2026-03-31 09:55:28.444
2026002,24094088,11117403,6,2026-03-31,2026-03-31 16:22:52.601
2026002,21849135,11117403,6,2026-03-31,2026-03-31 14:39:57.840
2028602,17156034,11117403,3,2026-03-31,2026-03-31 15:29:01.942
2028602,20998101,11117403,9,2026-03-31,2026-03-31 22:20:46.408
2028602,17318536,11117403,9,2026-03-31,2026-03-31 13:36:25.191
2029902,21256242,11117403,9,2026-03-31,2026-03-31 09:04:01.324
2029902,23543311,11117403,3,2026-03-31,2026-03-31 17:33:13.086
2029902,20247205,11117403,9,2026-03-31,2026-03-31 19:16:13.715
2030002,24857905,11117403,3,2026-03-31,2026-03-31 15:59:56.105
2030002,23315198,11117403,6,2026-03-31,2026-03-31 10:33:52.098
2030002,25972832,11117403,9,2026-03-31,2026-03-31 20:55:08.058
2030502,23814001,11117403,6,2026-03-31,2026-03-31 15:54:40.025
2031402,25675613,11117403,9,2026-03-31,2026-03-31 08:35:47.010
2032402,25443376,11117403,9,2026-03-31,2026-03-31 15:59:15.904
2032402,25443376,11117403,3,2026-03-31,2026-03-31 16:05:56.584
2032402,27909564,11117403,3,2026-03-31,2026-03-31 11:57:57.091
2033902,26596776,11117403,3,2026-03-31,2026-03-31 09:03:55.971
2037402,36439403,11117403,3,2026-03-31,2026-03-31 12:17:23.636
2037402,33809175,11117403,9,2026-03-31,2026-03-31 09:26:15.931
2037402,33809175,11117403,9,2026-03-31,2026-03-31 09:24:30.503
2038602,33093019,11117403,6,2026-03-31,2026-03-31 15:49:52.776
2038602,34537037,11117403,9,2026-03-31,2026-03-31 08:24:35.142
2038602,34631138,11117403,3,2026-03-31,2026-03-31 11:09:07.633
2038602,34537037,11117403,9,2026-03-31,2026-03-31 08:23:14.168
2039502,31903502,11117403,9,2026-03-31,2026-03-31 11:00:00.263
2039502,31888806,11117403,9,2026-03-31,2026-03-31 20:18:07.347
2039502,31888806,11117403,9,2026-03-31,2026-03-31 20:15:19.586
2041002,26939967,11117403,3,2026-03-31,2026-03-31 08:53:43.590
2041002,33696777,11117403,3,2026-03-31,2026-03-31 08:36:06.077
2041002,32789846,11117403,4,2026-03-31,2026-03-31 08:18:02.098
2041002,32480818,11117403,3,2026-03-31,2026-03-31 11:17:43.934
2043802,35517908,11117403,3,2026-03-31,2026-03-31 09:22:20.140
2044602,47703789,11117403,3,2026-03-31,2026-03-31 15:47:02.326
2044602,35945548,11117403,9,2026-03-31,2026-03-31 18:00:35.381
2044602,36103065,11117403,9,2026-03-31,2026-03-31 11:17:51.474
2044602,35998939,11117403,9,2026-03-31,2026-03-31 09:58:22.840
2044602,35945548,11117403,9,2026-03-31,2026-03-31 18:00:59.474
2044602,36103065,11117403,9,2026-03-31,2026-03-31 11:18:48.343
2044602,36128894,11117403,3,2026-03-31,2026-03-31 09:35:23.289
2046502,48442706,11117403,3,2026-03-31,2026-03-31 22:48:05.280
2046502,48442706,11117403,9,2026-03-31,2026-03-31 22:20:13.758
2047102,38138221,11117403,9,2026-03-31,2026-03-31 09:08:05.382
2047102,7577633,11117403,3,2026-03-31,2026-03-31 08:18:21.402
2047102,38999353,11117403,9,2026-03-31,2026-03-31 18:41:37.428
2047502,40745445,11117403,6,2026-03-31,2026-03-31 15:33:11.386
2047502,45310161,11117403,6,2026-03-31,2026-03-31 08:58:51.997
2047502,37431440,11117403,3,2026-03-31,2026-03-31 16:49:11.601
2049702,38623963,11117403,9,2026-03-31,2026-03-31 08:00:36.722
2050502,39828626,11117403,3,2026-03-31,2026-03-31 14:33:48.080
2050502,39850618,11117403,3,2026-03-31,2026-03-31 17:52:39.482
2050802,40277160,11117403,6,2026-03-31,2026-03-31 11:05:04.528
2050802,40267233,11117403,9,2026-03-31,2026-03-31 12:36:02.040
2051002,41448533,11117403,3,2026-03-31,2026-03-31 13:33:08.079
2051002,37634758,11117403,9,2026-03-31,2026-03-31 18:04:49.039
2051002,37857182,11117403,6,2026-03-31,2026-03-31 10:13:44.389
2051302,54274604,11117403,9,2026-03-31,2026-03-31 10:18:41.440
2051302,42235454,11117403,3,2026-03-31,2026-03-31 21:26:51.415
2051302,42147446,11117403,3,2026-03-31,2026-03-31 12:23:18.740
2051302,42147446,11117403,3,2026-03-31,2026-03-31 12:22:12.508
2051302,49229750,11117403,6,2026-03-31,2026-03-31 10:58:16.212
2052502,43785598,11117403,9,2026-03-31,2026-03-31 10:58:25.513
2052702,43866835,11117403,9,2026-03-31,2026-03-31 11:30:03.851
2052702,55282208,11117403,6,2026-03-31,2026-03-31 19:38:28.857
2052702,50534664,11117403,9,2026-03-31,2026-03-31 09:36:10.860
2054002,44450559,11117403,6,2026-03-31,2026-03-31 13:22:48.959
2054002,44437762,11117403,9,2026-03-31,2026-03-31 13:40:46.373
2054002,44437762,11117403,9,2026-03-31,2026-03-31 13:42:37.025
2054002,44881393,11117403,9,2026-03-31,2026-03-31 17:12:06.366
2054202,46561134,11117403,9,2026-03-31,2026-03-31 09:16:25.016
2055302,42329058,11117403,3,2026-03-31,2026-03-31 10:01:56.253
2055302,46972595,11117403,3,2026-03-31,2026-03-31 08:00:00.888
2055802,48123842,11117403,9,2026-03-31,2026-03-31 13:21:18.441
2055802,50940025,11117403,9,2026-03-31,2026-03-31 12:06:04.296
2055802,50940025,11117403,3,2026-03-31,2026-03-31 12:03:09.375
2055802,48123842,11117403,3,2026-03-31,2026-03-31 08:00:00.938
2056102,48061166,11117403,3,2026-03-31,2026-03-31 08:07:32.604
2056102,49322889,11117403,3,2026-03-31,2026-03-31 08:49:07.189
2056102,53016855,11117403,9,2026-03-31,2026-03-31 23:45:33.457
2058302,51618098,11117403,3,2026-03-31,2026-03-31 16:43:41.722
2058302,49607696,11117403,9,2026-03-31,2026-03-31 11:00:13.921
2058302,51564845,11117403,9,2026-03-31,2026-03-31 13:36:33.894
2058302,51762046,11117403,3,2026-03-31,2026-03-31 11:25:11.985
2058302,51564845,11117403,9,2026-03-31,2026-03-31 13:33:06.974
2058302,52097110,11117403,6,2026-03-31,2026-03-31 12:03:02.698
2058402,47645491,11117403,6,2026-03-31,2026-03-31 11:58:03.670
2058802,47148619,11117403,6,2026-03-31,2026-03-31 13:27:32.338
2060302,55210683,11117403,9,2026-03-31,2026-03-31 09:46:54.744
2060302,65816233,11117403,9,2026-03-31,2026-03-31 18:14:34.386
2060302,67408356,11117403,6,2026-03-31,2026-03-31 17:00:26.011
2060902,59793165,11117403,9,2026-03-31,2026-03-31 21:43:52.896
2060902,66718105,11117403,6,2026-03-31,2026-03-31 09:05:07.226
2061402,56895815,11117403,6,2026-03-31,2026-03-31 08:01:54.125
2061402,57099035,11117403,3,2026-03-31,2026-03-31 08:02:19.000
2062402,61027994,11117403,9,2026-03-31,2026-03-31 12:51:01.348
2062402,61027994,11117403,9,2026-03-31,2026-03-31 12:51:58.656
2062602,63018309,11117403,6,2026-03-31,2026-03-31 08:47:33.242
2063202,58725620,11117403,6,2026-03-31,2026-03-31 14:47:22.249
2063202,63960297,11117403,9,2026-03-31,2026-03-31 08:44:58.945
2063202,58103794,11117403,3,2026-03-31,2026-03-31 12:40:06.405
2066102,71341602,11117403,3,2026-03-31,2026-03-31 09:11:49.236
2066102,69269483,11117403,3,2026-03-31,2026-03-31 13:01:31.462
2066102,69269483,11117403,3,2026-03-31,2026-03-31 13:00:52.657
2066102,73942835,11117403,9,2026-03-31,2026-03-31 11:53:15.198
2068602,71894141,11117403,3,2026-03-31,2026-03-31 08:08:12.023
2069702,71763137,11117403,9,2026-03-31,2026-03-31 08:37:35.439
2069702,71402757,11117403,6,2026-03-31,2026-03-31 09:06:51.659
2075802,79142355,11117403,3,2026-03-31,2026-03-31 08:41:12.046
2077102,80638272,11117403,9,2026-03-31,2026-03-31 12:18:49.646
2077102,80638272,11117403,9,2026-03-31,2026-03-31 12:19:19.052
2077702,200914659,11117403,9,2026-03-31,2026-03-31 08:05:24.028
2077702,201835515,11117403,6,2026-03-31,2026-03-31 14:57:49.491
2077702,83203199,11117403,9,2026-03-31,2026-03-31 12:47:28.139
2078402,88403332,11117403,9,2026-03-31,2026-03-31 08:28:04.377
2078402,87324159,11117403,9,2026-03-31,2026-03-31 11:05:53.610
2078702,86805641,11117403,6,2026-03-31,2026-03-31 14:00:29.169
2078702,82327119,11117403,3,2026-03-31,2026-03-31 19:27:04.822
2079102,203829770,11117403,9,2026-03-31,2026-03-31 09:41:44.784
2079102,203829770,11117403,9,2026-03-31,2026-03-31 11:11:02.425
2079302,85637282,11117403,9,2026-03-31,2026-03-31 13:26:04.683
2079302,200011513,11117403,9,2026-03-31,2026-03-31 18:23:14.954
2079302,213220365,11117403,9,2026-03-31,2026-03-31 13:10:35.067
2079402,85532787,11117403,3,2026-03-31,2026-03-31 08:40:16.202
2079402,86044129,11117403,3,2026-03-31,2026-03-31 08:01:16.270
2084102,204704372,11117403,3,2026-03-31,2026-03-31 09:13:19.253
2084502,205786348,11117403,3,2026-03-31,2026-03-31 21:05:32.184
2085302,206361368,11117403,9,2026-03-31,2026-03-31 14:58:11.066
2086302,207339175,11117403,6,2026-03-31,2026-03-31 10:19:02.347
2086302,207771845,11117403,6,2026-03-31,2026-03-31 12:09:59.944
2087402,211189088,11117403,6,2026-03-31,2026-03-31 11:39:42.576
2087402,211312131,11117403,3,2026-03-31,2026-03-31 08:00:00.529
2088202,211163075,11117403,6,2026-03-31,2026-03-31 12:31:42.786
2088202,211817775,11117403,9,2026-03-31,2026-03-31 13:08:06.971
2088202,210391336,11117403,9,2026-03-31,2026-03-31 23:22:29.950
2088802,213540253,11117403,9,2026-03-31,2026-03-31 08:57:15.867
2088802,212692533,11117403,9,2026-03-31,2026-03-31 20:01:59.642
2088802,213471781,11117403,6,2026-03-31,2026-03-31 10:46:58.440
2088802,212692533,11117403,3,2026-03-31,2026-03-31 12:25:00.445
2090402,215010796,11117403,9,2026-03-31,2026-03-31 18:40:27.356
2090402,214881047,11117403,9,2026-03-31,2026-03-31 08:09:10.707
2090402,215712733,11117403,3,2026-03-31,2026-03-31 14:37:46.488
2092002,219079180,11117403,3,2026-03-31,2026-03-31 12:48:48.855
2092202,219430018,11117403,3,2026-03-31,2026-03-31 10:10:09.168
2092602,220198521,11117403,3,2026-03-31,2026-03-31 08:39:58.958
2092702,220483460,11117403,6,2026-03-31,2026-03-31 08:55:13.516
2092702,220483460,11117403,3,2026-03-31,2026-03-31 08:00:22.403
2092702,220506803,11117403,8,2026-03-31,2026-03-31 11:04:45.941
2092702,220389218,11117403,9,2026-03-31,2026-03-31 08:14:18.417
2092802,220840809,11117403,6,2026-03-31,2026-03-31 13:20:55.920
2092802,220840809,11117403,9,2026-03-31,2026-03-31 13:32:16.726
2092802,220560087,11117403,6,2026-03-31,2026-03-31 08:02:52.620
2092802,220818188,11117403,6,2026-03-31,2026-03-31 08:00:30.062
2600502,122799750,11117403,6,2026-03-31,2026-03-31 11:11:47.140
2603602,120781801,11117403,18,2026-03-31,2026-03-31 12:07:03.245
2007202,5197394,11117403,9,2026-04-01,2026-04-01 16:39:01.058
2021902,15449721,11117403,6,2026-04-01,2026-04-01 11:31:16.354
2022002,15704283,11117403,3,2026-04-01,2026-04-01 11:11:11.248
2022002,14294076,11117403,9,2026-04-01,2026-04-01 01:12:47.937
2024402,21153162,11117403,3,2026-04-01,2026-04-01 05:32:48.468
2024402,19133094,11117403,9,2026-04-01,2026-04-01 01:28:16.746
2024502,22121223,11117403,6,2026-04-01,2026-04-01 00:56:21.231
2030502,21379559,11117403,9,2026-04-01,2026-04-01 05:52:45.568
2038602,28806186,11117403,6,2026-04-01,2026-04-01 08:19:36.195
2039502,31903502,11117403,9,2026-04-01,2026-04-01 00:46:29.934
2041002,35758032,11117403,12,2026-04-01,2026-04-01 05:11:07.596
2041002,31469822,11117403,3,2026-04-01,2026-04-01 05:18:16.769
2043802,57454822,11117403,6,2026-04-01,2026-04-01 18:32:06.099
2047102,38999353,11117403,3,2026-04-01,2026-04-01 04:39:39.362
2047102,38202601,11117403,9,2026-04-01,2026-04-01 01:06:17.389
2047502,38473327,11117403,9,2026-04-01,2026-04-01 00:53:30.788
2052702,43437787,11117403,9,2026-04-01,2026-04-01 02:13:53.660
2074702,76554510,11117403,3,2026-04-01,2026-04-01 13:51:48.316
2077702,201414790,11117403,9,2026-04-01,2026-04-01 01:21:58.971
2079102,84502289,11117403,3,2026-04-01,2026-04-01 01:27:45.343
2084102,206003198,11117403,6,2026-04-01,2026-04-01 01:44:29.074
2085302,208171139,11117403,9,2026-04-01,2026-04-01 01:16:56.022
2087402,210701592,11117403,3,2026-04-01,2026-04-01 04:22:52.828
2090802,216875915,11117403,1,2026-04-01,2026-04-01 06:40:20.752
2603602,120781801,11117403,9,2026-04-01,2026-04-01 21:33:51.405
2010302,9271340,11117403,9,2026-04-02,2026-04-02 01:57:10.146
2010302,9271340,11117403,9,2026-04-02,2026-04-02 01:43:15.026
2016902,5463773,11117403,240,2026-04-02,2026-04-02 21:02:46.892
2022002,14613975,11117403,3,2026-04-02,2026-04-02 04:27:03.434
2023502,15815485,11117403,9,2026-04-02,2026-04-02 14:47:31.532
2024402,20938439,11117403,9,2026-04-02,2026-04-02 12:45:21.473
2054002,45509457,11117403,9,2026-04-02,2026-04-02 11:32:10.746
2060302,65105808,11117403,3,2026-04-02,2026-04-02 08:32:25.383
2061402,60346012,11117403,9,2026-04-02,2026-04-02 12:44:34.158
2063202,58725620,11117403,6,2026-04-02,2026-04-02 00:01:09.054
2078702,83423760,11117403,9,2026-04-02,2026-04-02 02:02:54.311
2090402,214950417,11117403,3,2026-04-02,2026-04-02 18:28:13.965
2025502,19164413,11117403,3,2026-04-03,2026-04-03 21:03:05.337
2054202,47852050,11117403,9,2026-04-03,2026-04-03 11:23:16.211
2087402,211691265,11117403,9,2026-04-03,2026-04-03 04:12:11.893
2089202,213838118,11117403,9,2026-04-03,2026-04-03 21:53:06.079
