A_INT_id,A_INT_activity_id,S_STR_comment
21111017,21121043,登星之旅（生命周期）
21111018,21121044,一飞冲天（老兼容用）
21111022,21121048,社区邀请活动
21111024,21121050,直上云霄13级
21111025,21121051,直上云霄15级
21111026,21121052,直上云霄18级
21111028,21121054,为香蕉干杯（生命周期）
21111029,21121022,神秘的踪迹
21111030,21121588,科兹摩的威胁（生命周期-第1期）
21111032,21121183,领地巡防（后台）
21111034,21121182,巨猿围攻（集结出击）（后台）
21111035,21121058,挑战变异猴-战无不胜（双周常循环）
21111036,21121059,挑战变异巨猿-团结一心（双周常循环）
21111037,21121060,训练大作战（双周常循环）
21111038,21121061,采集大作战（单周常循环）
21111039,21121062,城市大发展（弃用）
21111040,21121063,科研大提升（弃用）
21111041,21121064,异种蛮猴的挑战（双周常循环）
21111042,21121065,无尽战意（后台）
21111043,21121066,部落首领争夺战
21111044,21121113,氏族征召
21111045,21121058,循环活动-pve ark上线测试
21111046,21121588,科兹摩的威胁（上线测试）
21111048,21121068,押运招募令-额外奖励
21111049,21121069,BattlePass
21111050,21121070,押运招募令-额外次数（双周常循环）
21111051,21121071,物品探测高级探测卡池-循环
21111061,21121081,物品探测-卡池1后台
21111062,21121082,物品探测-卡池2后台
21111063,21121083,物品探测-卡池3后台
21111064,21121084,物品探测-卡池4后台
21111065,21121085,物品探测-卡池5后台
21111066,21121086,物品探测-卡池6后台
21111067,21121087,物品探测-卡池7后台
21111068,21121088,物品探测-卡池8后台
21111069,21121089,物品探测-卡池9后台
21111070,21121090,物品探测-卡池10后台
21111071,21121138,幸运奖盘（露易丝）（生命周期-第5期）
21111072,21121092,感恩节-兑换
21111073,21121093,感恩节-登录
21111074,21121094,感恩节-采集资源
21111075,21121095,感恩节-击败变异猴
21111076,21121096,感恩节-击败变异巨猿
21111077,21121097,感恩节-科研消耗
21111078,21121098,感恩节-建筑消耗
21111079,21121099,感恩节-训练
21111081,21121103,BattlePass-第二赛季
21111082,21121101,玩家邀请活动-邀请码
21111083,21121102,玩家邀请活动-邀请任务
21111084,21121104,卫星战场活动（双周循环）
21111085,21121105,圣诞节-兑换
21111086,21121106,圣诞节-登录
21111087,21121107,圣诞节-可持续发展
21111088,21121108,圣诞节-掉落
21111089,21121271,幸运奖盘（拉姆斯）（生命周期-第1期）
21111097,21121141,最强猴子（马克西姆斯）（生命周期-第1期）
21111098,21122018,高级ac卫星战场活动（schema5开）
21111099,21122018,卫星战场活动（手动上）
21111100,21122018,高级ac卫星战场活动（手动）
21111101,21122139,ac联赛-主活动
21111102,21122140,ac联赛-参赛详情
21111103,21122141,战车活跃活动-自动上版
21111104,21122141,战车活跃活动-补老服版
21111107,21121114,甜蜜暴击
21111108,21121115,情人节-登录
21111109,21121116,情人节-可持续发展
21111110,21121117,情人节-掉落
21111111,21121118,普通gacha
21111112,21121118,普通gacha12服临时配置
21111113,21121183,领地巡防（生命周期-第1期）
21111114,21121182,巨猿围攻（集结出击）（生命周期-第1期）
21111115,21121061,采集大作战（生命周期-第1期）
21111116,21121232,幸运奖盘（Shema3版）
21111117,21121256,最强猴子（Shema3版）
21111118,21121119,帮派集结（生命周期）
21111119,21121120,帮派运动会
21111120,21121232,幸运奖盘（Shema4版）
21111121,21121256,最强猴子（Shema4版）
21111122,21122158,最强猴子（跨服版礼包）
21111123,21121297,最强猴子（死兵返还礼包）
21111124,21121174,讨伐霍格博士-飙车族（生命周期-第1期）
21111125,21121127,全能竞技场
21111126,21121174,讨伐霍格博士-飙车族（生命周期-第2期）
21111127,21121129,BattlePass-第三赛季
21111128,21121132,KVK主活动
21111129,21121130,一网打尽（KVK服）
21111130,21121131,KVK预热-发射准备
21111131,21121133,KVK成就任务
21111132,21121232,幸运奖盘（Shema5版）
21111133,21121256,最强猴子（Shema5版）
21111134,21121136,BattlePass30天-新第三赛季（弃用）
21111135,21121118,普通gacha_kvk服
21111136,21121161,城市大发展-schema3循环-通用金头
21111137,21121397,城市大发展（生命周期-通用金头）
21111138,21121162,科研大提升-schema3循环-通用金头
21111139,21121071,物品探测高级卡池_kvk服
21111140,21121141,最强猴子（马克西姆斯）（生命周期-第2期）
21111141,21121127,全能竞技场（后台上线版）
21111142,21121164,一网打尽（周循环）
21111143,21121165,帮派崛起活动（生命周期-第1期）
21111144,21121166,霍格博士的复仇-schema3
21111145,21121166,霍格博士的复仇-schema4
21111146,21121138,幸运奖盘（露易丝）（生命周期-第6期）
21111147,21121169,边境竞技场
21111148,21121137,幸运奖盘（弃用
21111149,21121271,幸运奖盘（拉姆斯）（生命周期-第2期）
21111150,21121368,讨伐霍格博士-飙车族收藏品（生命周期-第3期）
21111151,21121173,讨伐霍格博士-打击手（生命周期-第4期）
21111152,21121588,科兹摩的威胁（生命周期-第2期）
21111153,21121588,科兹摩的威胁（生命周期-第3期）
21111154,21121371,幸运奖盘（菲奥娜）（生命周期-第3期）
21111155,21121371,幸运奖盘（菲奥娜）（生命周期-第4期）
21111156,21121370,最强猴子（巴泽尔）（生命周期-第3期）
21111157,21121370,最强猴子（巴泽尔）（生命周期-第4期）
21111158,21121145,最强猴子（肖恩）（生命周期-第5期）
21111159,21121162,科研大提升（生命周期-通用金头）
21111160,21121061,采集大作战（生命周期-第2期）
21111161,21121061,采集大作战（生命周期-第3期）
21111162,21121061,采集大作战（生命周期-第4期）
21111163,21121061,采集大作战（生命周期-第5期）
21111164,21121070,押运招募令-额外次数（生命周期-第2期）
21111165,21121070,押运招募令-额外次数（生命周期-第3期）
21111166,21121070,押运招募令-额外次数（生命周期-第4期）
21111167,21121060,训练大作战（生命周期-第1期）
21111168,21121060,训练大作战（生命周期-第2期）
21111169,21121060,训练大作战（生命周期-第3期）
21111170,21121060,训练大作战（生命周期-第4期）
21111171,21121164,一网打尽（生命周期-第1期）
21111172,21121164,一网打尽（生命周期-第2期）
21111173,21121164,一网打尽（生命周期-第3期）
21111174,21121164,一网打尽（生命周期-第4期）
21111175,21121164,一网打尽（生命周期-第5期）
21111176,21121120,帮派运动会联赛（生命周期）
21111177,21121064,异种蛮猴的挑战（生命周期-第1期）
21111178,21121104,卫星战场活动（生命周期-第1期）
21111179,21121180,卫星战场活动（生命周期-第1期）
21111180,21121180,英雄竞技场（生命周期-第2期）
21111181,21121180,英雄竞技场（生命周期-第3期）
21111182,21121127,全能竞技场（生命周期-第1期）
21111183,21121183,领地巡防（生命周期-第2期）
21111184,21121183,领地巡防（生命周期-第3期）
21111185,21121182,巨猿围攻（集结出击）（生命周期-第2期）
21111186,21121182,巨猿围攻（集结出击）（生命周期-第3期）
21111187,21121166,霍格博士的复仇（生命周期）
21111188,21121169,边境竞技场（生命周期-第1期）
21111189,21121169,边境竞技场（生命周期-第2期）
21111190,21121169,边境竞技场（生命周期-第3期）
21111191,21121169,边境竞技场（生命周期-第4期）
21111192,21121127,全能竞技场（生命周期-第2期）
21111193,21121367,讨伐霍格博士-打击手收藏品（生命周期-第5期）
21111194,21121175,讨伐霍格博士-射击手（生命周期-第6期）
21111195,21121369,讨伐霍格博士-射击手收藏品（生命周期-第7期）
21111196,0,讨伐霍格博士（Schema3版-纯英雄）
21111197,21121176,战力大冲刺（生命周期1期）
21111198,0,讨伐霍格博士（Schema4版）弃用
21111199,21121177,BattlePass14天-新第一赛季（生命周期-第1期）（弃用）
21111200,21121178,BattlePass14天-新第二赛季（生命周期-第2期）（弃用）
21111201,21121179,BattlePass14天-新第三赛季（生命周期-第3期）（弃用）
21111202,21121180,英雄竞技场
21111203,21121181,泳池派对
21111204,21121181,泳池派对（生命周期）
21111205,21121184,押镖bp（生命周期-第1期）
21111206,21121184,押镖bp（生命周期-第2期）
21111207,21121184,押镖bp（生命周期-第3期）
21111208,21121184,押镖bp（生命周期-第4期）
21111209,21121184,押镖bp（生命周期-第5期）
21111210,21121184,押镖bp（生命周期-第6期）
21111211,21121184,押镖bp（弃用）
21111212,21121185,前7天登录活动（生命周期）
21111213,21121186,英雄培养活动（罗尼贾）
21111214,21121187,英雄培养活动（美妮）
21111215,21121188,cd银行
21111216,21121195,物品探测配套活动-原服-猴子收藏家
21111217,21121195,物品探测配套活动-KVK-猴子收藏家
21111218,21121195,物品探测配套活动-后台-猴子收藏家
21111219,21121165,帮派崛起活动（生命周期-第2期）
21111220,21121165,帮派崛起活动（生命周期-第3期）
21111221,21121120,帮派运动会联赛（KVK2版）
21111222,21121120,帮派运动会联赛（老服循环）
21111223,21121120,帮派运动会联赛（弃用
21111224,21121120,帮派运动会联赛（KVK1版）
21111225,21121190,wonder争夺活动
21111226,21121191,英雄培养活动（露易丝）
21111227,21121192,英雄培养活动（杰克）
21111228,21121193,英雄培养活动（肖恩）
21111229,21121194,BattlePass14天-自选赛季（后台）
21111230,21121184,押镖bp（schema3-5循环）
21111231,21121213,万圣节-兑换
21111232,21121210,万圣节-登录
21111233,21121211,万圣节-可持续发展
21111234,21121212,万圣节-掉落
21111235,21121214,无尽战意（new-节日版）
21111236,21121215,无尽战意（new-kvk版）
21111237,21121216,泳池派对-活跃
21111238,21121217,泳池派对-排名
21111239,21121216,泳池派对-活跃（生命周期）
21111240,21121217,泳池派对-排名（生命周期）
21111241,21121153,物品探测-原服-72天后循环
21111242,21121223,宝石返利活动（生命周期）
21111243,21121224,英雄培养活动（戴维斯）
21111244,21121194,BattlePass14天-自选赛季（老服循环）（弃用）
21111245,21121225,感恩节BP
21111246,21121226,感恩节-登录
21111247,21121227,感恩节-可持续发展
21111248,21121228,感恩节-掉落
21111249,21121229,无尽战意（new-感恩节版）
21111250,21121230,电力冲刺（生命周期第一期）
21111251,21121230,电力冲刺（生命周期第二期）
21111252,21121230,电力冲刺（生命周期第三期）
21111253,21121230,电力冲刺（生命周期第四期）
21111254,21121230,电力冲刺（老服循环）
21111255,21121223,宝石返利活动（月循环）
21111256,21121120,帮派运动会联赛（生命周期-第二期）
21111257,21121176,战力大冲刺（弃用）
21111258,21121164,一网打尽（生命周期-第6期）
21111259,21121104,卫星战场活动（生命周期-第2期
21111260,21121127,全能竞技场（生命周期-第3期）
21111261,21121064,异种蛮猴的挑战（生命周期-第2期）
21111262,21121064,异种蛮猴的挑战（生命周期-第3期）
21111263,21121233,圣诞节BP
21111264,21121234,圣诞节-七日
21111265,21121235,圣诞节-可持续发展
21111266,21121236,圣诞节-掉落
21111267,21121237,无尽战意（new-圣诞节版）
21111268,21121238,2021圣诞gacha
21111269,21121239,2021圣诞gacha-兑换
21111270,21121166,霍格博士的复仇（ark上）
21111271,21121240,英雄培养活动（菲奥娜）
21111272,21122117,联动礼包-飙车双侠
21111273,21121242,联动礼包-快速建设
21111274,21121243,联动礼包-唱片豪礼
21111275,21121244,联动礼包-增益成长
21111276,21121245,钢铁雄师（生命周期）
21111277,21121246,新人hud-为香蕉干杯-葛列格展示
21111278,21121247,新人hud-新人商店
21111279,21121248,甜蜜暴击2022
21111280,21121249,情人节2022-七日
21111281,21121250,情人节2022-可持续发展
21111282,21121251,情人节2022-掉落
21111283,21121315,联盟充值-schema4/5
21111284,21121314,联盟充值-schema3
21111285,21121254,狙击强盗猿积分（后台）
21111286,21121255,狙击强盗猿（后台）
21111287,21121254,狙击强盗猿积分（生命周期-第2期）
21111288,21121255,狙击强盗猿（生命周期-第2期）
21111289,21121254,狙击强盗猿积分（生命周期-第3期）
21111290,21121255,狙击强盗猿（生命周期-第3期）
21111291,21121254,狙击强盗猿积分（生命周期-第1期）
21111292,21121255,狙击强盗猿（生命周期-第1期）
21111293,21121255,狙击强盗猿（老服循环1）
21111294,21121253,联盟充值（生命周期-第一期）
21111295,21121254,狙击强盗猿积分（老服循环1）
21111296,21121064,异种蛮猴的挑战（后台）
21111297,21121263,英雄培养活动（克拉克兄弟）
21111298,21121258,飞艇击落战积分（后台）
21111299,21121259,飞艇击落战（后台）
21111300,21121469,跨服wonder - 主活动
21111301,21121467,跨服wonder - 预热
21111302,21121468,跨服wonder - 兑换
21111303,21121254,狙击强盗猿积分（生命周期-第5期）
21111304,21121255,狙击强盗猿（生命周期-第5期）
21111305,21121258,飞艇击落战积分（Schema3）
21111306,21121259,飞艇击落战（Schema3）
21111307,21121264,军备发展-钢铁雄师2（生命周期）
21111308,21121254,狙击强盗猿积分（生命周期-第4期）
21111309,21121255,狙击强盗猿（生命周期-第4期）
21111310,21121258,飞艇击落战积分（Schema4）
21111311,21121259,飞艇击落战（Schema4）
21111312,21121265,收藏品图鉴（生命周期）
21111315,21121266,复活节bp2022
21111316,21121267,复活节2022-七日
21111317,21121268,复活节2022-可持续发展
21111318,21121253,联盟充值（后台）
21111319,21121253,联盟充值（生命周期-第二期）
21111320,21121145,最强猴子（肖恩）（生命周期-第6期）
21111321,21121272,齐心扬名
21111322,21121273,英雄培养活动（拉姆斯）
21111323,21121274,AC邀请赛总活动
21111324,21121275,极速救援
21111326,21121277,挑战变异猴-战无不胜（双周常循环）kvk
21111327,21121278,挑战变异巨猿-团结一心（双周常循环）kvk
21111328,21121276,训练大作战（双周常循环）kvk
21111329,21121282,物品探测高级探测-schema3、4-49版本后废弃
21111330,21121195,物品探测配套活动-猴子收藏家
21111331,21121275,极速救援（ark上）
21111332,21121283,收藏品普通活跃活动-1
21111333,21121284,收藏品普通活跃活动-2
21111334,21121285,登陆bp-个人前七天
21111335,21121294,登陆bp-服务器循环-schema1
21111336,21121287,幼猴节gacha2022（生命周期）
21111337,21122067,幼猴节2022-七日（生命周期）
21111338,21121289,幼猴节2022-可持续发展（生命周期）
21111339,21121290,幼猴节2022-累计（生命周期）
21111340,21121291,幼猴节2022-无尽战意（生命周期）
21111342,21121295,登陆bp-服务器循环-schema3
21111344,21121307,KVK2主活动
21111345,21121308,KVK2排行榜与遗迹故事
21111346,21121309,KVK2自选任务
21111347,21121299,跨服wonder（跨服版礼包）
21111348,21121300,跨服wonder（死兵返还礼包）
21111349,21121310,KVK2一网打尽
21111350,21121311,军备竞赛（弃用）
21111351,21121311,军备竞赛-schema3
21111352,21121312,宝石返利活动-schema3
21111353,21121313,宝石返利活动-schema4
21111354,21121298,七日登陆bp-服务器循环-装备-ark上
21111355,21121316,回归活动-新的征程
21111356,21121317,回归活动-BP
21111357,21121318,回归活动-签到
21111358,21121319,回归活动-礼包
21111359,21121320,回归活动-7日
21111360,21121321,夏日狂欢bp2022
21111361,21121322,夏日狂欢2022-七日
21111362,21121323,夏日狂欢2022-可持续发展
21111363,21121324,夏日狂欢2022-掉落
21111364,21121325,夏日狂欢2022-无尽战意
21111366,21121327,夏日狂欢2022-礼包
21111367,21121328,跨服wonder-主页
21111368,21121329,最强猴王-主页
21111369,21121330,小额连续充值
21111370,21121331,社区裂变活动（国际服）
21111371,21121280,霍格博士飙车族kvk-ark上
21111372,21121332,wonder争夺活动-schema3
21111373,21121333,wonder争夺活动-schema4
21111374,21121334,一网打尽-3
21111375,21121335,一网打尽-4
21111376,21121331,社区裂变活动（国际服-临时）
21111377,21121281,霍格博士射击手kvk-ark上
21111378,21121339,开工日活动
21111379,21121340,科技节2022-gacha
21111380,21121341,科技节2022-七日
21111381,21121342,科技节2022-可持续发展
21111382,21121343,科技节2022-掉落
21111383,21121344,科技节2022-无尽战意
21111384,21121330,小额连续充值
21111385,21121345,预流失活动
21111386,21121346,预流失礼包
21111387,21121347,炮台kvk常驻
21111388,21121348,泳池派对（不放回版）
21111389,21121349,泳池派对（不放回版）-活跃
21111390,21121350,马戏节bp
21111391,21121351,马戏节-七日
21111392,21121352,马戏节-可持续发展
21111393,21121353,马戏节-掉落
21111394,21121354,马戏节-无尽战意
21111395,21121355,马戏节2022-礼包
21111396,21121104,卫星战场活动（手动上）
21111398,21121171,讨伐霍格博士kvk2-1（国服）
21111399,21121356,收藏品许愿池
21111400,21121365,开服加速活动
21111401,21121357,万圣节-2022-gacha
21111402,21121358,万圣节-2022-bp
21111403,21121359,万圣节-2022-新7日拼图
21111404,21121360,万圣节-2022-可持续发展
21111405,21121361,万圣节-2022-掉落
21111406,21121362,万圣节-2022-无尽战意
21111407,21121363,万圣节2022-累计
21111408,21121132,KVK主活动-威力加强版
21111409,21121307,KVK2主活动-威力加强版
21111410,21121145,最强猴子（肖恩）（ark上）
21111411,21121366,物品探测高级探测卡池-schema1第一期（暂时弃用）
21111412,21121287,幼猴节gacha2022
21111413,21121288,幼猴节2022-七日
21111414,21121289,幼猴节2022-可持续发展
21111415,21121290,幼猴节2022-累计
21111416,21121291,幼猴节2022-无尽战意
21111417,21121372,加速回收活动
21111418,21121356,收藏品许愿池（生命周期第二期）
21111419,21121356,收藏品许愿池（生命周期第三期）
21111420,21121356,收藏品许愿池（ark第一期）
21111421,21121356,收藏品许愿池（ark第二期）
21111422,21121356,收藏品许愿池（ark第三期）
21111423,21121258,飞艇击落战积分（Schema2第一期）
21111424,21121259,飞艇击落战（Schema2第一期）
21111425,21121258,飞艇击落战积分（Schema2第二期）
21111426,21121259,飞艇击落战（Schema2第二期）
21111427,21121443,狙击强盗猿积分（schema3周常）
21111428,21121444,狙击强盗猿（生命schema3周常）
21111429,21121373,感恩节gacha2022
21111430,21121356,收藏品许愿池（生命周期第一期）
21111431,21121364,BattlePass28天-新第一赛季（新服生效）
21111432,21121375,BattlePass28天-新第二赛季（新服生效）
21111433,21121376,BattlePass28天-新第三赛季（新服生效）
21111434,21121377,BattlePass28天-新第四赛季（新服生效）
21111435,21121375,BattlePass28天-新第二赛季（老服生效）
21111436,21121376,BattlePass28天-新第三赛季（老服生效）
21111437,21121377,BattlePass28天-新第四赛季（老服生效）
21111438,21121377,BattlePass28天-新第四赛季（老服生效）
21111439,21121377,BattlePass28天-新第四赛季（循环）
21111440,21121378,wonder争夺活动-schema5
21111441,21121379,感恩节-2022bp
21111442,21121380,感恩节-2022七日
21111443,21121381,感恩节-2022-可持续发展
21111444,21121382,感恩节-2022-掉落
21111445,21121383,感恩节-2022-无尽战意
21111446,21121384,基因bp（kvk1）
21111447,21121387,基因bp（kvk2）
21111448,21121374,感恩装饰升级
21111449,21121386,感恩节2022-礼包
21111450,21121364,BattlePass28天-新第一赛季（后台）
21111451,21121375,BattlePass28天-新第二赛季（后台）
21111452,21121376,BattlePass28天-新第三赛季（后台）
21111453,21121377,BattlePass28天-新第四赛季（后台）
21111454,21121388,收藏品盲盒机-不放回（生命周期第一期）
21111455,21121388,收藏品盲盒机-不放回（生命周期第二期）
21111456,21121388,收藏品盲盒机-不放回（生命周期第三期）
21111457,21121395,cpe成长之路
21111458,21121396,收藏品预热活动
21111459,21121389,圣诞节-2022-gacha
21111460,21121390,圣诞节-2022-bp
21111461,21121391,圣诞节-2022七日
21111462,21121392,圣诞节-2022-可持续发展
21111463,21121393,圣诞节-2022-掉落
21111464,21121394,圣诞节-2022-wonder巨猿
21111465,21121398,圣诞节2022-礼包
21111466,21121366,物品探测高级探测卡池-schema3&4
21111467,21121399,物品探测高级探测卡池-schema5
21111468,21121388,收藏品盲盒机-不放回（schema3）
21111469,21121477,收藏品盲盒机-不放回-自选（schema45）
21111470,21121406,无懈可击-一飞冲天
21111477,21121408,战装大富翁（首次）（弃用）
21111478,21121408,战装大富翁（循环）（schema4弃用）
21111479,21121408,战装大富翁（后台）
21111480,21121409,春节-2022-gacha
21111481,21121407,春节-2023-拜访活动
21111482,21121422,全民备战（军备预热）
21111483,21121416,情人节2023-gacha
21111484,21121417,情人节2023-bp
21111485,21121418,情人节2023-七日
21111486,21121419,情人节2023-可持续发展
21111487,21121420,情人节2023-掉落
21111488,21121421,情人节2023-无尽战意
21111489,21121424,春节-2023-wonder巨猿
21111490,21121172,讨伐霍格博士kvk2-3（国服）
21111491,21121426,国际服/国服--堡垒竞速阶段1_普通版本
21111492,21121427,国际服/国服--堡垒竞速阶段2_威力加强版本
21111493,21121428,国际服/国服--堡垒竞速阶段3_威力加强版本_跨服_周三开
21111494,21121425,情人节-2023-bp（礼包）
21111496,21121171,讨伐霍格博士kvk-2（世界服）
21111497,21121172,讨伐霍格博士kvk-3（世界服）
21111498,21121429,春节-2023-锦鲤
21111499,21121410,春节活动-签到-2023国服
21111500,21121410,春节活动-签到-2023国际服
21111501,21121411,春节2023-bp-schema3
21111502,21121412,春节2023-礼包（BP）
21111503,21121413,春节2023-七日
21111504,21121414,春节2023-可持续发展
21111505,21121415,春节2023-掉落
21111506,21121430,春节2023-bp-schema2
21111507,21121431,春节2023-bp-schema1
21111508,21121432,春节gacha-schema1
21111509,21121433,春节gacha-schema2
21111510,21121388,收藏品盲盒机-不放回（ark第一期）
21111511,21121388,收藏品盲盒机-不放回（arkschema3-第三期）
21111512,21121434,春节活动-签到-2023国服_schema1
21111513,21121434,春节活动-签到-2023国际服_schema1
21111514,21121388,收藏品盲盒机-不放回（生命周期第一期ark）
21111515,21121388,收藏品盲盒机-不放回（生命周期第二期ark）
21111516,21121388,收藏品盲盒机-不放回（生命周期第三期ark）
21111517,21121388,收藏品盲盒机-不放回（schema3第一期ark）
21111518,21121388,收藏品盲盒机-不放回（schema3第二期ark）
21111519,21121388,收藏品盲盒机-不放回（schema3第三期ark）
21111520,21121388,收藏品盲盒机-不放回（schema45第一期ark）
21111521,21121388,收藏品盲盒机-不放回（schema45第二期ark）
21111522,21121402,讨伐霍格博士（schema3射击手&收藏品版ark）
21111523,21121404,讨伐霍格博士（schema4打击手&收藏品版ark）
21111524,21121435,开工日活动schema4
21111525,21121436,开工日活动schema5
21111526,21121437,城市大发展-拉姆斯-生命周期
21111527,21121438,城市大发展-菲奥娜-生命周期
21111528,21121439,城市大发展-露易丝-生命周期
21111529,21121440,科研大提升-拉姆斯-生命周期
21111530,21121441,科研大提升-菲奥娜-生命周期
21111531,21121442,科研大提升-露易丝-生命周期
21111532,21121445,异族schema2金头排行榜活动-第一期
21111533,21121445,异族schema2金头排行榜活动-第二期
21111534,21121445,异族schema2金头排行榜活动-第三期
21111535,21121445,异族schema2金头排行榜活动-第四期
21111536,21121446,基因bp（kvk1）-新版本
21111537,21121447,基因bp（kvk2）-新版本
21111538,21121448,军事训练（军备bp任务）
21111539,21121449,武装进化（军备bp主）
21111540,21121450,军备实验室（军备解锁框架）
21111541,21121451,攻城掠地-本服地图1-schema2
21111543,21121453,攻城掠地-跨服地图1-schema3
21111544,21121454,攻城掠地-跨服地图1-schema4
21111545,21121455,攻城掠地-跨服地图1-schema5
21111550,21121456,攻城掠地-手动地图1
21111551,21121388,收藏品盲盒机-不放回（schema45第三期ark）
21111552,21121460,科技节-2023-wonder巨猿
21111553,21121461,科技节2023-bp-schema3
21111554,21121462,科技节2023-bp-schema2
21111555,21121463,科技节2023-bp-schema1
21111556,21121457,科技节2023-七日
21111557,21121458,科技节2023-可持续发展
21111558,21121459,科技节2023-掉落
21111559,21121465,科技节2023-gacha
21111560,21121466,科技节2023-累计
21111561,21121464,科技节2023-礼包（BP）
21111562,21121473,军备试炼
21111564,21121475,精英竞技场地图1
21111565,21121476,精英竞技场地图2
21111566,21121471,复活节-2023-gacha
21111567,21121472,复活节2023-累计
21111568,21121478,复活节-2023-wonder巨猿
21111572,21121449,科技节2023-掉落（schema1生命）
21111573,21121486,复活节2023-bp-schema3
21111574,21121487,复活节2023-bp-schema2
21111575,21121488,复活节2023-bp-schema1
21111576,21121489,复活节2023-礼包（BP）
21111577,21121428,国际服--堡垒竞速阶段3_威力加强版本_跨服_周六开
21111580,21121474,复活装饰升级
21111581,21121490,战装冲刺（ark后台）
21111582,21121482,复活节2023-七日
21111583,21121483,复活节2023-可持续发展
21111584,21121484,复活节2023-掉落
21111585,21121474,复活装饰升级
21111586,21121337,讨伐霍格博士（Schema5版）-飙车手动上
21111587,21121336,讨伐霍格博士（Schema5版）-打击手动上
21111588,21121338,讨伐霍格博士（Schema5版）-射击手动上
21111589,21121488,复活节2023-bp-schema1（schema1生命）
21111590,21121489,复活节2023-礼包（BP）（schema1生命）
21111591,21121484,复活节2023-掉落（schema1生命）
21111592,21121170,讨伐霍格博士（打击手+装备-kvk2）手动上
21111593,21121279,讨伐霍格博士（打击手-kvk）手动上
21111594,21121491,拓荒节-2023-gacha
21111595,21121492,拓荒节2023-bp-schema3
21111596,21121493,拓荒节2023-bp-schema2
21111597,21121494,拓荒节2023-bp-schema1
21111598,21121495,拓荒节2023-礼包（BP）-schema3
21111599,21121496,拓荒节2023-可持续发展
21111600,21121497,拓荒节2023-掉落
21111601,21121499,拓荒节-2023-wonder巨猿
21111602,21121500,拓荒节-2023-bingo
21111603,21121501,合成小游戏活动1-拓荒节-schema2
21111604,21121502,合成小游戏活动2-schema2
21111605,21121503,合成小游戏活动1-拓荒节-schema3
21111606,21121504,合成小游戏活动2-schema3
21111607,21121505,合成小游戏活动1-拓荒节-schema4
21111608,21121506,合成小游戏活动2-schema4
21111609,21121507,合成小游戏活动1-拓荒节-schema5
21111610,21121508,合成小游戏活动2-schema5
21111611,21121509,合成小游戏活动8-schema2
21111612,21121510,合成小游戏活动9-schema2
21111613,21121511,合成小游戏活动8-schema3
21111614,21121512,合成小游戏活动9-schema3
21111615,21121513,合成小游戏活动8-schema4
21111616,21121514,合成小游戏活动9-schema4
21111617,21121515,合成小游戏活动8-schema5
21111618,21121516,合成小游戏活动9-schema5
21111619,21121517,合成小游戏活动15-schema2
21111620,21121518,合成小游戏活动15-schema3
21111621,21121519,合成小游戏活动15-schema4
21111622,21121520,合成小游戏活动15-schema5
21111623,21121556,累计充值（kvk1）
21111624,21121557,累计充值（kvk2）
21111625,21121498,拓荒节装饰升级
21111626,21121523,拓荒节2023-gacha累计任务
21111627,21121494,拓荒节2023-bp-schema1（schema1生命）
21111628,21121495,拓荒节2023-礼包（BP）（schema1生命）
21111629,21121497,拓荒节2023-掉落（schema1生命）
21111630,21121445,异族schema3金头排行榜活动
21111631,21121524,KVK1预热-发射准备
21111632,21121525,KVK2预热-发射准备
21111633,21121526,机甲嘉年华-活跃-机甲回响
21111634,21121527,联盟旗帜投放活动
21111635,21121528,联盟旗帜-兑换
21111636,21121529,试炼派对（绝地试炼推关活动）
21111637,21121530,军事训练（军备bp任务）_v53
21111638,21121531,武装进化（军备bp主）_v53
21111639,21121533,军备实验室（军备解锁框架）_v53
21111640,21121534,BattlePass28天-新第一赛季（新服生效）_v53
21111641,21121535,BattlePass28天-新第二赛季（新服生效）_v62
21111642,21121536,BattlePass28天-新第三赛季（新服生效）_v62
21111643,21121537,BattlePass28天-新第四赛季（新服生效）_v62
21111644,21121534,BattlePass28天-新第一赛季（后台）_v53
21111645,21121535,BattlePass28天-新第二赛季（后台）_v62
21111646,21121536,BattlePass28天-新第三赛季（后台）_v62
21111647,21121537,BattlePass28天-新第四赛季（后台）_v62
21111648,21121535,BattlePass28天-新第二赛季（老服生效）_v53
21111649,21121536,BattlePass28天-新第三赛季（老服生效）_v53
21111650,21121537,BattlePass28天-新第四赛季（老服生效）_v53
21111651,21121537,BattlePass28天-新第四赛季（老服生效）_v53
21111652,21121537,BattlePass28天-新第四赛季（循环）_v62
21111653,21121538,试炼派对（绝地试炼推关活动）-2期
21111654,21121443,狙击强盗猿积分（schema5第一周）
21111655,21121444,狙击强盗猿（schema5第一周）
21111656,21121443,狙击强盗猿积分（schema5第二周）
21111657,21121444,狙击强盗猿（schema5第二周）
21111658,21121443,狙击强盗猿积分（schema5第三周）
21111659,21121444,狙击强盗猿（schema5第三周）
21111660,21121443,狙击强盗猿积分（schema5第四周）
21111661,21121444,狙击强盗猿（schema5第四周）
21111662,21121542,双天赋-即将突破活动
21111663,21121543,双天赋-已经突破培养活动
21111664,21121544,双天赋-活动配套礼包
21111667,21121546,机甲嘉年华-排行榜-机甲冲刺
21111668,21121541,端午节2023-掉落活跃交换
21111669,21121547,端午节-2023-gacha
21111670,21121548,端午节2023-免单活动
21111671,21121549,端午节2023-七日
21111672,21121550,端午节2023-可持续发展
21111673,21121551,端午节2023-掉落
21111674,21121552,端午节2023-bp-schema3
21111675,21121553,端午节2023-礼包（BP）
21111676,21121554,付费迁服
21111677,21121555,端午节节2023-gacha累计任务
21111678,21121231,最强猴子（Shema5版）-不飞服特殊处理版
21111679,21121559,机甲转盘-生命周期-第1期
21111680,21121559,机甲转盘-双周循环-schmea4&5
21111681,21121565,沙滩节2023-新强消耗活动
21111682,21121571,wonder争夺活动-schema4-跨服
21111683,21121572,wonder争夺活动-schema5-跨服
21111684,21121568,沙滩节bp2023
21111685,21121569,沙滩节bp礼包_2023
21111686,21121570,联动礼包-迅速成长v55
21111687,21121566,沙滩节2023-沙滩巨猿
21111688,21121574,AC跨环境邀请赛总活动
21111689,21121575,机甲远征
21111690,21121576,沙滩节2023-bingo
21111691,21121578,沙滩节2023-gacha累计任务
21111692,21121560,战力大冲刺（国服新服版本）
21111693,21121577,沙滩节装饰升级
21111694,21121564,沙滩节掉落
21111695,21121567,沙滩节2023_gacha
21111698,21121582,付费迁服预告_循环活动
21111699,21121595,城市大发展-schema4-G1金头
21111700,21121596,城市大发展-schema5-G2金头
21111701,21121597,城市大发展-schema5-G3金头
21111702,21121598,科研大提升-schema4-G1金头
21111703,21121599,科研大提升-schema5-G2金头
21111704,21121600,科研大提升-schema5-G3金头
21111705,21121601,军备竞赛-schema4-G1金头
21111706,21121591,周年庆-2023-bp
21111707,21121587,周年庆-2023-庆典抽奖-超级幸运星
21111708,21121592,合成小游戏活动-周年庆版本-schema3
21111709,21121593,合成小游戏活动-周年庆版本-schema4
21111710,21121594,合成小游戏活动-周年庆版本-schema5
21111711,21121602,周年庆bp礼包_2023
21111712,21121580,周年庆-2023-cd消耗活动
21111713,21121583,周年庆-2022-新7日拼图
21111714,21121584,周年庆2023-强消耗活动
21111715,21121585,周年庆2023-掉落
21111716,21121587,周年庆-2023-庆典抽奖
21111717,21121589,周年庆-2023-gacha-返场
21111718,21121590,周年庆-2023-7日登陆BP
21111719,21121602,周年庆bp礼包_2023
21111720,21121603,周年庆-gacha累计任务
21111721,21121604,周年庆-装饰升级
21111722,21121579,周年庆-2023-wonder巨猿
21111723,21121609,精英竞技场地图3
21111724,21121575,机甲远征-第1次
21111725,21121575,机甲远征-第2次
21111726,21121700,地下世界-KVK1-战役-火炮工厂-收集资源暴击 - 上
21111727,21121701,地下世界-KVK1-战役-火炮工厂-收集资源暴击 - 左上
21111728,21121702,地下世界-KVK1-战役-火炮工厂-收集资源暴击 - 左下
21111729,21121703,地下世界-KVK1-战役-火炮工厂-收集资源暴击 - 下
21111730,21121704,地下世界-KVK1-战役-火炮工厂-收集资源暴击 - 右下
21111731,21121705,地下世界-KVK1-战役-火炮工厂-收集资源暴击 - 右上
21111732,21121706,地下世界-KVK1-战役-基因治疗院-骑兵对射手伤害 - 左上
21111733,21121707,地下世界-KVK1-战役-基因治疗院-骑兵对射手伤害 - 下
21111734,21121708,地下世界-KVK1-战役-基因培育塔-步兵对骑兵伤害 - 下
21111735,21121709,地下世界-KVK1-战役-基因培育塔-步兵对骑兵伤害 - 右上
21111736,21121710,地下世界-KVK1-战役-基因实验所-射手对步兵伤害 - 右上
21111737,21121711,地下世界-KVK1-战役-基因实验所-射手对步兵伤害 - 左上
21111738,21121712,地下世界-KVK1-战役-星际武器工厂-部队攻击
21111739,21121713,地下世界-KVK1-战役-星际武器工厂-部队防御
21111740,21121714,地下世界-KVK1-战役-星际武器工厂-部队生命
21111741,21121715,地下世界-KVK1-战役-基因宝库
21111742,21121716,地下世界-KVK4-战斗建筑2级_Z3_1
21111743,21121717,地下世界-KVK4-战斗建筑2级_Z3_2
21111744,21121718,地下世界-KVK4-战斗建筑2级_Z3_3
21111745,21121719,地下世界-KVK4-战斗建筑2级_Z3_4
21111746,21121720,地下世界-KVK4-战斗建筑3级_Z3_1
21111747,21121721,地下世界-KVK4-战斗建筑3级_Z3_2
21111748,21121722,地下世界-KVK4-战斗建筑3级_Z3_3
21111749,21121723,地下世界-KVK4-战斗建筑3级_Z3_4
21111750,21121724,地下世界-KVK4-wonder建筑_Z4_1
21111751,21121725,地下世界-KVK2-1号工程建造厂-Z2-3-1
21111752,21121726,地下世界-KVK2-1号工程建造厂-Z2-3-2
21111753,21121727,地下世界-KVK2-1号工程建造厂-Z2-3-3
21111754,21121728,地下世界-KVK2-1号工程建造厂-Z2-3-4
21111755,21121729,地下世界-KVK2-1号工程建造厂-Z2-3-5
21111756,21121730,地下世界-KVK2-1号工程建造厂-Z2-3-6
21111757,21121731,地下世界-KVK2-1号工程建造厂-Z2-3-7
21111758,21121732,地下世界-KVK2-1号工程建造厂-Z2-3-8
21111759,21121733,地下世界-KVK2-1号工程建造厂-Z2-3-9
21111760,21121734,地下世界-KVK2-2号战备强化所-Z3-5-1
21111761,21121735,地下世界-KVK2-2号战备强化所-Z3-5-2
21111762,21121736,地下世界-KVK2-2号战备强化所-Z3-5-3
21111763,21121737,地下世界-KVK2-3号战备强化所-Z3-6-1
21111764,21121738,地下世界-KVK2-3号战备强化所-Z3-6-2
21111765,21121739,地下世界-KVK2-3号战备强化所-Z3-6-3
21111766,21121740,地下世界-KVK2-火山推进器-Z4-1-1
21111767,21121741,地下世界-KVK3-争夺区建筑1级1_Z3_1
21111768,21121742,地下世界-KVK3-争夺区建筑1级1_Z3_2
21111769,21121743,地下世界-KVK3-争夺区建筑1级1_Z3_3
21111770,21121744,地下世界-KVK3-争夺区建筑1级1_Z3_4
21111771,21121745,地下世界-KVK3-争夺区建筑2级1_Z5_1
21111772,21121746,地下世界-KVK3-争夺区建筑2级1_Z5_2
21111773,21121747,地下世界-KVK3-争夺区建筑2级1_Z5_3
21111774,21121748,地下世界-KVK3-争夺区建筑2级1_Z5_4
21111775,21121749,地下世界-KVK3-wonder建筑_Z6_1
21111776,21122037,一网打尽-6
21111777,21121307,KVK2主活动-schema5版-带威力加强
21111778,21121750,地下世界-原服-工业城4级-治疗科技城
21111779,21121751,地下世界-原服-工业城4级-治疗科技城
21111780,21121752,地下世界-原服-工业城4级-治疗科技城
21111781,21121753,地下世界-原服-工业城6级-装甲工业城
21111782,21121754,地下世界-原服-工业城6级-武器工业城
21111783,21121755,地下世界-原服-工业城6级-装甲工业城
21111784,21121756,地下世界-原服-工业城6级-武器工业城
21111785,21121757,地下世界-原服-工业城6级-装甲工业城
21111786,21121758,地下世界-原服-工业城6级-武器工业城
21111787,21121759,地下世界-原服-太空城8级-核动力太空城
21111788,21121760,地下世界-原服-太空城8级-核动力太空城
21111789,21121761,地下世界-原服-太空城8级-核动力太空城
21111790,21121762,地下世界-原服-火箭发射台
21111791,21121762,地下世界-原服循环赛季-火箭发射台
21111792,21122148,BattlePass28天-新第一赛季（新服生效）_v68
21111793,21122149,BattlePass28天-新第二赛季（新服生效）_v68
21111794,21122150,BattlePass28天-新第三赛季（新服生效）_v68
21111795,21122151,BattlePass28天-新第四赛季（新服生效）_v68
21111796,21122148,BattlePass28天-新第一赛季（后台）_v68
21111797,21122149,BattlePass28天-新第二赛季（后台）_v68
21111798,21122150,BattlePass28天-新第三赛季（后台）_v68
21111799,21122151,BattlePass28天-新第四赛季（后台）_v68
21111800,21122149,BattlePass28天-新第二赛季（老服生效）_v68
21111801,21122150,BattlePass28天-新第三赛季（老服生效）_v68
21111802,21122151,BattlePass28天-新第四赛季（老服生效）_v68
21111803,21122151,BattlePass28天-新第四赛季（老服生效）_v68
21111804,21122151,BattlePass28天-新第四赛季（循环）_v68
21111805,21121763,一网打尽高级版
21111806,21121669,城市大发展-schema5-G4金头
21111807,21121670,城市大发展-schema6-G5金头
21111808,21121671,城市大发展-schema6-G6金头
21111809,21121672,科研大提升-schema5-G4金头
21111810,21121673,科研大提升-schema6-G5金头
21111811,21121674,科研大提升-schema6-G6金头
21111812,21121675,训练大作战-schema5-G4金头
21111813,21121676,训练大作战-schema6-G5金头
21111814,21121677,训练大作战-schema6-G6金头
21112001,21122001,KVK3主活动
21112002,21122002,KVK3排行榜与遗迹故事
21112003,21122003,KVK3一网打尽
21112004,21122013,KVK3成就任务
21112005,21122014,KVK3预热-发射准备
21112006,21122012,基因bp（kvk3）-新版本
21112007,21122015,kvk3训练大作战
21112008,21122016,kvk3挑战变异猴（战无不胜）
21112009,21122017,kvk3挑战变异巨猿（团结一心）
21112010,21121558,累计充值（kvk3）
21112011,21121532,泳池派对-累计任务
21112012,21121443,狙击强盗猿积分（切schema3保底）
21112013,21121444,狙击强盗猿（切schema3保底）
21112014,21121443,狙击强盗猿积分（schema4第一周）
21112015,21121444,狙击强盗猿（schema4第一周）
21112016,21121443,狙击强盗猿积分（schema4第二周）
21112017,21121444,狙击强盗猿（schema4第二周）
21112018,21121443,狙击强盗猿积分（schema4第三周）
21112019,21121444,狙击强盗猿（schema4第三周）
21112020,21121443,狙击强盗猿积分（schema4第四周）
21112021,21121444,狙击强盗猿（schema4第四周）
21112022,21122042,异族schema4G1金头排行榜
21112031,21121408,战装大富翁（3循环，橙一代纯图纸）
21112032,21122109,战装大富翁（5循环，橙二代+重铸）
21112033,21121559,机甲转盘-后台
21112034,21121443,狙击强盗猿积分（切schema3保底周日）
21112035,21121444,狙击强盗猿（切schema3保底周日）
21112036,21121581,收藏品战力活动
21112037,21121605,军备竞赛第一期
21112038,21121559,机甲转盘-生命周期-第2期
21112039,21121559,机甲转盘-单周循环-schema3
21112040,21121611,军事训练（去bp版）_v57
21112041,21121610,军备实验室（军备解锁框架）_v57
21112042,21121612,t6预热（295天开）
21112043,21121614,t6框架（295天开）
21112044,21121613,t6科研（300天开）
21112045,21121618,合成小游戏活动关卡1-Plan1-schema2
21112046,21121619,合成小游戏活动关卡2-Plan1-schema2
21112047,21121620,合成小游戏活动关卡3-Plan2-schema2
21112048,21121621,合成小游戏活动关卡4-Plan2-schema2
21112049,21121622,合成小游戏活动关卡5-Plan3-schema2
21112050,21121623,合成小游戏活动关卡1-Plan1-schema3
21112051,21121624,合成小游戏活动关卡2-Plan1-schema3
21112052,21121625,合成小游戏活动关卡3-Plan2-schema3
21112053,21121626,合成小游戏活动关卡4-Plan2-schema3
21112054,21121627,合成小游戏活动关卡5-Plan3-schema3
21112055,21121628,合成小游戏活动关卡1-Plan1-schema4
21112056,21121629,合成小游戏活动关卡2-Plan1-schema4
21112057,21121630,合成小游戏活动关卡3-Plan2-schema4
21112058,21121631,合成小游戏活动关卡4-Plan2-schema4
21112059,21121632,合成小游戏活动关卡5-Plan3-schema4
21112060,21121633,合成小游戏活动关卡1-Plan1-schema5
21112061,21121634,合成小游戏活动关卡2-Plan1-schema5
21112062,21121635,合成小游戏活动关卡3-Plan2-schema5
21112063,21121636,合成小游戏活动关卡4-Plan2-schema5
21112064,21121637,合成小游戏活动关卡5-Plan3-schema5
21112065,21121639,登月节2023-七日
21112066,21121640,登月节2023-强消耗活动
21112067,21121641,登月节2023-掉落
21112068,21121606,登月节-2023-wonder巨猿
21112069,21121607,登月节-bp-2023
21112070,21121608,登月节bp礼包_2023
21112071,21121615,合成小游戏活动-登月节版本-schema3
21112072,21121616,合成小游戏活动-登月节版本-schema4
21112073,21121617,合成小游戏活动-登月节版本-schema5
21112074,21121232,幸运奖盘（Shema6版）
21112075,21121256,最强猴子（Shema6版）
21112076,21121638,军备供应商
21112077,21122027,登月节-皮肤gacha
21112078,21122028,登月节-兑换商店
21112079,21122029,登月节-装饰升级
21112080,21122030,无懈可击-一飞冲天（生命周期）
21112081,21121642,万圣节-2023-wonder巨猿
21112082,21121643,万圣节-bp-2023
21112083,21121644,万圣节bp礼包_2023
21112084,21121645,万圣节2023-七日
21112085,21121646,万圣节2023-强消耗活动
21112086,21121650,万圣节日-2023-庆典抽奖
21112087,21122033,合成小游戏活动-万圣节版本-schema3
21112088,21122034,合成小游戏活动-万圣节版本-schema4
21112089,21122035,合成小游戏活动-万圣节版本-schema5
21112090,21121647,万圣节-惊奇主城外观
21112091,21121649,万圣节-2023-讲价小游戏
21112092,21121648,万圣节2023-掉落
21112093,21122031,万圣节2023-gacha
21112094,21122032,万圣节2023-装饰升级
21112095,21122036,万圣节2023-gacha累计任务
21112096,21122041,高级探测保底版
21112097,21122041,高级探测保底版kvk版
21112098,21122040,金头兑换
21112099,21121652,新猩球供应商（SLG连锁礼包）-生命周期1
21112100,21121652,新猩球供应商（SLG连锁礼包）-生命周期2
21112101,21121652,新猩球供应商（SLG连锁礼包）-生命周期3
21112102,21121652,新猩球供应商（SLG连锁礼包）-生命周期4
21112103,21121652,新猩球供应商（SLG连锁礼包）-生命周期5
21112104,21121651,军备试炼-t6-（schema6）
21112105,21122043,异族schema5、6G2金头排行榜
21112106,21122044,异族schema5、6G3金头排行榜
21112107,21122045,军备竞赛-G2金头
21112108,21122046,军备竞赛-G3金头
21112109,21122039,wonder争夺活动-schema6-跨服
21112110,21122052,收藏品盲盒机-不放回-自选（schema6）-红
21112112,21122060,合服前活动
21112113,21122062,合服后活动-登陆签到
21112114,21122063,合服掉落
21112115,21122064,合服兑换
21112116,21122065,合服礼包
21112117,21121653,感恩节-2023-wonder巨猿
21112118,21121654,感恩节-2023-bp
21112119,21121655,感恩节2023-礼包（BP）
21112120,21121656,通用-黑五小额礼包
21112121,21121657,感恩节2023-强消耗活动
21112122,21121658,感恩节2023-七日
21112123,21122049,感恩节黑五超大R
21112124,21122047,感恩节2023-gacha
21112125,21122048,感恩节2023-累计活动
21112126,21122050,感恩节2023-装饰升级
21112127,21122051,感恩节2023-掉落活动
21112128,21121659,感恩节2023-强消耗活动-SCHEMA6
21112129,21121559,机甲转盘-生命周期-第3期
21112130,21121540,战装预热（32天开）
21112131,21121539,战装解锁框架（32天开）（65弃用）
21112132,21121490,战装冲刺（35天开）
21112133,21121408,战装大富翁第一期（生命周期第一期37天）
21112134,21122068,七日登陆bp-个人前七天-高抽十连
21112135,21122069,七日登陆bp-服务器循环-收藏品
21112136,21122070,七日登陆bp-服务器循环-英雄
21112137,21122071,七日登陆bp-服务器循环-军备
21112138,21122072,七日登陆bp-服务器循环-装备
21112139,21122066,重铸大作战（重铸排行榜）-一代金头
21112140,21122073,重铸大作战（重铸排行榜）-二代金头
21112141,21122074,重铸大作战（重铸排行榜）-三代金头
21112142,21122172,连锁礼包自选版
21112144,21122242,连锁礼包自选版
21112148,21122076,合成小游戏活动关卡2-Plan1-schema1-第8天开
21112149,21121618,合成小游戏活动关卡2-Plan1-schema2-第15天开
21112150,21121619,合成小游戏活动关卡2-Plan1-schema2-第22天开
21112151,21121620,合成小游戏活动关卡2-Plan1-schema2-第29天开
21112152,21121621,合成小游戏活动关卡2-Plan1-schema2-第36天开
21112153,21122038,wonder争夺活动-schema6-单服
21112154,21122077,精英竞技场巅峰赛schema5
21112155,21122078,精英竞技场巅峰赛schema6
21112156,21122079,联盟旗帜-兑换（砍加速版）
21112157,21121575,机甲远征-第3次
21112158,21122110,战装大富翁（橙二代+重铸+突破）-国际服
21112159,21122111,战装大富翁（红色一代+重铸+突破）-国际服
21112160,21122082,军事训练（加礼包版）_v61
21112161,21122083,军备实验室（军备解锁框架）_v61
21112162,21122084,新猩球供应商（SLG连锁礼包）-生命周期1_v61
21112163,21122085,新猩球供应商（SLG连锁礼包）-生命周期2_v61
21112164,21122086,新猩球供应商（SLG连锁礼包）-生命周期3_v61
21112165,21122087,新猩球供应商（SLG连锁礼包）-生命周期4_v61
21112166,21122088,新猩球供应商（SLG连锁礼包）-生命周期5_v61
21112167,21122089,收藏品远征-循环
21112168,21122089,收藏品远征-第一次
21112169,21122089,收藏品远征-第二次
21112170,21122089,收藏品远征-第三次
21112171,21121473,军备远征-第一次
21112172,21121473,军备远征-第二次
21112173,21122090,收藏品远征-循环-t6
21112174,21122091,巅峰领土战-主活动（手动上）
21112175,21122092,巅峰领土战-兑换商店
21112176,21122095,狙击强盗猿积分-schema4-机师版
21112177,21122096,狙击强盗猿-schema4-机师版
21112178,21122097,飞艇击落战积分-机师版
21112179,21122098,飞艇击落战-机师版
21112182,21121660,历史战绩kvk1
21112183,21121661,历史战绩kvk2
21112184,21121662,历史战绩kvk3
21112185,21121663,历史战绩kvk4
21112186,21122101,训练大作战-拉姆斯-生命周期
21112187,21122102,训练大作战-菲奥娜-生命周期
21112188,21122103,训练大作战-露易丝-生命周期
21112189,21122104,训练大作战-schema3循环-通用金头
21112190,21122105,训练大作战-schema4-G1金头
21112191,21122106,训练大作战-schema5-G2金头
21112192,21122107,训练大作战-schema5-G3金头
21112193,21122093,基因贬值连锁礼包
21112194,21122100,超凡军备箱（T6军备投放）
21112195,21122108,战装大富翁（4循环，橙一代+重铸）
21112196,21122112,机甲bp-金刚版
21112197,21122113,橙色升星石bp-国际服
21112198,21122114,红色升星石bp-国际服
21112199,21122115,机械师远征-循环
21112201,21123001,kvk4主活动
21112202,21123002,kvk4排行榜与遗迹故事
21112203,21123003,kvk4一网打尽
21112204,21123013,kvk4成就任务
21112205,21123014,kvk4预热-发射准备
21112206,21123018,累计充值（kvk4）
21112207,21123012,基因bp（kvk4）-新版本
21112208,21122122,斗士远征schema1-2
21112209,21122123,斗士远征schema3-6
21112210,21122122,斗士远征schema1-2- 生命周期1
21112211,21122122,斗士远征schema1-2- 生命周期2
21112212,21122122,斗士远征schema1-2- 生命周期3
21112213,21122122,斗士远征schema1-2- 生命周期4
21112214,21122122,斗士远征schema1-2- 生命周期5
21112215,21122122,斗士远征schema1-2- 生命周期6
21112216,21122230,七日登陆bp-服务器循环-机甲
21112220,21122133,新跨服战场S1-后台手动开
21112221,21122133,新跨服战场-自动循环配置
21112300,21122116,新人累充
21112301,21122118,联盟充值（schema6）
21112302,21122119,收藏品破冰礼包-连锁版
21112303,21122120,回归活动-回归玩家领奖活动
21112304,21122121,回归活动-老玩家拉人裂变活动
21112305,21121664,攻城掠地-kvk1
21112306,21121665,攻城掠地-kvk2
21112307,21121666,攻城掠地-kvk3
21112308,21121667,攻城掠地-kvk4
21112309,21122127,美妮登场-连锁版
21112310,21122128,可视化礼包1-连锁版
21112311,21122131,战装探索（35天开）
21112312,21122130,战装解锁框架（32天开）
21112313,21122129,首充礼包-连锁版
21112314,21122132,转盘折扣-第一次-19.99版本
21112315,21122132,转盘折扣-第二次-19.99版本
21112316,21122134,广告中心
21112317,21121275,极速救援-巅峰战场版
21112318,21122091,巅峰领土战-主活动（循环上）
21112319,21122092,巅峰领土战-兑换商店
21112320,21122134,广告中心（合服后自动触发补）
21112321,21122134,广告中心（2070102新服测试）
21112322,21122134,广告中心（中间服补触发）
21112323,21122142,战装纳米bp
21112324,21122143,押运基金（schema6版）
21112325,21122147,机甲bp-多选版
21112326,21122160,最强猴子（不跨服版礼包）
21112327,21122152,战装大富翁第一期（生命周期第一期37天）
21112328,21122152,战装大富翁（3循环，橙一代纯图纸）
21112329,21122153,战装大富翁（4循环，橙一代+重铸）
21112330,21122154,战装大富翁（5循环，橙二代+重铸）
21112331,21122155,战装大富翁（橙二代+重铸+突破）
21112333,21122156,战装大富翁（红色一代+重铸+突破）
21112335,21122157,极速供应商-阶段奖励版-生命周期1
21112336,21122157,极速供应商-阶段奖励版-生命周期2
21112337,21122157,极速供应商-阶段奖励版-生命周期3
21112338,21122157,极速供应商-阶段奖励版-生命周期4
21112339,21122157,极速供应商-阶段奖励版-生命周期5
21112340,21122161,战装解锁框架（v68）
21112341,21122163,收藏品突破引导活动-紫升橙
21112342,21122164,收藏品突破引导活动-橙升红1
21112343,21123019,转盘-前期月球抽奖
21112344,21122165,可视化礼包2-连锁版
21112345,21122166,可视化礼包3-连锁版
21112346,21122167,战装预热（32天开v69）
21112347,21122168,战装解锁框架（v69）
21112348,21122162,战装大富翁（红色二代+重铸+突破）
21112349,21122229,战装大富翁（红色三代+重铸+突破）
21112350,21122173,金刚专属礼包A-连锁版
21112351,21122174,金刚专属礼包B-连锁版
21112352,21123020,战力大冲刺（国服新服版本）
21112353,21123020,战力大冲刺（新服版本）
21112355,21122176,S300赠礼系统（生命周期）
21112356,21122179,S300一次性周卡1
21112357,21122180,S300一次性周卡2
21112358,21122181,S300一次性周卡3
21112359,21122182,回归活动-回归助力
21112361,21122184,S300赛车活动
21112362,21122185,S300赛车活动
21112363,21122186,S300任务系统（生命周期）-72修复任务版本
21112364,21122190,S300拉力赛BP+开箱
21112365,21122191,S300商店-普通商店
21112366,21122192,S300商店-折扣商店
21112367,21122193,S300商店对应消耗活动-英雄
21112368,21122194,S300商店对应消耗活动-机甲
21112369,21122195,S300商店对应消耗活动-战车
21112370,21122196,S300商店对应消耗活动-收藏品
21112371,21122197,S300商店对应消耗活动-装备
21112372,21122198,S300商店对应消耗活动-军备
21112373,21122199,S300商店对应消耗活动-混合
21112374,21122200,S300全猿福利
21112375,21122201,战车嘉年华-排行榜+积分
21112376,21122202,战车嘉年华-连锁礼包
21112377,21122203,S300新人累充重置
21112378,21122204,战车嘉年华-连锁礼包-补老服版
21112379,21122206,首充礼包-连锁版-V73新版
21112380,21122205,战装纳米bp
21112381,21122207,战车嘉年华阅读奖励
21112382,21122208,军备冲刺（橙满级激励）
21112383,21122209,帮派宴会-做菜
21112384,21122210,帮派宴会-宴会
21112385,21122211,帮派宴会-掉落活动
21112386,21122164,收藏品突破引导活动-橙升红2
21112387,21122164,收藏品突破引导活动-橙升红3
21112388,21122213,D121-SLG加速S300一次性周卡2-活跃
21112389,21122214,D121-SLG加速SLG冲刺-深度$800
21112390,21122215,D121-SLG加速转盘月球抽奖
21112391,21122216,D121-SLG加速开工日
21112392,21128064,机师触达框架活动
21112393,21128065,机师活跃活动
21112395,21122218,挖矿BP活动
21112396,21123021,收藏品保底-物品探测高级探测卡池-循环
21112397,21122217,ac联赛-竞猜
21112398,21122219,ac联赛-兑换商店
21112399,21122228,胶囊存储仓
21112400,21122092,巅峰领土战-兑换商店-手动版
21112401,21122231,t6冲刺活动
21112402,21128066,开工日活动schema6
21112403,21123022,S300商店-普通商店-拉平用
21112404,21123023,S300商店-折扣商店-拉平用
21112405,21123024,S300任务系统（生命周期）-拉平用
21112406,21123025,S300赠礼系统（生命周期）-拉平用
21112407,21123026,S300一次性周卡2-活跃-拉平用
21112408,21123027,S300一次性周卡3-消耗-拉平用
21112409,21123028,S300商店对应消耗活动-英雄-拉平用
21112410,21123029,S300商店对应消耗活动-机甲-拉平用
21112411,21123030,S300商店对应消耗活动-战车-拉平用
21112412,21123031,S300商店对应消耗活动-收藏品-拉平用
21112413,21123032,S300商店对应消耗活动-装备-拉平用
21112414,21123033,S300商店对应消耗活动-军备-拉平用
21112415,21123034,S300商店对应消耗活动-混合-拉平用
21112416,21123035,D128装备加速一次性周卡2-活跃
21112417,21123036,D128装备加速对应消耗活动-装备
21112418,21123037,D135BINGO
21112419,21123038,D135拉力赛BP+开箱
21112420,21123039,D135赛车活动
21112421,21123040,D135赛车活动-积分任务
21112422,21123041,D500商店-普通商店
21112423,21123042,D500商店-折扣商店
21112424,21123043,D500商店对应消耗活动-英雄
21112425,21123044,D500商店对应消耗活动-机甲
21112426,21123045,D500商店对应消耗活动-战车
21112427,21123046,D500商店对应消耗活动-收藏品
21112428,21123047,D500商店对应消耗活动-装备
21112429,21123048,D500商店对应消耗活动-军备
21112430,21123049,D500商店对应消耗活动-混合
21112431,21123050,D500总集成+全猿福利
21112432,21123051,D500新人累充重置
21112433,21123052,D500拉力赛BP+开箱
21112434,21123053,D500赛车活动
21112435,21123054,D500赛车活动-积分任务
21112436,21123057,D500一次性周卡1-登录
21112437,21123058,D500一次性周卡2-活跃
21112438,21123059,D500一次性周卡3-消耗
21112439,21123060,D135收藏品POWERUP
21112440,21123061,大本直升连锁礼包
21112441,21123062,远征关卡一次性BP
21112442,21123063,幸运转盘联动活动-无双拍档
21112443,21123064,军备超值BP-schema6
21112444,21123065,联盟充值-新-V79（生命周期-第一期）
21112445,21123065,联盟充值-新-V79（生命周期-第二期）
21112446,21123066,联盟充值-新-V79-schema3
21112447,21123067,联盟充值-新-V79-schema4/5
21112448,21123068,联盟充值-新-V79（schema6）
21112449,21123072,兵种技能开启引导
21112450,21123069,机甲技能突破开启引导
21112451,21123070,收藏品突破预热-紫升橙
21112452,21123071,收藏品突破预热-橙升红
21112453,21123087,BattlePass28天-新第一赛季（新服生效v80-S1-2
21112454,21123088,BattlePass28天-新第二赛季（新服生效v80-S1-2
21112455,21123089,BattlePass28天-新第三赛季（新服生效v80-S3-5
21112456,21123090,BattlePass28天-新第四赛季（新服生效v80-S3-5
21112457,21123090,BattlePass28天-新第五赛季（新服生效v80-S6
21112461,21123091,BattlePass28天-新第四赛季（新服生效v80-S6
21112464,21123082,双倍券活动配套礼包_S1
21112465,21123083,双倍券活动配套礼包_S2
21112466,21123084,双倍券活动配套礼包_S3
21112467,21123085,双倍券活动配套礼包_S4
21112468,21123086,双倍券活动配套礼包_S6
21112469,21123075,物品探测高级探测卡池保底奖励-替换收藏家
21112470,21123074,物品探测高级探测卡池积分加成活动
21112471,21123073,V80-养成减负活动
21112472,21123076,双倍券活动-通用档位
21112473,21123077,双倍券活动-4.99档位
21112474,21123078,双倍券活动-9.99档位
21112475,21123079,双倍券活动-19.99档位
21112476,21123080,双倍券活动-49.99档位
21112477,21123081,双倍券活动-99.99档位
21112478,21123091,BattlePass28天-新第五赛季（新服生效v80-S6
21112479,21122238,双天赋-冲刺礼包
21112480,21122239,双天赋-排行榜
21112481,21123092,联盟充值-新-V79（KVK兼容）
21112482,21122240,基因存储仓1
21112483,21122240,基因存储仓2
21112484,21122241,金头自选礼包
21112485,21123094,D300活动-超凡军备箱-D1
21112486,21123095,D300活动-超凡军备箱-D2
21112487,21123096,D300活动-超凡军备箱-D3
21112488,21123097,D300活动-超凡军备箱-D4
21112489,21123098,异种蛮猴的挑战（双周常循环）-V82新版-原服版本
21112490,21123099,装备重铸-配套活动-消耗
21112491,21123100,装备重铸-配套活动-转盘
21112492,21123101,装备重铸-配套活动-道具减免
21112493,21123102,新服前期高抽连锁礼包1-7d
21112494,21123102,新服前期高抽连锁礼包8-16d
21112495,21123103,异种蛮猴的挑战（双周常循环）-V82新版-kvk版本
21112496,21123104,不放回转盘抽奖--红色英雄
21112497,21123105,不放回转盘抽奖--前期-CD
21112498,21123106,不放回转盘抽奖--前期-加速
