24800	291330	1	1146	世界杯抽奖券	40		1	10000					
24801	291330	1	1002	钻石	5000		1	10000					
24802	291330	1	2022	VIP点数	50		1	10000					
24803	291330	1	1148	自选头像框宝箱	1		1	10000					
24804	291331	1	1146	世界杯抽奖券	80		1	10000					
24805	291331	1	1002	钻石	10000		1	10000					
24806	291331	1	2022	VIP点数	100		1	10000					
24807	291331	1	1149	自选表情宝箱	1		1	10000					
24808	291332	1	1146	世界杯抽奖券	40		1	10000					
24809	291332	1	1002	钻石	5000		1	10000					
24810	291332	1	2022	VIP点数	50		1	10000					
24811	291332	1	1148	自选头像框宝箱【临时·待换晋级之路框80348】	1		1	10000					
24812	291333	1	1146	世界杯抽奖券	40		1	10000					
24813	291333	1	1002	钻石	5000		1	10000					
24814	291333	1	2022	VIP点数	50		1	10000					
24815	291333	1	1148	自选头像框宝箱【临时·待换世界之巅框80349】	1		1	10000					
24816	291334	1	1146	世界杯抽奖券	80		1	10000					
24817	291334	1	1002	钻石	10000		1	10000					
24818	291334	1	2022	VIP点数	100		1	10000					
24819	291334	1	1149	自选表情宝箱【临时·待换世界之巅表情15748】	1		1	10000					
24820	291335	1	1146	世界杯抽奖券	1		1	10000					
24821	291335	1	1002	钻石	1		1	10000					
24822	291335	1	1001	金币	500		1	10000					
24823	291335	1	11003	30分钟通用加速	1		1	10000					
24824	291335	1	3101	基础资源袋	1		1	10000					
24825	291301	1	1146	世界杯抽奖券	40		1	10000					
24826	291301	1	1002	钻石	5000		1	10000					
24827	291301	1	2022	VIP点数	50		1	10000					
24828	291301	1	80325	约旦助威头像框	1		1	10000					
24829	291302	1	1146	世界杯抽奖券	40		1	10000					
24830	291302	1	1002	钻石	5000		1	10000					
24831	291302	1	2022	VIP点数	50		1	10000					
24832	291302	1	80347	乌兹别克斯坦助威头像框	1		1	10000					
24833	291303	1	1146	世界杯抽奖券	40		1	10000					
24834	291303	1	1002	钻石	5000		1	10000					
24835	291303	1	2022	VIP点数	50		1	10000					
24836	291303	1	80329	摩洛哥助威头像框	1		1	10000					
24837	291304	1	1146	世界杯抽奖券	40		1	10000					
24838	291304	1	1002	钻石	5000		1	10000					
24839	291304	1	2022	VIP点数	50		1	10000					
24840	291304	1	80304	比利时助威头像框	1		1	10000					
24841	291305	1	1146	世界杯抽奖券	40		1	10000					
24842	291305	1	1002	钻石	5000		1	10000					
24843	291305	1	2022	VIP点数	50		1	10000					
24844	291305	1	80305	波黑助威头像框	1		1	10000					
24845	291306	1	1146	世界杯抽奖券	40		1	10000					
24846	291306	1	1002	钻石	5000		1	10000					
24847	291306	1	2022	VIP点数	50		1	10000					
24848	291306	1	80346	美国助威头像框	1		1	10000					
24849	291307	1	1146	世界杯抽奖券	40		1	10000					
24850	291307	1	1002	钻石	5000		1	10000					
24851	291307	1	2022	VIP点数	50		1	10000					
24852	291307	1	80322	海地助威头像框	1		1	10000					
24853	291308	1	1146	世界杯抽奖券	40		1	10000					
24854	291308	1	1002	钻石	5000		1	10000					
24855	291308	1	2022	VIP点数	50		1	10000					
24856	291308	1	80318	西班牙助威头像框	1		1	10000					
24857	291309	1	1146	世界杯抽奖券	40		1	10000					
24858	291309	1	1002	钻石	5000		1	10000					
24859	291309	1	2022	VIP点数	50		1	10000					
24860	291309	1	80311	佛得角助威头像框	1		1	10000					
24861	291310	1	1146	世界杯抽奖券	40		1	10000					
24862	291310	1	1002	钻石	5000		1	10000					
24863	291310	1	2022	VIP点数	50		1	10000					
24864	291310	1	80312	克罗地亚助威头像框	1		1	10000					
24865	291311	1	1146	世界杯抽奖券	40		1	10000					
24866	291311	1	1002	钻石	5000		1	10000					
24867	291311	1	2022	VIP点数	50		1	10000					
24868	291311	1	80310	哥伦比亚助威头像框	1		1	10000					
24869	291312	1	1146	世界杯抽奖券	40		1	10000					
24870	291312	1	1002	钻石	5000		1	10000					
24871	291312	1	2022	VIP点数	50		1	10000					
24872	291312	1	80321	加纳助威头像框	1		1	10000					
24873	291313	1	1146	世界杯抽奖券	40		1	10000					
24874	291313	1	1002	钻石	5000		1	10000					
24875	291313	1	2022	VIP点数	50		1	10000					
24876	291313	1	80343	突尼斯助威头像框	1		1	10000					
24877	291314	1	1146	世界杯抽奖券	40		1	10000					
24878	291314	1	1002	钻石	5000		1	10000					
24879	291314	1	2022	VIP点数	50		1	10000					
24880	291314	1	80337	卡塔尔助威头像框	1		1	10000					
24881	291315	1	1146	世界杯抽奖券	40		1	10000					
24882	291315	1	1002	钻石	5000		1	10000					
24883	291315	1	2022	VIP点数	50		1	10000					
24884	291315	1	80303	奥地利助威头像框	1		1	10000					
24885	291316	1	1146	世界杯抽奖券	40		1	10000					
24886	291316	1	1002	钻石	5000		1	10000					
24887	291316	1	2022	VIP点数	50		1	10000					
24888	291316	1	80319	法国助威头像框	1		1	10000					
24889	291317	1	1146	世界杯抽奖券	80		1	10000					
24890	291317	1	1002	钻石	10000		1	10000					
24891	291317	1	2022	VIP点数	100		1	10000					
24892	291317	1	15725	约旦聊天表情	1		1	10000					
24893	291318	1	1146	世界杯抽奖券	80		1	10000					
24894	291318	1	1002	钻石	10000		1	10000					
24895	291318	1	2022	VIP点数	100		1	10000					
24896	291318	1	15729	摩洛哥聊天表情	1		1	10000					
24897	291319	1	1146	世界杯抽奖券	80		1	10000					
24898	291319	1	1002	钻石	10000		1	10000					
24899	291319	1	2022	VIP点数	100		1	10000					
24900	291319	1	15705	波黑聊天表情	1		1	10000					
24901	291320	1	1146	世界杯抽奖券	80		1	10000					
24902	291320	1	1002	钻石	10000		1	10000					
24903	291320	1	2022	VIP点数	100		1	10000					
24904	291320	1	15722	海地聊天表情	1		1	10000					
24905	291321	1	1146	世界杯抽奖券	80		1	10000					
24906	291321	1	1002	钻石	10000		1	10000					
24907	291321	1	2022	VIP点数	100		1	10000					
24908	291321	1	15711	佛得角聊天表情	1		1	10000					
24909	291322	1	1146	世界杯抽奖券	80		1	10000					
24910	291322	1	1002	钻石	10000		1	10000					
24911	291322	1	2022	VIP点数	100		1	10000					
24912	291322	1	15710	哥伦比亚聊天表情	1		1	10000					
24913	291323	1	1146	世界杯抽奖券	80		1	10000					
24914	291323	1	1002	钻石	10000		1	10000					
24915	291323	1	2022	VIP点数	100		1	10000					
24916	291323	1	15743	突尼斯聊天表情	1		1	10000					
24917	291324	1	1146	世界杯抽奖券	80		1	10000					
24918	291324	1	1002	钻石	10000		1	10000					
24919	291324	1	2022	VIP点数	100		1	10000					
24920	291324	1	15703	奥地利聊天表情	1		1	10000					
